code,title,slug,url,contributor,game_name,code,stamp,mainboard_type,mainboard_circled_letters,mainboard_panel_position,mainboard_calendar,mainboard_year,mainboard_month,mainboard_week,u1_role,u1_kind,u1_label,u1_manufacturer,u1_calendar,u1_year,u1_month,u1_week,u2_role,u2_kind,u2_label,u2_manufacturer,u2_calendar,u2_year,u2_month,u2_week,u3_role,u3_kind,u3_label,u3_manufacturer,u3_calendar,u3_year,u3_month,u3_week,u4_role,u4_kind,u4_label,u4_manufacturer,u4_calendar,u4_year,u4_month,u4_week,u5_role,u5_kind,u5_label,u5_manufacturer,u5_calendar,u5_year,u5_month,u5_week,u6_role,u6_kind,u6_label,u6_manufacturer,u6_calendar,u6_year,u6_month,u6_week,u7_role,u7_kind,u7_label,u7_manufacturer,u7_calendar,u7_year,u7_month,u7_week,x1_role,x1_kind,x1_label,x1_manufacturer,x1_calendar,x1_year,x1_month,x1_week,battery_kind,battery_label,battery_manufacturer,battery_calendar,battery_year,battery_month,battery_week,dump_crc32,dump_md5,dump_sha1,dump_sha256
AGB-A2CP-0,Entry #1,3615retro-1,https://gbhwdb.gekkio.fi/cartridges/AGB-A2CP-0/3615retro-1.html,3615Retro,"Castlevania - Aria of Sorrow (Europe) (En,Fr,De)",AGB-A2CP-EUR,22,AGB-E11-01,I,L-1,March/2003,2003,March,,ROM,MX23L6406-12C,M031246-M MX23L6406-12C AGB-A2CP-0 I2 2H199408,Macronix,Week 12/2003,2003,,12,RAM,MB85R256,JAPAN MB85R256 0305 M67,Fujitsu,Week 5/2003,2003,,5,,,,,,,,,,,,,,,,,,,,,,,,,,,,,,,,,,,,,,,,,,,,,,,,,,,,,,,,d0c91f74,4a5d8e686d55829d54a03fda8d6887d7,2e8302c2a5a61614749f609d7edc8c3e6af20585,5e53bad137852c55280964c08f8f4a6622ddf332fa0108722a26d462e1f8a92a
AGB-A2FP-0,Entry #1,ikk5-1,https://gbhwdb.gekkio.fi/cartridges/AGB-A2FP-0/ikk5-1.html,ikk5,"Defender - For All Mankind (Europe) (En,Fr,De,Es,It)",AGB-A2FP-EUU,00,AGB-E03-20,MB,D-6,October/2002,2002,October,,ROM,MX23L3206-12B,S024321-M MX23L3206-12B AGB-A2FP-0 H2 2F775301,Macronix,Week 43/2002,2002,,43,EEPROM,9853,9853 2821,ROHM,August/2002,2002,August,,,,,,,,,,,,,,,,,,,,,,,,,,,,,,,,,,,,,,,,,,,,,,,,,,,,,,,,,,,,
AGB-A2NP-0,Entry #1,kurodo-1,https://gbhwdb.gekkio.fi/cartridges/AGB-A2NP-0/kurodo-1.html,Kurodo,"Sonic Advance 2 (Europe) (En,Ja,Fr,De,Es,It)",AGB-A2NP-FAH,41,AGB-E02-20,YG,K-1,October/2002,2002,October,,ROM,MX23L12806-12C,M030838-M MX23L12806-12C AGB-A2NP-0 J2 2F034400,Macronix,Week 8/2003,2003,,8,Flash,SST39VF512-70-4C-WH,39VF512 70-4C-WH 0235069-D,SST,Week 35/2002,2002,,35,,,,,,,,,,,,,,,,,,,,,,,,,,,,,,,,,,,,,,,,,,,,,,,,,,,,,,,,,,,
AGB-A2RP-0,Entry #1,ikk5-1,https://gbhwdb.gekkio.fi/cartridges/AGB-A2RP-0/ikk5-1.html,ikk5,"Bratz (Europe) (En,Fr,De,Es,It)",AGB-A2RP-EUR,09,AGB-E03-20,K,C-1,February/2003,2003,February,,ROM,MR26V3210F,AGB-A2RP-0 H2 R26V3210F-0A9 312A213,OKI,Week 12/2003,2003,,12,EEPROM,9853,9853 3227,ROHM,February/2003,2003,February,,,,,,,,,,,,,,,,,,,,,,,,,,,,,,,,,,,,,,,,,,,,,,,,,,,,,,,,,,,,
AGB-A2XP-0,Entry #1,ikk5-1,https://gbhwdb.gekkio.fi/cartridges/AGB-A2XP-0/ikk5-1.html,ikk5,"MX 2002 Featuring Ricky Carmichael (USA, Europe)",AGB-A2XP-EUR,41,AGB-E01-10,MB,G-6,August/2001,2001,August,,ROM,MX23L3206-12B,S013421-M MX23L3206-12B AGB-A2XP-0 H2 2E515801,Macronix,Week 34/2001,2001,,34,,,,,,,,,,,,,,,,,,,,,,,,,,,,,,,,,,,,,,,,,,,,,,,,,,,,,,,,,,,,,,,,,,,
AGB-A3AP-0,Entry #1,3615retro-1,https://gbhwdb.gekkio.fi/cartridges/AGB-A3AP-0/3615retro-1.html,3615Retro,"Super Mario Advance 3 - Yoshi's Island (Europe) (En,Fr,De,Es,It)",AGB-A3AP-EUR,00,AGB-E03-10,K,B-4,August/2002,2002,August,,ROM,MX23L6406-12C,S023346-M MX23L6406-12C AGB-A3AP-0 I2 2F804400,Macronix,Week 33/2002,2002,,33,EEPROM,9854,9854 2Q17W,ROHM,2002,2002,,,,,,,,,,,,,,,,,,,,,,,,,,,,,,,,,,,,,,,,,,,,,,,,,,,,,,,,,,639e9d3b,5a0bd0ec784823f2c45fdaa5dd914bea,bd52eb4b4ebe438e9b9ecaac792bd389725cde41,c80b956254d01759dda43395b455e4c39abdb8a5335405159ea33680f02e84ee
AGB-A4MP-0,Entry #1,ikk5-1,https://gbhwdb.gekkio.fi/cartridges/AGB-A4MP-0/ikk5-1.html,ikk5,"Manic Miner (Europe) (En,Fr,De,Es,It)",AGB-A4MP-EUR,09,AGB-E01-10,I,F-1,May/2002,2002,May,,ROM,MX23L6406-12B1,M022507-M MX23L6406-12B1 AGB-A4MP-0 I2 2E754600,Macronix,Week 25/2002,2002,,25,,,,,,,,,,,,,,,,,,,,,,,,,,,,,,,,,,,,,,,,,,,,,,,,,,,,,,,,,,,,,,,,,,,
AGB-A5AP-0,Entry #1,3615retro-1,https://gbhwdb.gekkio.fi/cartridges/AGB-A5AP-0/3615retro-1.html,3615Retro,"Bionicle - Matoran Adventures (USA, Europe) (En,Fr,De,Es,It,Nl,Sv,Da)",AGB-A5AP-EUR,00,AGB-E03-10,K,D-3,August/2002,2002,August,,ROM,MX23L3206-12B,S023721-M MX23L3206-12B AGB-A5AP-0 H2 2F744800,Macronix,Week 37/2002,2002,,37,EEPROM,9853,9853 2770,ROHM,July/2002,2002,July,,,,,,,,,,,,,,,,,,,,,,,,,,,,,,,,,,,,,,,,,,,,,,,,,,,,,,,,,daec2264,ed573adeab96072232623aa7cff4f077,a478f5880c484a70a5fdefc42f73aae2eb948168,a0df916402b36c0b605201059e4d7872c4c94d88b43473d270ed3ab6bf56d002
AGB-A6DP-0,Entry #1,ikk5-1,https://gbhwdb.gekkio.fi/cartridges/AGB-A6DP-0/ikk5-1.html,ikk5,"Disney Sports - Football (Soccer) (Europe) (En,Fr,De,Es,It)",AGB-A6DP-EUR,11,AGB-E03-20,MB,M-3,September/2002,2002,September,,ROM,MX23L12806-12C,S024438-M MX23L12806-12C AGB-A6DP-0 J2 2F420800,Macronix,Week 44/2002,2002,,44,EEPROM,9853,9853 2A04,ROHM,October/2002,2002,October,,,,,,,,,,,,,,,,,,,,,,,,,,,,,,,,,,,,,,,,,,,,,,,,,,,,,,,,,,,,
AGB-A7HJ-0,Entry #1,hdr-1,https://gbhwdb.gekkio.fi/cartridges/AGB-A7HJ-0/hdr-1.html,HDR,Harry Potter to Himitsu no Heya (Japan),AGB-A7HJ-JPN,34,AGB-E03-20,MB,P-2,October/2002,2002,October,,ROM,MR26V6413G,AGB-A7HJ-0 I2 R26V6413G-0A9 242A273,OKI,Week 42/2002,2002,,42,EEPROM,9853,9853 2956,ROHM,September/2002,2002,September,,,,,,,,,,,,,,,,,,,,,,,,,,,,,,,,,,,,,,,,,,,,,,,,,,,,,,,,,,,,4402cda973089a4a12b2a77ec681fb977a625a4d9af8b4f0073135a7efa19f42
AGB-A7KE-0,Entry #1,echelonprime-1,https://gbhwdb.gekkio.fi/cartridges/AGB-A7KE-0/echelonprime-1.html,EchelonPrime,Kirby - Nightmare in Dream Land (USA),AGB-A7KE-USA,,AGB-E11-01,I,E-1,July/2003,2003,July,,ROM,MX23L6406-12C,M033646-M MX23L6406-12C AGB-A7KE-0 I2 2H601300,Macronix,Week 36/2003,2003,,36,RAM,MB85R256A,JAPAN MB85R256A 0330 M04,Fujitsu,Week 30/2003,2003,,30,,,,,,,,,,,,,,,,,,,,,,,,,,,,,,,,,,,,,,,,,,,,,,,,,,,,,,,,,,,
AGB-A7KP-0,Entry #1,3615retro-1,https://gbhwdb.gekkio.fi/cartridges/AGB-A7KP-0/3615retro-1.html,3615Retro,"Kirby - Nightmare in Dream Land (Europe) (En,Fr,De,Es,It)",AGB-A7KP-EUR,41,AGB-E11-01,MB,N-1,July/2003,2003,July,,ROM,MX23L12806-12C,M033238-M MX23L12806-12C AGB-A7KP-0 J2 2F459900,Macronix,Week 32/2003,2003,,32,RAM,MB85R256,JAPAN MB85R256 0319 M08,Fujitsu,Week 19/2003,2003,,19,,,,,,,,,,,,,,,,,,,,,,,,,,,,,,,,,,,,,,,,,,,,,,,,,,,,,,,,3b7a7477,6dd162a103fb55ddf99b6e688019354f,39b00beee4558e6738859cfa250e4e0fcaae626e,c9e7ede4f74b291cd0dd1414e7579c613775c0be7836a919609f6354e3e8698a
AGB-A7KP-0,Entry #1,ikk5-1,https://gbhwdb.gekkio.fi/cartridges/AGB-A7KP-0/ikk5-1.html,ikk5,"Kirby - Nightmare in Dream Land (Europe) (En,Fr,De,Es,It)",AGB-A7KP-EUR,22,AGB-E11-01,MB,G-3,July/2003,2003,July,,ROM,MX23L12806-12C,M033238-M MX23L12806-12C AGB-A7KP-0 J2 2F420100,Macronix,Week 32/2003,2003,,32,RAM,MB85R256,JAPAN MB85R256 0319 M79,Fujitsu,Week 19/2003,2003,,19,,,,,,,,,,,,,,,,,,,,,,,,,,,,,,,,,,,,,,,,,,,,,,,,,,,,,,,,,,,
AGB-A88P-0,Entry #1,3615retro-1,https://gbhwdb.gekkio.fi/cartridges/AGB-A88P-0/3615retro-1.html,3615Retro,"Mario & Luigi - Superstar Saga (Europe) (En,Fr,De,Es,It)",AGB-A88P-EUR,09,AGB-E03-20,I,D-4,October/2003,2003,October,,ROM,MX23L12806-12C,S034138-M MX23L12806-12C AGB-A88P-0 J2 2F565800,Macronix,Week 41/2003,2003,,41,EEPROM,9854,9854 3R35W,ROHM,2003,2003,,,,,,,,,,,,,,,,,,,,,,,,,,,,,,,,,,,,,,,,,,,,,,,,,,,,,,,,,,170cc574,3b50b9f9e13e271ead33ee5a234650a9,fa2314c2fbe0db1ab17175f8be7cceb0ab084efc,cc95f813a6721981cf7ea02f577c0c0591ad75d639a1b6a1473f40244ad280d0
AGB-A88P-0,Entry #1,granmastro-1,https://gbhwdb.gekkio.fi/cartridges/AGB-A88P-0/granmastro-1.html,Granmastro,"Mario & Luigi - Superstar Saga (Europe) (En,Fr,De,Es,It)",AGB-A88P-EUR,,AGB-E03-20,CS,A-2,September/2003,2003,September,,ROM,MX23L12806-12C,E034238-M MX23L12806-12C AGB-A88P-0 J2 2F557200,Macronix,Week 42/2003,2003,,42,EEPROM,9854,9854 3S55W,ROHM,2003,2003,,,,,,,,,,,,,,,,,,,,,,,,,,,,,,,,,,,,,,,,,,,,,,,,,,,,,,,,,,,,,
AGB-A88P-0,Entry #1,ikk5-1,https://gbhwdb.gekkio.fi/cartridges/AGB-A88P-0/ikk5-1.html,ikk5,"Mario & Luigi - Superstar Saga (Europe) (En,Fr,De,Es,It)",AGB-A88P-EUR,09,AGB-E03-20,CS,A-3,October/2003,2003,October,,ROM,MX23L12806-12C,S034738-M MX23L12806-12C AGB-A88P-0 J2 2I881401,Macronix,Week 47/2003,2003,,47,EEPROM,9854,9854 3T41W,ROHM,2003,2003,,,,,,,,,,,,,,,,,,,,,,,,,,,,,,,,,,,,,,,,,,,,,,,,,,,,,,,,,,,,,
AGB-A8BP-0,Entry #1,ikk5-1,https://gbhwdb.gekkio.fi/cartridges/AGB-A8BP-0/ikk5-1.html,ikk5,Medabots - Metabee (Europe),AGB-A8BP-EUR,22,AGB-E03-10,I,H-1,September/2002,2002,September,,ROM,MX23L6406-12B1,E024007-M MX23L6406-12B1 AGB-A8BP-0 I2 2G451000,Macronix,Week 40/2002,2002,,40,EEPROM,9854,9854 2R45W,ROHM,2002,2002,,,,,,,,,,,,,,,,,,,,,,,,,,,,,,,,,,,,,,,,,,,,,,,,,,,,,,,,,,,,,
AGB-A9BP-0,Entry #1,ikk5-1,https://gbhwdb.gekkio.fi/cartridges/AGB-A9BP-0/ikk5-1.html,ikk5,Medabots - Rokusho (Europe),AGB-A9BP-EUR,22,AGB-E03-10,I,G-3,September/2002,2002,September,,ROM,MX23L6406-12B1,E024007-M MX23L6406-12B1 AGB-A9BP-0 I2 2G450200,Macronix,Week 40/2002,2002,,40,EEPROM,9854,9854 2S51W,ROHM,2002,2002,,,,,,,,,,,,,,,,,,,,,,,,,,,,,,,,,,,,,,,,,,,,,,,,,,,,,,,,,,,,,
AGB-A9NX-0,Entry #1,ikk5-1,https://gbhwdb.gekkio.fi/cartridges/AGB-A9NX-0/ikk5-1.html,ikk5,"Piglet's Big Game (Europe) (En,Fr,De,Es,It,Nl)",AGB-A9NX-EUU,41 E4,AGB-E01-41,I,F-6,April/2006,2006,April,,ROM,MX23L6406-12C,B061746-MG MX23L6406-12C AGB-A9NX-0 I2 2O800403,Macronix,Week 17/2006,2006,,17,,,,,,,,,,,,,,,,,,,,,,,,,,,,,,,,,,,,,,,,,,,,,,,,,,,,,,,,,,,,,,,,,,,
AGB-AA2P-0,Entry #1,3615retro-1,https://gbhwdb.gekkio.fi/cartridges/AGB-AA2P-0/3615retro-1.html,3615Retro,"Super Mario Advance 2 - Super Mario World (Europe) (En,Fr,De,Es)",AGB-AA2P-EUR,13,AGB-E03-10,I,K-4,July/2002,2002,July,,ROM,MX23L3206-12B,E023621-M MX23L3206-12B AGB-AA2P-0 H2 2F374200,Macronix,Week 36/2002,2002,,36,EEPROM,9854,9854 2R48W,ROHM,2002,2002,,,,,,,,,,,,,,,,,,,,,,,,,,,,,,,,,,,,,,,,,,,,,,,,,,,,,,,,,,fcfef343,f877b87f140945ad93cfce50411507c0,199a5a01bd3f56fba9a701062edbcf57e1528a0c,c8ed7c3bbb9b440a7b15b9e79e8e5aa1c3e830f54c168488f1bfbd1cdc58a6e6
AGB-AA2P-0,Entry #1,ikk5-1,https://gbhwdb.gekkio.fi/cartridges/AGB-AA2P-0/ikk5-1.html,ikk5,"Super Mario Advance 2 - Super Mario World (Europe) (En,Fr,De,Es)",AGB-AA2P-EUR,07,AGB-E03-20,MB,F-5,October/2002,2002,October,,ROM,AC23V32101,HYNIX AC23V32101 AGB-AA2P-0 H2 3AA1230,Hynix,,,,,EEPROM,9854,9854 2S50W,ROHM,2002,2002,,,,,,,,,,,,,,,,,,,,,,,,,,,,,,,,,,,,,,,,,,,,,,,,,,,,,,,,,,,,,
AGB-AA6P-0,Entry #1,ikk5-1,https://gbhwdb.gekkio.fi/cartridges/AGB-AA6P-0/ikk5-1.html,ikk5,"Sum of All Fears, The (Europe) (En,Fr,De,Es,It)",AGB-AA6P-EUR,09,AGB-E03-10,MB,H-3,July/2002,2002,July,,ROM,MX23L6406-12C,S023246-M MX23L6406-12C AGB-AA6P-0 I2 2F804101,Macronix,Week 32/2002,2002,,32,EEPROM,9853,9853 2768,ROHM,July/2002,2002,July,,,,,,,,,,,,,,,,,,,,,,,,,,,,,,,,,,,,,,,,,,,,,,,,,,,,,,,,,,,,
AGB-AA9P-0,Entry #1,granmastro-1,https://gbhwdb.gekkio.fi/cartridges/AGB-AA9P-0/granmastro-1.html,Granmastro,"Duel Masters - Sempai Legends (Europe) (En,Fr,De,Es,It)",AGB-AA9P-EUR,10,AGB-E03-20,A,S-2,July/2004,2004,July,,ROM,MX23L6406-12C,S043646-M MX23L6406-12C AGB-AA9P-0 I2 2J426700,Macronix,Week 36/2004,2004,,36,EEPROM,9853,9853 4595,ROHM,May/2004,2004,May,,,,,,,,,,,,,,,,,,,,,,,,,,,,,,,,,,,,,,,,,,,,,,,,,,,,,,,,,,,,
AGB-AAMP-0,Entry #1,3615retro-1,https://gbhwdb.gekkio.fi/cartridges/AGB-AAMP-0/3615retro-1.html,3615Retro,Castlevania (Europe),AGB-AAMP-EUR-1,41,AGB-E06-01,MB,L-5,May/2001,2001,May,,ROM,MX23L6406-12B,S012407-M MX23L6406-12B AGB-AAMP-0 I2 2E255601,Macronix,Week 24/2001,2001,,24,RAM,GM76V256CLLFW10,HYUNDAI GM76V256CLLFW10 0115 KOREA,Hyundai,Week 15/2001,2001,,15,Supervisor & Reset,SN74LV2416,LV2416 13M A8R3,Texas Instruments,March/2001,2001,March,,,,,,,,,,,,,,,,,,,,,,,,,,,,,,,,,,,,,,,,,,CR1616,,,,,,,611535dc,b7b0e7a5f8e8bd22ac9f5766d1acef56,a127e0c62ce61cd72661a1af6f0bda18bcad26b3,f2a7d5dca15d5a0f11cc4135517b5ddb4d76d522bac6f40b38b76439dafd2292
AGB-ABMP-0,Entry #1,ikk5-1,https://gbhwdb.gekkio.fi/cartridges/AGB-ABMP-0/ikk5-1.html,ikk5,"Super Bust-A-Move (Europe) (En,Fr,De,Es,It)",AGB-ABMP-EUR,11,AGB-E01-30,I,O-6,November/2003,2003,November,,ROM,MX23L3206-12B,S040821-M MX23L3206-12B AGB-ABMP-0 H2 2J128502,Macronix,Week 8/2004,2004,,8,,,,,,,,,,,,,,,,,,,,,,,,,,,,,,,,,,,,,,,,,,,,,,,,,,,,,,,,,,,,,,,,,,,
AGB-ABQP-0,Entry #1,ikk5-1,https://gbhwdb.gekkio.fi/cartridges/AGB-ABQP-0/ikk5-1.html,ikk5,"David Beckham Soccer (Europe) (En,Fr,De,Es,It)",AGB-ABQP-EUR,08,AGB-E03-10,K,H-2,October/2001,2001,October,,ROM,MX23L3206-12B,S014421-M MX23L3206-12B AGB-ABQP-0 H2 2E406402B0,Macronix,Week 44/2001,2001,,44,EEPROM,9853,9853 1A27,ROHM,October/2001,2001,October,,,,,,,,,,,,,,,,,,,,,,,,,,,,,,,,,,,,,,,,,,,,,,,,,,,,,,,,,,,,
AGB-ABVP-0,Entry #1,ikk5-1,https://gbhwdb.gekkio.fi/cartridges/AGB-ABVP-0/ikk5-1.html,ikk5,"Maya the Bee - The Great Adventure (Europe) (En,Fr,De,Es,It)",AGB-ABVP-EUR,13,AGB-E01-10,K,J-3,February/2002,2002,February,,ROM,MX23L3206-12B,S020821-M MX23L3206-12B AGB-ABVP-0 H2 2F364300,Macronix,Week 8/2002,2002,,8,,,,,,,,,,,,,,,,,,,,,,,,,,,,,,,,,,,,,,,,,,,,,,,,,,,,,,,,,,,,,,,,,,,
AGB-AC6P-0,Entry #1,ikk5-1,https://gbhwdb.gekkio.fi/cartridges/AGB-AC6P-0/ikk5-1.html,ikk5,Spirit - Stallion of the Cimarron - Search for Homeland (Europe),AGB-AC6P-UKV,08,AGB-E01-10,CM,A-2,April/2002,2002,April,,ROM,MR26V3210F,AGB-AC6P-0 H2 R26V3210F-061 2205211,OKI,Week 20/2002,2002,,20,,,,,,,,,,,,,,,,,,,,,,,,,,,,,,,,,,,,,,,,,,,,,,,,,,,,,,,,,,,,,,,,,,,
AGB-ACGP-0,Entry #1,ikk5-1,https://gbhwdb.gekkio.fi/cartridges/AGB-ACGP-0/ikk5-1.html,ikk5,Columns Crown (Europe),AGB-ACGP-UKV,34,AGB-E03-10,I,E-5,October/2001,2001,October,,ROM,MX23L6406-12B,M014307-M MX23L6406-12B AGB-ACGP-0 I2 2E280000,Macronix,Week 43/2001,2001,,43,EEPROM,9853,9853 1A27,ROHM,October/2001,2001,October,,,,,,,,,,,,,,,,,,,,,,,,,,,,,,,,,,,,,,,,,,,,,,,,,,,,,,,,,,,,
AGB-ACPP-0,Entry #1,ikk5-1,https://gbhwdb.gekkio.fi/cartridges/AGB-ACPP-0/ikk5-1.html,ikk5,"Caesars Palace Advance - Millennium Gold Edition (USA, Europe)",AGB-ACPP-UKV,20,AGB-E01-10,K,M-5,October/2001,2001,October,,ROM,MX23L6406-12B,M015207-M MX23L6406-12B AGB-ACPP-0 I2 2E322902,Macronix,Week 52/2001,2001,,52,,,,,,,,,,,,,,,,,,,,,,,,,,,,,,,,,,,,,,,,,,,,,,,,,,,,,,,,,,,,,,,,,,,
AGB-ACQP-0,Entry #1,granmastro-1,https://gbhwdb.gekkio.fi/cartridges/AGB-ACQP-0/granmastro-1.html,Granmastro,"Crash Bandicoot XS (Europe) (En,Fr,De,Es,It,Nl)",AGB-ACQP-EUR,,AGB-E03-20,I,F-2,October/2004,2004,October,,ROM,MR26V6415G,AGB-ACQP-0 I2 R26V6415G-0L0 442A248,OKI,Week 42/2004,2004,,42,EEPROM,9853,9853 4944,ROHM,September/2004,2004,September,,,,,,,,,,,,,,,,,,,,,,,,,,,,,,,,,,,,,,,,,,,,,,,,,,,,,,,,,,,,
AGB-ACTY-0,Entry #1,ikk5-1,https://gbhwdb.gekkio.fi/cartridges/AGB-ACTY-0/ikk5-1.html,ikk5,"Creatures (Europe) (En,Es,It)",AGB-ACTY-EUU,22,AGB-E03-10,K,O-5,October/2001,2001,October,,ROM,MX23L3206-12B,S014721-M MX23L3206-12B AGB-ACTY-0 H2 2F214700,Macronix,Week 47/2001,2001,,47,EEPROM,9854,9854 1U23W,ROHM,2001,2001,,,,,,,,,,,,,,,,,,,,,,,,,,,,,,,,,,,,,,,,,,,,,,,,,,,,,,,,,,,,,
AGB-AD7P-0,Entry #1,ikk5-1,https://gbhwdb.gekkio.fi/cartridges/AGB-AD7P-0/ikk5-1.html,ikk5,"Droopy's Tennis Open (Europe) (En,Fr,De,Es,It,Nl)",AGB-AD7P-EUR,22,AGB-E01-10,CM,A-2,May/2002,2002,May,,ROM,MX23L3206-12B,E022421-M MX23L3206-12B AGB-AD7P-0 H2 2F364100,Macronix,Week 24/2002,2002,,24,,,,,,,,,,,,,,,,,,,,,,,,,,,,,,,,,,,,,,,,,,,,,,,,,,,,,,,,,,,,,,,,,,,
AGB-ADKP-0,Entry #1,ikk5-1,https://gbhwdb.gekkio.fi/cartridges/AGB-ADKP-0/ikk5-1.html,ikk5,"Donald Duck Advance (Europe) (En,Fr,De,Es,It)",AGB-ADKP-EUR,22,AGB-E01-10,K,H-1,September/2001,2001,September,,ROM,MX23L6406-12B,S013807-M MX23L6406-12B AGB-ADKP-0 I2 2E592600,Macronix,Week 38/2001,2001,,38,,,,,,,,,,,,,,,,,,,,,,,,,,,,,,,,,,,,,,,,,,,,,,,,,,,,,,,,,,,,,,,,,,,
AGB-ADLP-0,Entry #1,ikk5-1,https://gbhwdb.gekkio.fi/cartridges/AGB-ADLP-0/ikk5-1.html,ikk5,"Dexter's Laboratory - Deesaster Strikes! (Europe) (En,Fr,De,Es,It)",AGB-ADLP-EUR,09,AGB-E03-10,I,J-4,October/2001,2001,October,,ROM,MX23L3206-12B,M014621-M MX23L3206-12B AGB-ADLP-0 H2 2F214701B0,Macronix,Week 46/2001,2001,,46,EEPROM,9853,9853 1A64,ROHM,October/2001,2001,October,,,,,,,,,,,,,,,,,,,,,,,,,,,,,,,,,,,,,,,,,,,,,,,,,,,,,,,,,,,,
AGB-ADWP-0,Entry #1,ikk5-1,https://gbhwdb.gekkio.fi/cartridges/AGB-ADWP-0/ikk5-1.html,ikk5,"Downforce (Europe) (En,Fr,De,Es,It)",AGB-ADWP-EUR,13,AGB-E01-10,K,A-5,February/2002,2002,February,,ROM,MX23L3206-12B,S021221-M MX23L3206-12B AGB-ADWP-0 H2 2F230201,Macronix,Week 12/2002,2002,,12,,,,,,,,,,,,,,,,,,,,,,,,,,,,,,,,,,,,,,,,,,,,,,,,,,,,,,,,,,,,,,,,,,,
AGB-AEME-0,Entry #1,ikk5-1,https://gbhwdb.gekkio.fi/cartridges/AGB-AEME-0/ikk5-1.html,ikk5,"Egg Mania (USA) (En,Fr,Es)",AGB-AEME-USA,22,AGB-E01-30,I,B-1,September/2003,2003,September,,ROM,MX23L3206-12B,M033821-M MX23L3206-12B AGB-AEME-0 H2 2I034700,Macronix,Week 38/2003,2003,,38,,,,,,,,,,,,,,,,,,,,,,,,,,,,,,,,,,,,,,,,,,,,,,,,,,,,,,,,,,,,,,,,,,,
AGB-AEPP-0,Entry #1,ikk5-1,https://gbhwdb.gekkio.fi/cartridges/AGB-AEPP-0/ikk5-1.html,ikk5,"Sheep (Europe) (En,Fr,De,Es,It)",AGB-AEPP-EUR,01,AGB-E03-10,I,N-1,April/2002,2002,April,,ROM,MX23L3206-12B,S021721-M MX23L3206-12B AGB-AEPP-0 H2 2F539801,Macronix,Week 17/2002,2002,,17,EEPROM,9854,9854 2E17W,ROHM,2002,2002,,,,,,,,,,,,,,,,,,,,,,,,,,,,,,,,,,,,,,,,,,,,,,,,,,,,,,,,,,,,,
AGB-AETP-0,Entry #1,ikk5-1,https://gbhwdb.gekkio.fi/cartridges/AGB-AETP-0/ikk5-1.html,ikk5,"E.T. - The Extra-Terrestrial (Europe) (En,Fr,De,Es,It,Nl)",AGB-AETP-EUR,13,AGB-E01-10,MB,O-5,January/2002,2002,January,,ROM,MX23L3206-12B,S020521-M MX23L3206-12B AGB-AETP-0 H2 2F421700B0,Macronix,Week 5/2002,2002,,5,,,,,,,,,,,,,,,,,,,,,,,,,,,,,,,,,,,,,,,,,,,,,,,,,,,,,,,,,,,,,,,,,,,
AGB-AEVP-0,Entry #1,ikk5-1,https://gbhwdb.gekkio.fi/cartridges/AGB-AEVP-0/ikk5-1.html,ikk5,"Alienators - Evolution Continues (USA, Europe)",AGB-AEVP-EUR,20,AGB-E01-10,K,T-2,October/2001,2001,October,,ROM,MX23L3206-12B,M014221-M MX23L3206-12B AGB-AEVP-0 H2 2E540501B0,Macronix,Week 42/2001,2001,,42,,,,,,,,,,,,,,,,,,,,,,,,,,,,,,,,,,,,,,,,,,,,,,,,,,,,,,,,,,,,,,,,,,,
AGB-AF5P-0,Entry #1,3615retro-1,https://gbhwdb.gekkio.fi/cartridges/AGB-AF5P-0/3615retro-1.html,3615Retro,"Shining Force - Resurrection of the Dark Dragon (Europe) (En,Fr,De,Es,It)",AGB-AF5P-EUR,09,AGB-Y11-01,I,K-5,March/2004,2004,March,,ROM,MX23L12806-12C,S041138-M MX23L12806-12C AGB-AF5P-0 J2 2J418700,Macronix,Week 11/2004,2004,,11,RAM,MB85R256A,JAPAN MB85R256A 0401 M82,Fujitsu,Week 1/2004,2004,,1,,,,,,,,,,,,,,,,,,,,,,,,,,,,,,,,,,,,,,,,,,,,,,,,,,,,,,,,07b06994,17a986af456ed994f556f23c330666a8,cbe41fbe05e3212c301487a87f6a654c2814196e,8a8485e100d9747e44e3a4255058af7cc2a425709a7172fcddd05ad87cc2c1e1
AGB-AFGP-0,Entry #1,3615retro-1,https://gbhwdb.gekkio.fi/cartridges/AGB-AFGP-0/3615retro-1.html,3615Retro,"American Tail, An - Fievel's Gold Rush (Europe) (En,Fr,De,Es,It)",AGB-AFGP-EUR,09,AGB-E01-10,K,C-4,October/2001,2001,October,,ROM,MR26V3210F,AGB-AFGP-0 H2 R26V3210F-030 1525215,OKI,Week 52/2001,2001,,52,,,,,,,,,,,,,,,,,,,,,,,,,,,,,,,,,,,,,,,,,,,,,,,,,,,,,,,,,,,,,,,,c8ea6d9e,2d434f2b0392f91f7715841a122621c1,ab6e8646b352e54eaae2e00101ea7fd378af0e5e,a9a19e88bae1438d3c08e61df3c5b70289216b554340ba428c314c6dfd5b9497
AGB-AFLP-0,Entry #1,ikk5-1,https://gbhwdb.gekkio.fi/cartridges/AGB-AFLP-0/ikk5-1.html,ikk5,"FILA Decathlon (Europe) (En,Fr,De,Es,It,Sv)",AGB-AFLP-EUR,08,AGB-E03-10,MB,H-5,February/2002,2002,February,,ROM,MR26V3210F,AGB-AFLP-0 H2 R26V3210F-052 2095211,OKI,Week 9/2002,2002,,9,EEPROM,9853,9853 1C24,ROHM,December/2001,2001,December,,,,,,,,,,,,,,,,,,,,,,,,,,,,,,,,,,,,,,,,,,,,,,,,,,,,,,,,,,,,
AGB-AFTP-0,Entry #1,ikk5-1,https://gbhwdb.gekkio.fi/cartridges/AGB-AFTP-0/ikk5-1.html,ikk5,"F-14 Tomcat (USA, Europe)",AGB-AFTP-UKV,41,AGB-E01-10,MB,E-1,November/2001,2001,November,,ROM,MX23L3206-12B,M015221-M MX23L3206-12B AGB-AFTP-0 H2 2F195900,Macronix,Week 52/2001,2001,,52,,,,,,,,,,,,,,,,,,,,,,,,,,,,,,,,,,,,,,,,,,,,,,,,,,,,,,,,,,,,,,,,,,,
AGB-AFTP-0,Entry #1,missingno-force-1,https://gbhwdb.gekkio.fi/cartridges/AGB-AFTP-0/missingno-force-1.html,Missingno_force,"F-14 Tomcat (USA, Europe)",AGB-AFTP-UKV,41,AGB-E01-10,MB,M-2,November/2001,2001,November,,ROM,MX23L3206-12B,S015221-M MX23L3206-12B AGB-AFTP-0 H2 2E469700,Macronix,Week 52/2001,2001,,52,,,,,,,,,,,,,,,,,,,,,,,,,,,,,,,,,,,,,,,,,,,,,,,,,,,,,,,,,,,,,,,,,,,
AGB-AFXP-0,Entry #1,granmastro-1,https://gbhwdb.gekkio.fi/cartridges/AGB-AFXP-0/granmastro-1.html,Granmastro,"Final Fantasy Tactics Advance (Europe) (En,Fr,De,Es,It)",AGB-AFXP-EUR,22,AGB-E02-20,K,B-4,September/2003,2003,September,,ROM,MX23L12806-12C,S033538-M MX23L12806-12C AGB-AFXP-0 J2 2F484402,Macronix,Week 35/2003,2003,,35,Flash,SST39VF512-70-4C-WH,39VF512 70-4C-WH 0238121-D,SST,Week 38/2002,2002,,38,,,,,,,,,,,,,,,,,,,,,,,,,,,,,,,,,,,,,,,,,,,,,,,,,,,,,,,,,,,
AGB-AFXP-0,Entry #1,ikk5-1,https://gbhwdb.gekkio.fi/cartridges/AGB-AFXP-0/ikk5-1.html,ikk5,"Final Fantasy Tactics Advance (Europe) (En,Fr,De,Es,It)",AGB-AFXP-EUR,08,AGB-E02-20,MB,A-3,August/2003,2003,August,,ROM,MX23L12806-12C,S033538-M MX23L12806-12C AGB-AFXP-0 J2 2F478400,Macronix,Week 35/2003,2003,,35,Flash,SST39VF512-70-4C-WH,39VF512 70-4C-WH 0321093-D,SST,Week 21/2003,2003,,21,,,,,,,,,,,,,,,,,,,,,,,,,,,,,,,,,,,,,,,,,,,,,,,,,,,,,,,,,,,
AGB-AFZP-0,Entry #1,3615retro-1,https://gbhwdb.gekkio.fi/cartridges/AGB-AFZP-0/3615retro-1.html,3615Retro,"F-Zero - Maximum Velocity (USA, Europe)",AGB-AFZP-EUR,22,AGB-E06-01,MB,E-3,April/2001,2001,April,,ROM,MX23L3206-12B,S011621-M MX23L3206-12B AGB-AFZP-0 H2 2D982500,Macronix,Week 16/2001,2001,,16,RAM,GM76V256CLLFW10,HYUNDAI GM76V256CLLFW10 0109 KOREA,Hyundai,Week 9/2001,2001,,9,Supervisor & Reset,SN74LV2416,LV2416 0CM A73E,Texas Instruments,December/2000,2000,December,,,,,,,,,,,,,,,,,,,,,,,,,,,,,,,,,,,,,,,,,,CR1616,,,,,,,bd5e9798,55c14323547aa4f83e5eede98d0417f3,8a08e29ec987f9cbdde21c34d5f7657aa7ba0be6,50c211f4299818f7c61f5e7ad521e1e086d039452773835c8584be7c65c29560
AGB-AGAP-0,Entry #1,3615retro-1,https://gbhwdb.gekkio.fi/cartridges/AGB-AGAP-0/3615retro-1.html,3615Retro,Gradius Advance (Europe),AGB-AGAP-EUR,00,AGB-E03-10,MB,P-6,September/2001,2001,September,,ROM,MX23L3206-12B,S013821-M MX23L3206-12B AGB-AGAP-0 H2 2E510202,Macronix,Week 38/2001,2001,,38,EEPROM,9853,9853 1968,ROHM,September/2001,2001,September,,,,,,,,,,,,,,,,,,,,,,,,,,,,,,,,,,,,,,,,,,,,,,,,,,,,,,,,,3722bdfa,1227eebff87a8b9d5e713e20cddcb468,1f28db5ac70ae11b2f3414369d1be73accb36f3b,1c97e01bd0a38a2c659dec73e5f263df4c8b49545065e1273e7eaec33650dbc1
AGB-AGFF-0,Entry #1,kurodo-1,https://gbhwdb.gekkio.fi/cartridges/AGB-AGFF-0/kurodo-1.html,Kurodo,Golden Sun - L'Age Perdu (France),AGB-AGFF-FRA,20,AGB-E02-20,I,J-3,June/2003,2003,June,,ROM,MX23L12806-12C,M033138-M MX23L12806-12C AGB-AGFF-0 J2 2F391900,Macronix,Week 31/2003,2003,,31,Flash,SST39VF512-70-4C-WH,39VF512 70-4C-WH 0238121-D,SST,Week 38/2002,2002,,38,,,,,,,,,,,,,,,,,,,,,,,,,,,,,,,,,,,,,,,,,,,,,,,,,,,,,,,,,,,
AGB-AGFI-0,Entry #1,granmastro-1,https://gbhwdb.gekkio.fi/cartridges/AGB-AGFI-0/granmastro-1.html,Granmastro,Golden Sun - L'Era Perduta (Italy),AGB-AGFI-ITA,12,AGB-E02-20,I,M-3,October/2003,2003,October,,ROM,MX23L12806-12C,S034138-M MX23L12806-12C AGB-AGFI-0 J2 2F660105,Macronix,Week 41/2003,2003,,41,Flash,SST39VF512-70-4C-WH,39VF512 70-4C-WH 0120019-D,SST,Week 20/2001,2001,,20,,,,,,,,,,,,,,,,,,,,,,,,,,,,,,,,,,,,,,,,,,,,,,,,,,,,,,,,,,,
AGB-AGPP-0,Entry #1,3615retro-1,https://gbhwdb.gekkio.fi/cartridges/AGB-AGPP-0/3615retro-1.html,3615Retro,"No Rules - Get Phat (USA, Europe) (En,Fr,De,Es,It,Nl)",AGB-AGPP-EUR,09,AGB-E01-10,K,J-5,October/2001,2001,October,,ROM,MX23L6406-12B,M014207-M MX23L6406-12B AGB-AGPP-0 I2 2E455300,Macronix,Week 42/2001,2001,,42,,,,,,,,,,,,,,,,,,,,,,,,,,,,,,,,,,,,,,,,,,,,,,,,,,,,,,,,,,,,,,,,966fa650,01fd699b39a0ca8e84226f18cf8baee7,cb6f269ee34b1f93ec0cbf71549e2a83278665e5,be62ab9319f622efb86194af46a4d821942e3c1d9064826d7e7a943c58f3db7f
AGB-AGSF-0,Entry #1,3615retro-1,https://gbhwdb.gekkio.fi/cartridges/AGB-AGSF-0/3615retro-1.html,3615Retro,Golden Sun (France),AGB-AGSF-FRA,08,AGB-E02-10,YG,J-1,June/2002,2002,June,,ROM,MX23L6406-12B1,M022807-M MX23L6406-12B1 AGB-AGSF-0 I2 2E825103,Macronix,Week 28/2002,2002,,28,Flash,SST39VF512-70-4C-WH,39VF512 70-4C-WH 0216049-D,SST,Week 16/2002,2002,,16,,,,,,,,,,,,,,,,,,,,,,,,,,,,,,,,,,,,,,,,,,,,,,,,,,,,,,,,f6521161,6540572ab503358a399861c909ee2012,42f3b262c16cfc5bde1fa2b25016fb74046de1b3,5eb59f508c25548fb0ef72911cc75a81867f16b0ef8fca2a22cb6d026a862cd8
AGB-AGSF-0,Entry #1,kurodo-1,https://gbhwdb.gekkio.fi/cartridges/AGB-AGSF-0/kurodo-1.html,Kurodo,Golden Sun (France),AGB-AGSF-FRA,41,AGB-E02-10,I,L-2,December/2001,2001,December,,ROM,MX23L6406-12B,M015207-M MX23L6406-12B AGB-AGSF-0 I2 2E602700,Macronix,Week 52/2001,2001,,52,Flash,SST39VF512-70-4C-WH,39VF512 70-4C-WH 0130045-D,SST,Week 30/2001,2001,,30,,,,,,,,,,,,,,,,,,,,,,,,,,,,,,,,,,,,,,,,,,,,,,,,,,,,,,,,,,,
AGB-AGSI-0,Entry #1,granmastro-1,https://gbhwdb.gekkio.fi/cartridges/AGB-AGSI-0/granmastro-1.html,Granmastro,Golden Sun (Italy),AGB-AGSI-ITA,,AGB-E02-10,I,C-1,February/2002,2002,February,,ROM,MX23L6406-12B,E020707-M MX23L6406-12B AGB-AGSI-0 I2 2E621700,Macronix,Week 7/2002,2002,,7,Flash,SST39VF512-70-4C-WH,39VF512 70-4C-WH 0132015-D,SST,Week 32/2001,2001,,32,,,,,,,,,,,,,,,,,,,,,,,,,,,,,,,,,,,,,,,,,,,,,,,,,,,,,,,,,,,
AGB-AH3P-0,Entry #1,3615retro-1,https://gbhwdb.gekkio.fi/cartridges/AGB-AH3P-0/3615retro-1.html,3615Retro,"Hamtaro - Ham-Ham Heartbreak (Europe) (En,Fr,De,Es,It)",AGB-AH3P-EUR,09,AGB-E11-01,MB,A-4,April/2003,2003,April,,ROM,MX23L12806-12C,S031938-M MX23L12806-12C AGB-AH3P-0 J2 2F337900,Macronix,Week 19/2003,2003,,19,RAM,MB85R256,JAPAN MB85R256 0316 M10,Fujitsu,Week 16/2003,2003,,16,,,,,,,,,,,,,,,,,,,,,,,,,,,,,,,,,,,,,,,,,,,,,,,,,,,,,,,,ecbd80ea,5b565a961547d6d0980c57e2529130e1,b016328e4880f0413b9335c95758ba9c09e53710,401968322b3245381da64dab35bdaacb3f82a404425c584867f00c45e469ffd8
AGB-AHJP-0,Entry #1,ikk5-1,https://gbhwdb.gekkio.fi/cartridges/AGB-AHJP-0/ikk5-1.html,ikk5,"Hugo - The Evil Mirror (Europe) (En,Fr,De,Es,It,Nl,Pt,Sv,No,Da,Fi,Pl)",AGB-AHJP-EUR,09,AGB-E03-20,I,E-3,November/2004,2004,November,,ROM,MR26V3211F,AGB-AHJP-0 H2 R26V3211F-02D 509ABA2J,OKI,Week 9/2005,2005,,9,EEPROM,9853,9853 4C81,ROHM,December/2004,2004,December,,,,,,,,,,,,,,,,,,,,,,,,,,,,,,,,,,,,,,,,,,,,,,,,,,,,,,,,,,,,
AGB-AHOP-0,Entry #1,ikk5-1,https://gbhwdb.gekkio.fi/cartridges/AGB-AHOP-0/ikk5-1.html,ikk5,"Mat Hoffman's Pro BMX (USA, Europe)",AGB-AHOP-EUR,22,AGB-E03-10,MB,D-1,October/2001,2001,October,,ROM,MX23L3206-12B,S014021-M MX23L3206-12B AGB-AHOP-0 H2 2E175701,Macronix,Week 40/2001,2001,,40,EEPROM,9853,9853 1A76,ROHM,October/2001,2001,October,,,,,,,,,,,,,,,,,,,,,,,,,,,,,,,,,,,,,,,,,,,,,,,,,,,,,,,,,,,,
AGB-AIAP-0,Entry #1,ikk5-1,https://gbhwdb.gekkio.fi/cartridges/AGB-AIAP-0/ikk5-1.html,ikk5,"Ice Age (Europe) (En,Fr,De,Es,It)",AGB-AIAP-EUR,09,AGB-E01-30,K,G-6,December/2003,2003,December,,ROM,MX23L3206-12B,E040521-M MX23L3206-12B AGB-AIAP-0 H2 2I727800,Macronix,Week 5/2004,2004,,5,,,,,,,,,,,,,,,,,,,,,,,,,,,,,,,,,,,,,,,,,,,,,,,,,,,,,,,,,,,,,,,,,,,
AGB-AIFP-0,Entry #1,ikk5-1,https://gbhwdb.gekkio.fi/cartridges/AGB-AIFP-0/ikk5-1.html,ikk5,"Tom and Jerry in Infurnal Escape (Europe) (En,Fr,De,Es,It)",AGB-AIFP-EUR,19,AGB-E01-20,I,J-5,February/2003,2003,February,,ROM,MX23L6406-12C,M031146-M MX23L6406-12C AGB-AIFP-0 I2 2G553000,Macronix,Week 11/2003,2003,,11,,,,,,,,,,,,,,,,,,,,,,,,,,,,,,,,,,,,,,,,,,,,,,,,,,,,,,,,,,,,,,,,,,,
AGB-AIGP-0,Entry #1,ikk5-1,https://gbhwdb.gekkio.fi/cartridges/AGB-AIGP-0/ikk5-1.html,ikk5,"Inspector Gadget - Advance Mission (Europe) (En,Fr,De,Es,It,Nl)",AGB-AIGP-EUR-1,15,AGB-E01-40,I,R-2,February/2004,2004,February,,ROM,MX23L3206-12B,M022421-M MX23L3206-12B AGB-AIGP-0 H2 2E326900,Macronix,Week 24/2002,2002,,24,,,,,,,,,,,,,,,,,,,,,,,,,,,,,,,,,,,,,,,,,,,,,,,,,,,,,,,,,,,,,,,,,,,
AGB-AJGP-0,Entry #1,ikk5-1,https://gbhwdb.gekkio.fi/cartridges/AGB-AJGP-0/ikk5-1.html,ikk5,"Tarzan - Return to the Jungle (USA, Europe)",AGB-AJGP-EUR,22,AGB-E03-10,K,C-4,September/2002,2002,September,,ROM,MX23L6406-12C,S024046-M MX23L6406-12C AGB-AJGP-0 I2 2G296600,Macronix,Week 40/2002,2002,,40,EEPROM,9853,9853 2A01,ROHM,October/2002,2002,October,,,,,,,,,,,,,,,,,,,,,,,,,,,,,,,,,,,,,,,,,,,,,,,,,,,,,,,,,,,,
AGB-AK8P-0,Entry #1,ikk5-1,https://gbhwdb.gekkio.fi/cartridges/AGB-AK8P-0/ikk5-1.html,ikk5,"Medabots AX - Metabee Ver. (Europe) (En,Fr,De,Es,It)",AGB-AK8P-EUR,08,AGB-E03-10,K,R-5,July/2002,2002,July,,ROM,MX23L6406-12B1,M022307-M MX23L6406-12B1 AGB-AK8P-0 I2 2E674000,Macronix,Week 23/2002,2002,,23,EEPROM,9853,9853 2658,ROHM,June/2002,2002,June,,,,,,,,,,,,,,,,,,,,,,,,,,,,,,,,,,,,,,,,,,,,,,,,,,,,,,,,,,,,
AGB-AK8P-0,Entry #1,kurodo-1,https://gbhwdb.gekkio.fi/cartridges/AGB-AK8P-0/kurodo-1.html,Kurodo,"Medabots AX - Metabee Ver. (Europe) (En,Fr,De,Es,It)",AGB-AK8P-EUR,10,AGB-E03-10,K,S-4,May/2002,2002,May,,ROM,MX23L6406-12B1,M022307-M MX23L6406-12B1 AGB-AK8P-0 I2 2E674000,Macronix,Week 23/2002,2002,,23,EEPROM,9853,9853 2294,ROHM,February/2002,2002,February,,,,,,,,,,,,,,,,,,,,,,,,,,,,,,,,,,,,,,,,,,,,,,,,,,,,,,,,,,,,
AGB-AK9P-0,Entry #1,ikk5-1,https://gbhwdb.gekkio.fi/cartridges/AGB-AK9P-0/ikk5-1.html,ikk5,"Medabots AX - Rokusho Ver. (Europe) (En,Fr,De,Es,It)",AGB-AK9P-EUR,19,AGB-E03-20,MB,P-6,May/2003,2003,May,,ROM,MX23L6406-12B1,M032907-M MX23L6406-12B1 AGB-AK9P-0 I2 2G789100,Macronix,Week 29/2003,2003,,29,EEPROM,9853,9853 3432,ROHM,April/2003,2003,April,,,,,,,,,,,,,,,,,,,,,,,,,,,,,,,,,,,,,,,,,,,,,,,,,,,,,,,,,,,,
AGB-ALFP-0,Entry #1,granmastro-1,https://gbhwdb.gekkio.fi/cartridges/AGB-ALFP-0/granmastro-1.html,Granmastro,"Dragon Ball Z - The Legacy of Goku II (Europe) (En,Fr,De,Es,It)",AGB-ALFP-ITA,,AGB-E03-20,CS,A-2,October/2003,2003,October,,ROM,MX23L6406-12C,M034846-M MX23L6406-12C AGB-ALFP-0 I2 2I795400,Macronix,Week 48/2003,2003,,48,EEPROM,9854,9854 3T34W,ROHM,2003,2003,,,,,,,,,,,,,,,,,,,,,,,,,,,,,,,,,,,,,,,,,,,,,,,,,,,,,,,,,,,,,
AGB-ALGP-0,Entry #1,granmastro-1,https://gbhwdb.gekkio.fi/cartridges/AGB-ALGP-0/granmastro-1.html,Granmastro,"Dragon Ball Z - The Legacy of Goku (Europe) (En,Fr,De,Es,It)",AGB-ALGP-ITA,15 E4,AGB-E03-21,I,M-1,April/2007,2007,April,,ROM,MX23L6406-12C,M072546-MG MX23L6406-12C AGB-ALGP-0 I2 2O340102,Macronix,Week 25/2007,2007,,25,EEPROM,9853,9853 7558,ROHM,May/2007,2007,May,,,,,,,,,,,,,,,,,,,,,,,,,,,,,,,,,,,,,,,,,,,,,,,,,,,,,,,,,,,,
AGB-ALPP-0,Entry #1,granmastro-1,https://gbhwdb.gekkio.fi/cartridges/AGB-ALPP-0/granmastro-1.html,Granmastro,"Lord of the Rings, The - The Two Towers (USA, Europe) (En,Fr,De,Es,It,Nl)",AGB-ALPP-EUR,,AGB-E03-10,A,I-2,September/2002,2002,September,,ROM,MX23L12806-12C,S023938-M MX23L12806-12C AGB-ALPP-0 J2 2F546100,Macronix,Week 39/2002,2002,,39,EEPROM,9853,9853 2A46,ROHM,October/2002,2002,October,,,,,,,,,,,,,,,,,,,,,,,,,,,,,,,,,,,,,,,,,,,,,,,,,,,,,,,,,,,,
AGB-AM4P-0,Entry #1,ikk5-1,https://gbhwdb.gekkio.fi/cartridges/AGB-AM4P-0/ikk5-1.html,ikk5,"MotoGP (Europe) (En,Fr,De,Es,It)",AGB-AM4P-EUR,41 E4,AGB-E01-41,I,K-6,August/2007,2007,August,,ROM,MR27V3211M,AGB-AM4P-0 H2 R27V3211M-0CL 7345BRMJ,OKI,Week 34/2007,2007,,34,,,,,,,,,,,,,,,,,,,,,,,,,,,,,,,,,,,,,,,,,,,,,,,,,,,,,,,,,,,,,,,,,,,
AGB-AM8P-0,Entry #1,3615retro-1,https://gbhwdb.gekkio.fi/cartridges/AGB-AM8P-0/3615retro-1.html,3615Retro,"Monster Force (Europe) (En,Fr,De,Es,It)",AGB-AM8P-EUR,09,AGB-E03-10,I,B-2,July/2002,2002,July,,ROM,MX23L6406-12B1,E023007-M MX23L6406-12B1 AGB-AM8P-0 I2 2F895000,Macronix,Week 30/2002,2002,,30,EEPROM,9853,9853 2770,ROHM,July/2002,2002,July,,,,,,,,,,,,,,,,,,,,,,,,,,,,,,,,,,,,,,,,,,,,,,,,,,,,,,,,,137b0f9a,4e1b65a22eddc145fd7efecabff0282e,4b1578129de4b82003806f7a9b193a8ec813dc46,247acd70070f9ce5984d0c805e484f80f1380715859d0e170e0de88a1ad95a1f
AGB-AM8P-0,Entry #1,ikk5-1,https://gbhwdb.gekkio.fi/cartridges/AGB-AM8P-0/ikk5-1.html,ikk5,"Monster Force (Europe) (En,Fr,De,Es,It)",AGB-AM8P-EUR,09,AGB-E03-10,MB,R-6,July/2002,2002,July,,ROM,MX23L6406-12B1,E023007-M MX23L6406-12B1 AGB-AM8P-0 I2 2F738200,Macronix,Week 30/2002,2002,,30,EEPROM,9853,9853 2660,ROHM,June/2002,2002,June,,,,,,,,,,,,,,,,,,,,,,,,,,,,,,,,,,,,,,,,,,,,,,,,,,,,,,,,,,,,
AGB-AM9P-0,Entry #1,ikk5-1,https://gbhwdb.gekkio.fi/cartridges/AGB-AM9P-0/ikk5-1.html,ikk5,"Mike Tyson Boxing (Europe) (En,Fr,De,Es,It)",AGB-AM9P-EUR,22,AGB-E03-10,K,T-1,December/2001,2001,December,,ROM,MR26V3210F,AGB-AM9P-0 H2 R26V3210F-032 1525228,OKI,Week 52/2001,2001,,52,EEPROM,9853,9853 1B27,ROHM,November/2001,2001,November,,,,,,,,,,,,,,,,,,,,,,,,,,,,,,,,,,,,,,,,,,,,,,,,,,,,,,,,,,,,
AGB-AMAP-0,Entry #1,3615retro-1,https://gbhwdb.gekkio.fi/cartridges/AGB-AMAP-0/3615retro-1.html,3615Retro,"Super Mario Advance (USA, Europe)",AGB-AMAP-EUR-1,22,AGB-E03-10,MB,I-1,October/2001,2001,October,,ROM,MX23L3206-12B,E014021-M MX23L3206-12B AGB-AMAP-0 H2 2E244000B0,Macronix,Week 40/2001,2001,,40,EEPROM,9853,9853 1932,ROHM,September/2001,2001,September,,,,,,,,,,,,,,,,,,,,,,,,,,,,,,,,,,,,,,,,,,,,,,,,,,,,,,,,,1e4c6d6a,ff6b0c48065389b888c7a78731d4b58d,f071d45d8f5cb05b48d7d2b804c6cb6a79ad96fb,d29dec02caacbf449e2a93c6042258b0669542e102eb0e6fd0eb92a5411e0244
AGB-AMAP-0,Entry #1,ikk5-1,https://gbhwdb.gekkio.fi/cartridges/AGB-AMAP-0/ikk5-1.html,ikk5,"Super Mario Advance (USA, Europe)",AGB-AMAP-EUR-1,22,AGB-E03-10,I,Q-6,September/2001,2001,September,,ROM,MX23L3206-12B,E013721-M MX23L3206-12B AGB-AMAP-0 H2 2E163700,Macronix,Week 37/2001,2001,,37,EEPROM,9853,9853 1834,ROHM,August/2001,2001,August,,,,,,,,,,,,,,,,,,,,,,,,,,,,,,,,,,,,,,,,,,,,,,,,,,,,,,,,,,,,
AGB-AMAP-0,Entry #2,ikk5-2,https://gbhwdb.gekkio.fi/cartridges/AGB-AMAP-0/ikk5-2.html,ikk5,"Super Mario Advance (USA, Europe)",AGB-AMAP-EUR-1,,AGB-E03-10,MB,A-5,August/2001,2001,August,,ROM,MX23L3206-12B,M013421-M MX23L3206-12B AGB-AMAP-0 H2 2E582200B0,Macronix,Week 34/2001,2001,,34,EEPROM,9853,9853 1651,ROHM,June/2001,2001,June,,,,,,,,,,,,,,,,,,,,,,,,,,,,,,,,,,,,,,,,,,,,,,,,,,,,,,,,,,,,
AGB-AMKE-0,Entry #1,fexcollects-1,https://gbhwdb.gekkio.fi/cartridges/AGB-AMKE-0/fexcollects-1.html,FexCollects,Mario Kart - Super Circuit (USA),AGB-AMKE-USA,13,AGB-E02-01,I,O-6,July/2001,2001,July,,ROM,MX23L3206-12B,S012821-M MX23L3206-12B AGB-AMKE-0 H2 2E411600,Macronix,Week 28/2001,2001,,28,Flash,AT29LV512-15TC,AT29LV512 15TC 0114,Atmel,Week 14/2001,2001,,14,,,,,,,,,,,,,,,,,,,,,,,,,,,,,,,,,,,,,,,,,,,,,,,,,,,,,,,,,,,aadc8b9f3c947ff6f610b6c8d7fddaaa9bea98b4bd43576df84f26c457ae1f90
AGB-AMKP-0,Entry #1,3615retro-1,https://gbhwdb.gekkio.fi/cartridges/AGB-AMKP-0/3615retro-1.html,3615Retro,Mario Kart - Super Circuit (Europe),AGB-AMKP-EUR,20,AGB-E02-01,I,I-4,July/2001,2001,July,,ROM,MX23L3206-12B,S012821-M MX23L3206-12B AGB-AMKP-0 H2 2E288100,Macronix,Week 28/2001,2001,,28,Flash,SST39VF512-70-4C-WH,39VF512 70-4C-WH 0121044-D,SST,Week 21/2001,2001,,21,,,,,,,,,,,,,,,,,,,,,,,,,,,,,,,,,,,,,,,,,,,,,,,,,,,,,,,,20025842,f99fb545ac65126e9956a7718c30d6a3,2cdfc94cbe7a7f4efe00d98dd33ebb5f50cf91f0,8f942be288124bb909559356c462460132b0ccbc6397db402aeabea60c4597bb
AGB-AMKP-0,Entry #1,ikk5-1,https://gbhwdb.gekkio.fi/cartridges/AGB-AMKP-0/ikk5-1.html,ikk5,Mario Kart - Super Circuit (Europe),AGB-AMKP-EUR,22,AGB-E02-10,YG,C-2,November/2001,2001,November,,ROM,MX23L3206-12B,E021921-M MX23L3206-12B AGB-AMKP-0 H2 2F349500,Macronix,Week 19/2002,2002,,19,Flash,SST39VF512-70-4C-WH,39VF512 70-4C-WH 0144131-D,SST,Week 44/2001,2001,,44,,,,,,,,,,,,,,,,,,,,,,,,,,,,,,,,,,,,,,,,,,,,,,,,,,,,,,,,,,,
AGB-AMKP-0,Entry #2,ikk5-2,https://gbhwdb.gekkio.fi/cartridges/AGB-AMKP-0/ikk5-2.html,ikk5,Mario Kart - Super Circuit (Europe),AGB-AMKP-EUR,11,AGB-E02-01,I,C-2,July/2001,2001,July,,ROM,MX23L3206-12B,E012821-M MX23L3206-12B AGB-AMKP-0 H2 2E451500,Macronix,Week 28/2001,2001,,28,Flash,AT29LV512-15TC,AT29LV512 15TC 0103,Atmel,Week 3/2001,2001,,3,,,,,,,,,,,,,,,,,,,,,,,,,,,,,,,,,,,,,,,,,,,,,,,,,,,,,,,,,,,
AGB-AMKP-0,Entry #3,ikk5-3,https://gbhwdb.gekkio.fi/cartridges/AGB-AMKP-0/ikk5-3.html,ikk5,Mario Kart - Super Circuit (Europe),AGB-AMKP-EUR,00,AGB-E02-01,A,Q-5,July/2001,2001,July,,ROM,MX23L3206-12B,M012821-M MX23L3206-12B AGB-AMKP-0 H2 2E325700,Macronix,Week 28/2001,2001,,28,Flash,SST39VF512-70-4C-WH,39VF512 70-4C-WH 0121017-D,SST,Week 21/2001,2001,,21,,,,,,,,,,,,,,,,,,,,,,,,,,,,,,,,,,,,,,,,,,,,,,,,,,,,,,,,,,,
AGB-AMXP-0,Entry #1,ikk5-1,https://gbhwdb.gekkio.fi/cartridges/AGB-AMXP-0/ikk5-1.html,ikk5,"Monsters, Inc. (USA, Europe)",AGB-AMXP-UKV,00 E4,AGB-E01-41,MB,K-5,October/2006,2006,October,,ROM,MR27V3211M,AGB-AMXP-0 H2 R27V3211M-0DB 6485BB4J,OKI,Week 48/2006,2006,,48,,,,,,,,,,,,,,,,,,,,,,,,,,,,,,,,,,,,,,,,,,,,,,,,,,,,,,,,,,,,,,,,,,,
AGB-AN8P-0,Entry #1,missingno-force-1,https://gbhwdb.gekkio.fi/cartridges/AGB-AN8P-0/missingno-force-1.html,Missingno_force,"Tales of Phantasia (Europe) (En,Fr,De,Es,It)",AGB-AN8P-EUR,11 E3,AGB-E03-21,GB,M-2,October/2005,2005,October,,ROM,MX23L12806-12C,M060638-MG MX23L12806-12C AGB-AN8P-0 J2 2N297200,Macronix,Week 6/2006,2006,,6,EEPROM,9854,9854 5V12W,ROHM,2005,2005,,,,,,,,,,,,,,,,,,,,,,,,,,,,,,,,,,,,,,,,,,,,,,,,,,,,,,,,,,,,,
AGB-ANMP-0,Entry #1,ikk5-1,https://gbhwdb.gekkio.fi/cartridges/AGB-ANMP-0/ikk5-1.html,ikk5,Namco Museum (Europe),AGB-ANMP-UKV,08,AGB-E01-10,I,A-5,October/2001,2001,October,,ROM,MX23L3206-12B,E014321-M MX23L3206-12B AGB-ANMP-0 H2 2F209700,Macronix,Week 43/2001,2001,,43,,,,,,,,,,,,,,,,,,,,,,,,,,,,,,,,,,,,,,,,,,,,,,,,,,,,,,,,,,,,,,,,,,,
AGB-AO4P-0,Entry #1,3615retro-1,https://gbhwdb.gekkio.fi/cartridges/AGB-AO4P-0/3615retro-1.html,3615Retro,"Tom Clancy's Splinter Cell (Europe) (En,Fr,De,Es,It,Nl)",AGB-AO4P-EUR,07,AGB-E03-20,K,I-6,March/2003,2003,March,,ROM,MR26V6415G,AGB-AO4P-0 I2 R26V6415G-0H5 314A254,OKI,Week 14/2003,2003,,14,EEPROM,9853,9853 2B58,ROHM,November/2002,2002,November,,,,,,,,,,,,,,,,,,,,,,,,,,,,,,,,,,,,,,,,,,,,,,,,,,,,,,,,,7ecd29ce,ab7b66435bcecb60a786fd62a532e4ab,d623cbd1019665eee78846a2a60d17adaf8ec0fe,aa8d89a89e5c827e185a3ae86f279e4b9e7055195451ac9c17916ba7a02498fa
AGB-APCP-0,Entry #1,ikk5-1,https://gbhwdb.gekkio.fi/cartridges/AGB-APCP-0/ikk5-1.html,ikk5,Pac-Man Collection (Europe),AGB-APCP-UKV,34,AGB-E01-10,I,L-4,October/2001,2001,October,,ROM,MX23L3206-12B,S014221-M MX23L3206-12B AGB-APCP-0 H2 2E256400,Macronix,Week 42/2001,2001,,42,,,,,,,,,,,,,,,,,,,,,,,,,,,,,,,,,,,,,,,,,,,,,,,,,,,,,,,,,,,,,,,,,,,
AGB-APHP-0,Entry #1,ikk5-1,https://gbhwdb.gekkio.fi/cartridges/AGB-APHP-0/ikk5-1.html,ikk5,"Prehistorik Man (USA, Europe) (En,Fr,De,Es,It,Nl)",AGB-APHP-EUR,09,AGB-E01-10,I,P-2,October/2001,2001,October,,ROM,MX23L3206-12B,E014121-M MX23L3206-12B AGB-APHP-0 H2 2E406801B0,Macronix,Week 41/2001,2001,,41,,,,,,,,,,,,,,,,,,,,,,,,,,,,,,,,,,,,,,,,,,,,,,,,,,,,,,,,,,,,,,,,,,,
AGB-APIP-0,Entry #1,ikk5-1,https://gbhwdb.gekkio.fi/cartridges/AGB-APIP-0/ikk5-1.html,ikk5,"Pinky and the Brain - The Master Plan (Europe) (En,Fr,De,Es,It)",AGB-APIP-EUR,08,AGB-E01-10,CM,A-6,April/2002,2002,April,,ROM,MX23L3206-12B,M022521-M MX23L3206-12B AGB-APIP-0 H2 2F301600,Macronix,Week 25/2002,2002,,25,,,,,,,,,,,,,,,,,,,,,,,,,,,,,,,,,,,,,,,,,,,,,,,,,,,,,,,,,,,,,,,,,,,
AGB-APMP-0,Entry #1,ikk5-1,https://gbhwdb.gekkio.fi/cartridges/AGB-APMP-0/ikk5-1.html,ikk5,"Planet Monsters (Europe) (En,Fr,De,Es,It,Nl)",AGB-APMP-EUR,01,AGB-E01-10,MB,R-6,November/2001,2001,November,,ROM,MR26V3210F,AGB-APMP-0 H2 R26V3210F-038 2025220,OKI,Week 2/2002,2002,,2,,,,,,,,,,,,,,,,,,,,,,,,,,,,,,,,,,,,,,,,,,,,,,,,,,,,,,,,,,,,,,,,,,,
AGB-APXP-0,Entry #1,3615retro-1,https://gbhwdb.gekkio.fi/cartridges/AGB-APXP-0/3615retro-1.html,3615Retro,"Phalanx (Europe) (En,Fr,De,Es,It,Nl)",AGB-APXP-EUR,09,AGB-E03-10,K,T-4,October/2001,2001,October,,ROM,MX23L3206-12B,S014521-M MX23L3206-12B AGB-APXP-0 H2 2F209701,Macronix,Week 45/2001,2001,,45,EEPROM,9853,9853 1A64,ROHM,October/2001,2001,October,,,,,,,,,,,,,,,,,,,,,,,,,,,,,,,,,,,,,,,,,,,,,,,,,,,,,,,,,dfcfe06c,bc15f4e82a86854175442d32218e2b14,83067b4574a49ae8d89b79d91e7ce4aad8141e67,3e36612f1eaca467e20a350728eee31f66d2fa01bd3e71d4da143a633a2764c2
AGB-AQ3E-0,Entry #1,ikk5-1,https://gbhwdb.gekkio.fi/cartridges/AGB-AQ3E-0/ikk5-1.html,ikk5,"SpongeBob SquarePants - Revenge of the Flying Dutchman (USA, Europe)",AGB-AQ3E-USA-1,09,AGB-E01-40,I,Q-2,February/2005,2005,February,,ROM,MR26V6415G,AGB-AQ3E-0 I2 R26V6415G-0K9 507ABBJ,OKI,Week 7/2005,2005,,7,,,,,,,,,,,,,,,,,,,,,,,,,,,,,,,,,,,,,,,,,,,,,,,,,,,,,,,,,,,,,,,,,,,
AGB-AQPF-0,Entry #1,3615retro-1,https://gbhwdb.gekkio.fi/cartridges/AGB-AQPF-0/3615retro-1.html,3615Retro,Disney Princesse (France),AGB-AQPF-FRA,22 E3,AGB-E01-41,A,L-2,April/2005,2005,April,,ROM,MX23L6406-12C,E053046-MG MX23L6406-12C AGB-AQPF-0 I2 2M281004A1,Macronix,Week 30/2005,2005,,30,,,,,,,,,,,,,,,,,,,,,,,,,,,,,,,,,,,,,,,,,,,,,,,,,,,,,,,,,,,,,,,,3944bd7e,bbb91114b96a3b57bf40b15edfc12187,b357f21432a55584779e84f200181d655ef3ba10,1615147e0c63dc65ba71934642ffed7cbaba172d16606743aae14d2f2ebde7cd
AGB-AQPF-0,Entry #1,ikk5-1,https://gbhwdb.gekkio.fi/cartridges/AGB-AQPF-0/ikk5-1.html,ikk5,Disney Princesse (France),AGB-AQPF-FRA,19 E4,AGB-E01-41,I,K-5,March/2006,2006,March,,ROM,MX23L6406-12C,B061546-MG MX23L6406-12C AGB-AQPF-0 I2 2O775801,Macronix,Week 15/2006,2006,,15,,,,,,,,,,,,,,,,,,,,,,,,,,,,,,,,,,,,,,,,,,,,,,,,,,,,,,,,,,,,,,,,,,,
AGB-AQRE-0,Entry #1,ikk5-1,https://gbhwdb.gekkio.fi/cartridges/AGB-AQRE-0/ikk5-1.html,ikk5,"ATV - Quad Power Racing (USA, Europe)",AGB-AQRE-USA-1,19,AGB-E01-40,I,G-6,January/2005,2005,January,,ROM,AC23V32101,MAGNACHIP AC23V32101 AGB-AQRE-0 H2 ZBR5152 P,Magnachip,,,,,,,,,,,,,,,,,,,,,,,,,,,,,,,,,,,,,,,,,,,,,,,,,,,,,,,,,,,,,,,,,,,,,,,
AGB-AQTP-0,Entry #1,ikk5-1,https://gbhwdb.gekkio.fi/cartridges/AGB-AQTP-0/ikk5-1.html,ikk5,"Cat in the Hat, The (Europe) (En,Fr,De,Es,It)",AGB-AQTP-EUR,11,AGB-E03-20,CS,A-1,October/2003,2003,October,,ROM,MX23L3206-12B,S040421-M MX23L3206-12B AGB-AQTP-0 H2 2I681200,Macronix,Week 4/2004,2004,,4,EEPROM,9853,9853 3B55,ROHM,November/2003,2003,November,,,,,,,,,,,,,,,,,,,,,,,,,,,,,,,,,,,,,,,,,,,,,,,,,,,,,,,,,,,,
AGB-AR6P-0,Entry #1,ikk5-1,https://gbhwdb.gekkio.fi/cartridges/AGB-AR6P-0/ikk5-1.html,ikk5,"Tom Clancy's Rainbow Six - Rogue Spear (Europe) (En,Fr,De,Es,It)",AGB-AR6P-EUR,08,AGB-E03-10,I,M-3,January/2002,2002,January,,ROM,MX23L6406-12B,S020507-M MX23L6406-12B AGB-AR6P-0 I2 2E551500,Macronix,Week 5/2002,2002,,5,EEPROM,9853,9853 1C40,ROHM,December/2001,2001,December,,,,,,,,,,,,,,,,,,,,,,,,,,,,,,,,,,,,,,,,,,,,,,,,,,,,,,,,,,,,
AGB-AREP-0,Entry #1,3615retro-1,https://gbhwdb.gekkio.fi/cartridges/AGB-AREP-0/3615retro-1.html,3615Retro,Megaman - Battle Network (Europe),AGB-AREP-EUR,07,AGB-E06-10,MB,N-4,September/2001,2001,September,,ROM,MX23L6406-12B,E014207-M MX23L6406-12B AGB-AREP-0 I2 2E075400,Macronix,Week 42/2001,2001,,42,RAM,HY62WT081ED70C,hynix 0139A HY62WT081ED70C KOREA,Hynix,Week 39/2001,2001,,39,Supervisor & Reset,SN74LV2416,LV2416 18M ACHD,Texas Instruments,August/2001,2001,August,,,,,,,,,,,,,,,,,,,,,,,,,,,,,,,,,,,,,,,,,,CR1616,,,,,,,1a7fb4fa,62e32a9ccf6c31850041555cb8151440,b017b6054ffafc012be9adee785819b17706cabc,b8ddb8e0b334c944c5fef82db8733911780764f7c12fb3e24cb1b32a018f7eb1
AGB-ARYP-0,Entry #1,granmastro-1,https://gbhwdb.gekkio.fi/cartridges/AGB-ARYP-0/granmastro-1.html,Granmastro,"Rayman Advance (Europe) (En,Fr,De,Es,It)",AGB-ARYP-EUR,22,AGB-E03-01,I,R-3,April/2001,2001,April,,ROM,MX23L6406-12B,M011707-M MX23L6406-12B AGB-ARYP-0 I2 2E039000,Macronix,Week 17/2001,2001,,17,EEPROM,9853,9853 1549,ROHM,May/2001,2001,May,,,,,,,,,,,,,,,,,,,,,,,,,,,,,,,,,,,,,,,,,,,,,,,,,,,,,,,,,,,,
AGB-AS8P-0,Entry #1,ikk5-1,https://gbhwdb.gekkio.fi/cartridges/AGB-AS8P-0/ikk5-1.html,ikk5,"Star X (Europe) (En,Fr,De,Es,It,Nl)",AGB-AS8P-UKV,13,AGB-E01-10,CM,A-6,February/2002,2002,February,,ROM,MX23L6406-12B1,S022007-M MX23L6406-12B1 AGB-AS8P-0 I2 2F897801,Macronix,Week 20/2002,2002,,20,,,,,,,,,,,,,,,,,,,,,,,,,,,,,,,,,,,,,,,,,,,,,,,,,,,,,,,,,,,,,,,,,,,
AGB-ASCP-0,Entry #1,ikk5-1,https://gbhwdb.gekkio.fi/cartridges/AGB-ASCP-0/ikk5-1.html,ikk5,"Shaun Palmer's Pro Snowboarder (USA, Europe)",AGB-ASCP-EUR,41,AGB-E01-10,I,I-1,October/2001,2001,October,,ROM,MX23L6406-12B,E014207-M MX23L6406-12B AGB-ASCP-0 I2 2E179100,Macronix,Week 42/2001,2001,,42,,,,,,,,,,,,,,,,,,,,,,,,,,,,,,,,,,,,,,,,,,,,,,,,,,,,,,,,,,,,,,,,,,,
AGB-ASDP-0,Entry #1,ikk5-1,https://gbhwdb.gekkio.fi/cartridges/AGB-ASDP-0/ikk5-1.html,ikk5,"Scooby-Doo and the Cyber Chase (USA, Europe)",AGB-ASDP-UKV,20 E4,AGB-E01-41,I,Q-5,December/2006,2006,December,,ROM,MX23L3206-12B,S070721-MG MX23L3206-12B AGB-ASDP-0 H2 2T319500,Macronix,Week 7/2007,2007,,7,,,,,,,,,,,,,,,,,,,,,,,,,,,,,,,,,,,,,,,,,,,,,,,,,,,,,,,,,,,,,,,,,,,
AGB-ASGP-0,Entry #1,ikk5-1,https://gbhwdb.gekkio.fi/cartridges/AGB-ASGP-0/ikk5-1.html,ikk5,"Smuggler's Run (Europe) (En,Fr,De,Es,It)",AGB-ASGP-EUR,22,AGB-E01-10,CM,A-1,September/2002,2002,September,,ROM,MX23L6406-12B1,S024007-M MX23L6406-12B1 AGB-ASGP-0 I2 2G445802,Macronix,Week 40/2002,2002,,40,,,,,,,,,,,,,,,,,,,,,,,,,,,,,,,,,,,,,,,,,,,,,,,,,,,,,,,,,,,,,,,,,,,
AGB-ASIP-0,Entry #1,3615retro-1,https://gbhwdb.gekkio.fi/cartridges/AGB-ASIP-0/3615retro-1.html,3615Retro,"Sims, The - Bustin' Out (USA, Europe) (En,Fr,De,Es,It,Nl)",AGB-ASIP-EUR,41,AGB-E03-20,CS,A-5,September/2003,2003,September,,ROM,MX23L12807-12C,M034658-M MX23L12807-12C AGB-ASIP-0 J2 2I833100,Macronix,Week 46/2003,2003,,46,EEPROM,9854,9854 3T86W,ROHM,2003,2003,,,,,,,,,,,,,,,,,,,,,,,,,,,,,,,,,,,,,,,,,,,,,,,,,,,,,,,,,,abaf519c,e429ce307fe06dbcd7724552ff0339d7,fb5662172fadebf4577f6f6f163741fc041c11e6,92ead9ff9467dbc23780e768278fe2e4bf7a0708447a0785770c129a5dbdb06e
AGB-ASLP-0,Entry #1,ikk5-1,https://gbhwdb.gekkio.fi/cartridges/AGB-ASLP-0/ikk5-1.html,ikk5,"Stuart Little 2 (USA, Europe)",AGB-ASLP-EUR,13,AGB-E01-10,MB,N-2,March/2002,2002,March,,ROM,MX23L6406-12B1,S022007-M MX23L6406-12B1 AGB-ASLP-0 I2 2E778100,Macronix,Week 20/2002,2002,,20,,,,,,,,,,,,,,,,,,,,,,,,,,,,,,,,,,,,,,,,,,,,,,,,,,,,,,,,,,,,,,,,,,,
AGB-ASOP-0,Entry #1,3615retro-1,https://gbhwdb.gekkio.fi/cartridges/AGB-ASOP-0/3615retro-1.html,3615Retro,"Sonic Advance (Europe) (En,Ja,Fr,De,Es)",AGB-ASOP-UKV,12,AGB-E02-10,YG,C-4,September/2002,2002,September,,ROM,MX23L6406-12B1,S024107-M MX23L6406-12B1 AGB-ASOP-0 I2 2G450600,Macronix,Week 41/2002,2002,,41,Flash,SST39VF512-70-4C-WH,39VF512 70-4C-WH 0216052-D,SST,Week 16/2002,2002,,16,,,,,,,,,,,,,,,,,,,,,,,,,,,,,,,,,,,,,,,,,,,,,,,,,,,,,,,,6232839b,93a2f28339858e955e4f17060e038bcd,eb00f101af23d728075ac2117e27ecd8a4b4c3e9,a57c8c1a3e19a65baadc4a2fb4aa669e5ef462153ae9536634adbe6e03154b08
AGB-ASOP-0,Entry #1,kurodo-1,https://gbhwdb.gekkio.fi/cartridges/AGB-ASOP-0/kurodo-1.html,Kurodo,"Sonic Advance (Europe) (En,Ja,Fr,De,Es)",AGB-ASOP-FRA,09,AGB-E02-20,I,E-3,January/2004,2004,January,,ROM,MX23L6406-12B1,M040307-M MX23L6406-12B1 AGB-ASOP-0 I2 2I679900,Macronix,Week 3/2004,2004,,3,Flash,SST39VF512-70-4C-WH,39VF512 70-4C-WH 0339171-D,SST,Week 39/2003,2003,,39,,,,,,,,,,,,,,,,,,,,,,,,,,,,,,,,,,,,,,,,,,,,,,,,,,,,,,,,,,,
AGB-ASQP-0,Entry #1,ikk5-1,https://gbhwdb.gekkio.fi/cartridges/AGB-ASQP-0/ikk5-1.html,ikk5,"Snood (Europe) (En,Fr,De,Es,It)",AGB-ASQP-EUR,07,AGB-E01-10,MB,I-2,October/2001,2001,October,,ROM,MX23L3206-12B,S014321-M MX23L3206-12B AGB-ASQP-0 H2 2E406401,Macronix,Week 43/2001,2001,,43,,,,,,,,,,,,,,,,,,,,,,,,,,,,,,,,,,,,,,,,,,,,,,,,,,,,,,,,,,,,,,,,,,,
AGB-ASZP-0,Entry #1,ikk5-1,https://gbhwdb.gekkio.fi/cartridges/AGB-ASZP-0/ikk5-1.html,ikk5,"Scorpion King, The - Sword of Osiris (Europe) (En,Fr,De,Es,It)",AGB-ASZP-EUR,11,AGB-E01-10,MB,N-5,February/2002,2002,February,,ROM,MX23L3206-12B,S020921-M MX23L3206-12B AGB-ASZP-0 H2 2F328500B0,Macronix,Week 9/2002,2002,,9,,,,,,,,,,,,,,,,,,,,,,,,,,,,,,,,,,,,,,,,,,,,,,,,,,,,,,,,,,,,,,,,,,,
AGB-AT3P-0,Entry #1,ikk5-1,https://gbhwdb.gekkio.fi/cartridges/AGB-AT3P-0/ikk5-1.html,ikk5,"Tony Hawk's Pro Skater 3 (USA, Europe)",AGB-AT3P-EUR,22,AGB-E03-10,I,N-5,January/2002,2002,January,,ROM,MX23L6406-12B,M020507-M MX23L6406-12B AGB-AT3P-0 I2 2E603100,Macronix,Week 5/2002,2002,,5,EEPROM,9854,9854 1U70W,ROHM,2001,2001,,,,,,,,,,,,,,,,,,,,,,,,,,,,,,,,,,,,,,,,,,,,,,,,,,,,,,,,,,,,,
AGB-ATJP-0,Entry #1,ikk5-1,https://gbhwdb.gekkio.fi/cartridges/AGB-ATJP-0/ikk5-1.html,ikk5,"Tom and Jerry - The Magic Ring (Europe) (En,Fr,De,Es,It)",AGB-ATJP-EUR,20,AGB-E01-10,MB,M-4,October/2001,2001,October,,ROM,MX23L6406-12B,M015107-M MX23L6406-12B AGB-ATJP-0 I2 2E636600,Macronix,Week 51/2001,2001,,51,,,,,,,,,,,,,,,,,,,,,,,,,,,,,,,,,,,,,,,,,,,,,,,,,,,,,,,,,,,,,,,,,,,
AGB-ATJP-0,Entry #2,ikk5-2,https://gbhwdb.gekkio.fi/cartridges/AGB-ATJP-0/ikk5-2.html,ikk5,"Tom and Jerry - The Magic Ring (Europe) (En,Fr,De,Es,It)",AGB-ATJP-EUR,20,AGB-E01-10,MB,I-5,October/2001,2001,October,,ROM,MX23L6406-12B,M015107-M MX23L6406-12B AGB-ATJP-0 I2 2E636600,Macronix,Week 51/2001,2001,,51,,,,,,,,,,,,,,,,,,,,,,,,,,,,,,,,,,,,,,,,,,,,,,,,,,,,,,,,,,,,,,,,,,,
AGB-ATUP-0,Entry #1,ikk5-1,https://gbhwdb.gekkio.fi/cartridges/AGB-ATUP-0/ikk5-1.html,ikk5,"Total Soccer 2002 (Europe) (En,Fr,De,Es,It,Nl)",AGB-ATUP-EUR,20,AGB-E03-10,I,H-2,August/2001,2001,August,,ROM,MX23L3206-12B,S013621-M MX23L3206-12B AGB-ATUP-0 H2 2E350101,Macronix,Week 36/2001,2001,,36,EEPROM,9853,9853 1547,ROHM,May/2001,2001,May,,,,,,,,,,,,,,,,,,,,,,,,,,,,,,,,,,,,,,,,,,,,,,,,,,,,,,,,,,,,
AGB-ATWX-0,Entry #1,ikk5-1,https://gbhwdb.gekkio.fi/cartridges/AGB-ATWX-0/ikk5-1.html,ikk5,"Tetris Worlds (Europe) (En,Fr,De,Nl)",AGB-ATWX-EUR,41 E4,AGB-E01-41,I,O-4,August/2006,2006,August,,ROM,MX23L3206-12B,S063521-MG MX23L3206-12B AGB-ATWX-0 H2 2P038500,Macronix,Week 35/2006,2006,,35,,,,,,,,,,,,,,,,,,,,,,,,,,,,,,,,,,,,,,,,,,,,,,,,,,,,,,,,,,,,,,,,,,,
AGB-AU2P-0,Entry #1,3615retro-1,https://gbhwdb.gekkio.fi/cartridges/AGB-AU2P-0/3615retro-1.html,3615Retro,"Shining Soul II (Europe) (En,Fr,De,Es,It)",AGB-AU2P-EUR,15,AGB-E02-30,MB,B-6,September/2004,2004,September,,ROM,MX23L12806-12C,S045238-MG MX23L12806-12C AGB-AU2P-0 J2 2K572908,Macronix,Week 52/2004,2004,,52,Flash,SST39VF512-70-4C-WH,39VF512 70-4C-WH 0420058-D,SST,Week 20/2004,2004,,20,,,,,,,,,,,,,,,,,,,,,,,,,,,,,,,,,,,,,,,,,,,,,,,,,,,,,,,,55e503c1,49aa688745111aaa51076a345f8f18c3,aa1288be9257337abdfe3034898cf6c7aa778fbc,e5c64a1740263e9b26120e487f3688fbbf7b3954a2c043c0d84c333df467e0b2
AGB-AUQP-0,Entry #1,ikk5-1,https://gbhwdb.gekkio.fi/cartridges/AGB-AUQP-0/ikk5-1.html,ikk5,"Butt-Ugly Martians - B.K.M. Battles (Europe) (En,Fr,De,Es,It)",AGB-AUQP-EUR,09,AGB-E01-10,MB,C-4,June/2002,2002,June,,ROM,MX23L3206-12B,S023721-M MX23L3206-12B AGB-AUQP-0 H2 2F774401,Macronix,Week 37/2002,2002,,37,,,,,,,,,,,,,,,,,,,,,,,,,,,,,,,,,,,,,,,,,,,,,,,,,,,,,,,,,,,,,,,,,,,
AGB-AV3E-0,Entry #1,ikk5-1,https://gbhwdb.gekkio.fi/cartridges/AGB-AV3E-0/ikk5-1.html,ikk5,Spy Kids 3-D - Game Over (USA),AGB-AV3E-USA,07,AGB-E03-20,I,P-1,April/2003,2003,April,,ROM,MR26V6413G,AGB-AV3E-0 I2 R26V6413G-0F8 319A214,OKI,Week 19/2003,2003,,19,EEPROM,9853,9853 3473,ROHM,April/2003,2003,April,,,,,,,,,,,,,,,,,,,,,,,,,,,,,,,,,,,,,,,,,,,,,,,,,,,,,,,,,,,,
AGB-AVBP-0,Entry #1,ikk5-1,https://gbhwdb.gekkio.fi/cartridges/AGB-AVBP-0/ikk5-1.html,ikk5,"Barbie Software - Groovy Games (Europe) (En,Fr,De,Es,It)",AGB-AVBP-EUR,08,AGB-E01-10,K,L-4,July/2002,2002,July,,ROM,MX23L3206-12B,S023021-M MX23L3206-12B AGB-AVBP-0 H2 2F748200,Macronix,Week 30/2002,2002,,30,,,,,,,,,,,,,,,,,,,,,,,,,,,,,,,,,,,,,,,,,,,,,,,,,,,,,,,,,,,,,,,,,,,
AGB-AVSP-0,Entry #1,ikk5-1,https://gbhwdb.gekkio.fi/cartridges/AGB-AVSP-0/ikk5-1.html,ikk5,Sword of Mana (Europe),AGB-AVSP-EUR,09,AGB-E02-20,I,D-4,January/2004,2004,January,,ROM,MX23L12806-12C,N040538-M MX23L12806-12C AGB-AVSP-0 J2 2J234000,Macronix,Week 5/2004,2004,,5,Flash,SST39VF512-70-4C-WH,39VF512 70-4C-WH 0345077-D,SST,Week 45/2003,2003,,45,,,,,,,,,,,,,,,,,,,,,,,,,,,,,,,,,,,,,,,,,,,,,,,,,,,,,,,,,,,
AGB-AVSX-0,Entry #1,kurodo-1,https://gbhwdb.gekkio.fi/cartridges/AGB-AVSX-0/kurodo-1.html,Kurodo,"Sword of Mana (Europe) (Fr,De)",AGB-AVSX-EUR,19,AGB-E02-20,MB,A-3,February/2004,2004,February,,ROM,MX23L12806-12C,M040638-M MX23L12806-12C AGB-AVSX-0 J2 2J234100,Macronix,Week 6/2004,2004,,6,Flash,SST39VF512-70-4C-WH,39VF512 70-4C-WH 0341152-D,SST,Week 41/2003,2003,,41,,,,,,,,,,,,,,,,,,,,,,,,,,,,,,,,,,,,,,,,,,,,,,,,,,,,,,,,,,,
AGB-AVTP-0,Entry #1,ikk5-1,https://gbhwdb.gekkio.fi/cartridges/AGB-AVTP-0/ikk5-1.html,ikk5,"Virtua Tennis (Europe) (En,Fr,De,Es,It)",AGB-AVTP-EUR,34,AGB-E03-20,CM,Q-2,November/2002,2002,November,,ROM,MX23L6406-12C,E030446-M MX23L6406-12C AGB-AVTP-0 I2 2G751901,Macronix,Week 4/2003,2003,,4,EEPROM,9853,9853 2A46,ROHM,October/2002,2002,October,,,,,,,,,,,,,,,,,,,,,,,,,,,,,,,,,,,,,,,,,,,,,,,,,,,,,,,,,,,,
AGB-AW2P-0,Entry #1,3615retro-1,https://gbhwdb.gekkio.fi/cartridges/AGB-AW2P-0/3615retro-1.html,3615Retro,"Advance Wars 2 - Black Hole Rising (Europe) (En,Fr,De,Es,It)",AGB-AW2P-EUR,22,AGB-E02-20,I,B-5,July/2003,2003,July,,ROM,AC23V64101,HYNIX AC23V64101 AGB-AW2P-0 I2 ZBR2093,Hynix,,,,,Flash,SST39VF512-70-4C-WH,39VF512 70-4C-WH 0316104-D,SST,Week 16/2003,2003,,16,,,,,,,,,,,,,,,,,,,,,,,,,,,,,,,,,,,,,,,,,,,,,,,,,,,,,,,,5a09aae6,ad4cf738f97416827baf17d6c43576d7,8f78398a33254ff2ba935b5bccfdcccce661684f,e36e668b008396acb4d65ecb27ccc529cb067cd8c9867704a1e280b13565b88d
AGB-AW2P-0,Entry #1,ikk5-1,https://gbhwdb.gekkio.fi/cartridges/AGB-AW2P-0/ikk5-1.html,ikk5,"Advance Wars 2 - Black Hole Rising (Europe) (En,Fr,De,Es,It)",AGB-AW2P-EUR,22,AGB-E02-20,I,N-1,August/2003,2003,August,,ROM,MX23L6406-12C,E033346-M MX23L6406-12C AGB-AW2P-0 I2 2H817201,Macronix,Week 33/2003,2003,,33,Flash,SST39VF512-70-4C-WH,39VF512 70-4C-WH 0313062-D,SST,Week 13/2003,2003,,13,,,,,,,,,,,,,,,,,,,,,,,,,,,,,,,,,,,,,,,,,,,,,,,,,,,,,,,,,,,
AGB-AWAP-0,Entry #1,gekkio-1,https://gbhwdb.gekkio.fi/cartridges/AGB-AWAP-0/gekkio-1.html,gekkio,"Wario Land 4 (USA, Europe)",AGB-AWAP-EUR,22,AGB-E06-10,I,N-3,September/2001,2001,September,,ROM,MX23L6406-12B,S013607-M MX23L6406-12B AGB-AWAP-0 I2 2E489301,Macronix,Week 36/2001,2001,,36,RAM,HY62WT081ED70C,hynix 0137A HY62WT081ED70C KOREA,Hynix,Week 37/2001,2001,,37,Supervisor & Reset,SN74LV2416,LV2416 17M A23D,Texas Instruments,July/2001,2001,July,,,,,,,,,,,,,,,,,,,,,,,,,,,,,,,,,,,,,,,,,,CR1616,,,,,,,,,,
AGB-AWRP-0,Entry #1,ikk5-1,https://gbhwdb.gekkio.fi/cartridges/AGB-AWRP-0/ikk5-1.html,ikk5,"Advance Wars (Europe) (En,Fr,De,Es)",AGB-AWRP-EUR,00,AGB-E02-10,MB,B-2,August/2001,2001,August,,ROM,MX23L6406-12B,S013707-M MX23L6406-12B AGB-AWRP-0 I2 2E551300,Macronix,Week 37/2001,2001,,37,Flash,SST39VF512-70-4C-WH,39VF512 70-4C-WH 0121017-D,SST,Week 21/2001,2001,,21,,,,,,,,,,,,,,,,,,,,,,,,,,,,,,,,,,,,,,,,,,,,,,,,,,,,,,,,,,,
AGB-AWUP-0,Entry #1,granmastro-1,https://gbhwdb.gekkio.fi/cartridges/AGB-AWUP-0/granmastro-1.html,Granmastro,"Sabre Wulf (Europe) (En,Fr,De)",AGB-AWUP-EUR,,AGB-E03-20,CS,A-4,October/2003,2003,October,,ROM,MX23L6406-12C,M040446-M MX23L6406-12C AGB-AWUP-0 I2 2I840900,Macronix,Week 4/2004,2004,,4,EEPROM,9854,9854 3T90W,ROHM,2003,2003,,,,,,,,,,,,,,,,,,,,,,,,,,,,,,,,,,,,,,,,,,,,,,,,,,,,,,,,,,,,,
AGB-AWXP-0,Entry #1,ikk5-1,https://gbhwdb.gekkio.fi/cartridges/AGB-AWXP-0/ikk5-1.html,ikk5,ESPN Winter X-Games Snowboarding 2 (Europe),AGB-AWXP-EUR,34,AGB-E03-10,I,K-2,December/2001,2001,December,,ROM,MX23L3206-12B,S020321-M MX23L3206-12B AGB-AWXP-0 H2 2E411900,Macronix,Week 3/2002,2002,,3,EEPROM,9853,9853 1B03,ROHM,November/2001,2001,November,,,,,,,,,,,,,,,,,,,,,,,,,,,,,,,,,,,,,,,,,,,,,,,,,,,,,,,,,,,,
AGB-AX3F-0,Entry #1,3615retro-1,https://gbhwdb.gekkio.fi/cartridges/AGB-AX3F-0/3615retro-1.html,3615Retro,xXx (France),AGB-AX3F-FRA,08,AGB-E03-10,I,F-4,July/2002,2002,July,,ROM,MX23L6406-12B1,M023107-M MX23L6406-12B1 AGB-AX3F-0 I2 2F751904,Macronix,Week 31/2002,2002,,31,EEPROM,9853,9853 2659,ROHM,June/2002,2002,June,,,,,,,,,,,,,,,,,,,,,,,,,,,,,,,,,,,,,,,,,,,,,,,,,,,,,,,,,44a77f71,2395cca1007ecd7d016860703812c2bc,a47da3b30a45035aac333ebc62f36da6a3d88e0a,a2ee4ffd025482eef5a5c0a7d563aee7208f6cc1a3543f19cc7a4a0dc6d36fff
AGB-AX4E-1,Entry #1,beckybecky125-1,https://gbhwdb.gekkio.fi/cartridges/AGB-AX4E-1/beckybecky125-1.html,beckybecky125,"Super Mario Advance 4 - Super Mario Bros. 3 (USA, Australia) (Rev 1)",AGB-AX4E-USA,15A E4,AGB-E02-30,I,I-2,January/2007,2007,January,,ROM,MX23L3206-12B,S070821-MG MX23L3206-12B AGB-AX4E-1 H2 2T037700,Macronix,Week 8/2007,2007,,8,Flash,MX29L010TC-15A1,E064957G MX29L010TC-15A1 1H5572,Macronix,Week 49/2006,2006,,49,,,,,,,,,,,,,,,,,,,,,,,,,,,,,,,,,,,,,,,,,,,,,,,,,,,,,,,,88dab27f,605286b3aedeffba70bf46b834b120b1,532f3307021637474b6dd37da059ca360f612337,53ec98fc672d94e3962ba854805ce5005e07e10a4c7ed4e7dbec7a2ca7846562
AGB-AX4P-1,Entry #1,3615retro-1,https://gbhwdb.gekkio.fi/cartridges/AGB-AX4P-1/3615retro-1.html,3615Retro,"Super Mario Advance 4 - Super Mario Bros. 3 (Europe) (En,Fr,De,Es,It) (Rev 1)",AGB-AX4P-EUR,00A,AGB-E02-30,MB,G-2,October/2004,2004,October,,ROM,MX23L6406-12C,M050546-MG MX23L6406-12C AGB-AX4P-1 I2 2L278705A1,Macronix,Week 5/2005,2005,,5,Flash,MX29L010TC-15A1,E043857G MX29L010TC-15A1 1G0234,Macronix,Week 38/2004,2004,,38,,,,,,,,,,,,,,,,,,,,,,,,,,,,,,,,,,,,,,,,,,,,,,,,,,,,,,,,8d84acfc,ae8af6b539d509019bdd06565c10804a,2e5ce11a893464dc0cce0a6b451580ba35a7e5de,f4bcac133e380eb5c1012bdd4c8ef997c0f653ba50be467c1645fb5c767fa50d
AGB-AX4P-1,Entry #1,granmastro-1,https://gbhwdb.gekkio.fi/cartridges/AGB-AX4P-1/granmastro-1.html,Granmastro,"Super Mario Advance 4 - Super Mario Bros. 3 (Europe) (En,Fr,De,Es,It) (Rev 1)",AGB-AX4P-EUR,15A E3,AGB-E02-30,I,H-5,July/2005,2005,July,,ROM,MX23L6406-12C,B053046-MG MX23L6406-12C AGB-AX4P-1 I2 2M268902A1,Macronix,Week 30/2005,2005,,30,Flash,MX29L010TC-15A1,E050257G MX29L010TC-15A1 1G2436,Macronix,Week 2/2005,2005,,2,,,,,,,,,,,,,,,,,,,,,,,,,,,,,,,,,,,,,,,,,,,,,,,,,,,,,,,,,,,
AGB-AXIP-0,Entry #1,ikk5-1,https://gbhwdb.gekkio.fi/cartridges/AGB-AXIP-0/ikk5-1.html,ikk5,X-Bladez - Inline Skater (Europe),AGB-AXIP-EUR,22,AGB-E01-10,K,B-2,January/2002,2002,January,,ROM,MX23L3206-12B,S020821-M MX23L3206-12B AGB-AXIP-0 H2 2F522800,Macronix,Week 8/2002,2002,,8,,,,,,,,,,,,,,,,,,,,,,,,,,,,,,,,,,,,,,,,,,,,,,,,,,,,,,,,,,,,,,,,,,,
AGB-AXPE-0,Entry #1,fexcollects-1,https://gbhwdb.gekkio.fi/cartridges/AGB-AXPE-0/fexcollects-1.html,FexCollects,"Pokemon - Sapphire Version (USA, Europe)",AGB-AXPE-USA,22,AGB-E05-01,I,B-3,February/2003,2003,February,,ROM,MX23L12807-12C,S030658-M MX23L12807-12C AGB-AXPE-0 J2 2H115900,Macronix,Week 6/2003,2003,,6,Flash,MX29L010TC-15A1,S025257 MX29L010TC-15A1 1E5689,Macronix,Week 52/2002,2002,,52,RTC,S-3511A,S3511 AV31 0081,Seiko Instruments Inc.,January/2003,2003,January,,,,,,,,,,,,,,,,,,,,,,,,,,,,,,,,,,Crystal,,,,,,,,CR1616,,,,,,,,,,c36c1b899503e8823ee7eb607eea583adcef7ea92ff804838b193c227f2c6657
AGB-AXPE-1,Entry #1,fexcollects-1,https://gbhwdb.gekkio.fi/cartridges/AGB-AXPE-1/fexcollects-1.html,FexCollects,"Pokemon - Sapphire Version (USA, Europe) (Rev 1)",AGB-AXPE-USA,,AGB-E05-01,I,L-3,September/2003,2003,September,,ROM,MX23L12807-12C,S033658-M MX23L12807-12C AGB-AXPE-1 J2 2H863000,Macronix,Week 36/2003,2003,,36,Flash,MX29L010TC-15A1,E031857 MX29L010TC-15A1 1E8814,Macronix,Week 18/2003,2003,,18,RTC,S-3516AE,S3516 AEV42 7505,Seiko Instruments Inc.,February/2004,2004,February,,,,,,,,,,,,,,,,,,,,,,,,,,,,,,,,,,Crystal,,,,,,,,CR1616,,,,,,,,,,2f680a43e5c57aede4cb3b2cb04f7e15079efc122c88edaacfd6026db6e920ac
AGB-AXPE-2,Entry #1,fexcollects-1,https://gbhwdb.gekkio.fi/cartridges/AGB-AXPE-2/fexcollects-1.html,FexCollects,"Pokemon - Sapphire Version (USA, Europe) (Rev 2)",AGB-AXPE-USA,03B,AGB-E05-01,I,J-5,September/2004,2004,September,,ROM,MX23L12807-12C,E043758-M MX23L12807-12C AGB-AXPE-2 J2 2K633500,Macronix,Week 37/2004,2004,,37,Flash,MX29L010TC-15A1,E043657G MX29L010TC-15A1 1F6986,Macronix,Week 36/2004,2004,,36,RTC,S-3511A,S3511 AVD9 3764,Seiko Instruments Inc.,September/2004,2004,September,,,,,,,,,,,,,,,,,,,,,,,,,,,,,,,,,,Crystal,,,,,,,,CR1616,,,,,,,,,,02ca41513580a8b780989dee428df747b52a0b1a55bec617886b4059eb1152fb
AGB-AXPF-0,Entry #1,3615retro-1,https://gbhwdb.gekkio.fi/cartridges/AGB-AXPF-0/3615retro-1.html,3615Retro,Pokemon - Version Saphir (France),AGB-AXPF-FRA,11,AGB-E05-01,I,J-2,May/2003,2003,May,,ROM,MX23L12807-12C,M032158-M MX23L12807-12C AGB-AXPF-0 J2 2H156800,Macronix,Week 21/2003,2003,,21,Flash,MX29L010TC-15A1,S030657 MX29L010TC-15A1 1E8161,Macronix,Week 6/2003,2003,,6,RTC,S-3511A,S3511 AV32 9881,Seiko Instruments Inc.,February/2003,2003,February,,,,,,,,,,,,,,,,,,,,,,,,,,,,,,,,,,Crystal,,,,,,,,CR1616,,,,,,,3581a05f,2e6e9e3b87f99f04a1ac44b01bfa6ecd,c269b5692b2d0e5800ba1ddf117fda95ac648634,687dcb560ad4ecec719c9ee94b5a58bde3185d5afbceaf8560b6b907a493f92e
AGB-AXPF-0,Entry #1,kurodo-1,https://gbhwdb.gekkio.fi/cartridges/AGB-AXPF-0/kurodo-1.html,Kurodo,Pokemon - Version Saphir (France),AGB-AXPF-FRA,00 13,AGB-E05-01,I,F-3,September/2003,2003,September,,ROM,MX23L12807-12C,E033958-M MX23L12807-12C AGB-AXPF-0 J2 2H663700,Macronix,Week 39/2003,2003,,39,Flash,MX29L010TC-15A1,E032357 MX29L010TC-15A1 1E8734,Macronix,Week 23/2003,2003,,23,RTC,S-3516AE,S3516 AEV43 7506,Seiko Instruments Inc.,March/2004,2004,March,,,,,,,,,,,,,,,,,,,,,,,,,,,,,,,,,,Crystal,,,,,,,,CR1616,,,,,,,,,,
AGB-AXPI-1,Entry #1,granmastro-1,https://gbhwdb.gekkio.fi/cartridges/AGB-AXPI-1/granmastro-1.html,Granmastro,Pokemon - Versione Zaffiro (Italy) (Rev 1),AGB-AXPI-ITA,00A E3,AGB-E05-01,I,H-2,September/2005,2005,September,,ROM,MX23L12807-12C,M054158-MG MX23L12807-12C AGB-AXPI-1 J2 2M985606A1,Macronix,Week 41/2005,2005,,41,Flash,MX29L010TC-15A1,E053757G MX29L010TC-15A1 1G4357,Macronix,Week 37/2005,2005,,37,RTC,S-3511A,S3511 AVEX 2230,Seiko Instruments Inc.,October/2005,2005,October,,,,,,,,,,,,,,,,,,,,,,,,,,,,,,,,,,Crystal,,,,,,,,CR1616,,,,,,,,,,
AGB-AXPJ-0,Entry #1,fexcollects-1,https://gbhwdb.gekkio.fi/cartridges/AGB-AXPJ-0/fexcollects-1.html,FexCollects,Pocket Monsters - Sapphire (Japan),AGB-AXPJ-JPN,41,AGB-E05-01,I,M-4,October/2002,2002,October,,ROM,MX23L6407-12C,S024358-M MX23L6407-12C AGB-AXPJ-0 I2 2G447800,Macronix,Week 43/2002,2002,,43,Flash,MX29L010TC-15,E022857 MX29L010TC-15 1E0598,Macronix,Week 28/2002,2002,,28,RTC,S-3511A,S3511 AV28 6533,Seiko Instruments Inc.,August/2002,2002,August,,,,,,,,,,,,,,,,,,,,,,,,,,,,,,,,,,Crystal,,,,,,,,CR1616,,,,,,,,,,6a5ff7656531ab41d1ea9cd8f2d045ab6228405b43f3ee09ea3ff5077c0f60c9
AGB-AXPJ-1,Entry #1,fexcollects-1,https://gbhwdb.gekkio.fi/cartridges/AGB-AXPJ-1/fexcollects-1.html,FexCollects,Pocket Monsters - Sapphire (Japan) (Rev 1),AGB-AXPJ-JPN,11A,AGB-E05-01,I,M-4,December/2003,2003,December,,ROM,MX23L6407-12C1,S040157-M MX23L6407-12C1 AGB-AXPJ-1 I2 2H818201,Macronix,Week 1/2004,2004,,1,Flash,MX29L010TC-15A1,E031857 MX29L010TC-15A1 1E8559,Macronix,Week 18/2003,2003,,18,RTC,S-3511A,S3511 AV3X 4854,Seiko Instruments Inc.,October/2003,2003,October,,,,,,,,,,,,,,,,,,,,,,,,,,,,,,,,,,Crystal,,,,,,,,CR1616,,,,,,,,,,1d0d335740875c52cec8bf185dba6a38887f5c66f6fbef1ba2919008dab75baf
AGB-AXPS-1,Entry #1,fexcollects-1,https://gbhwdb.gekkio.fi/cartridges/AGB-AXPS-1/fexcollects-1.html,FexCollects,Pokemon - Edicion Zafiro (Spain) (Rev 1),AGB-AXPS-ESP,00A,AGB-E05-01,K,O-6,March/2006,2006,March,,ROM,MR27V12813M,AGB-AXPS-1 J2 R27V12813M-0C7 6145BARJ,OKI,Week 14/2006,2006,,14,Flash,MX29L010TC-15A1,E060757G MX29L010TC-15A1 1G4399,Macronix,Week 7/2006,2006,,7,RTC,S-3511A,S3511 AVF1 5119,Seiko Instruments Inc.,January/2006,2006,January,,,,,,,,,,,,,,,,,,,,,,,,,,,,,,,,,,Crystal,,,,,,,,CR1616,,,,,,,,,,6b91637f07b902cfe7401eeb237ea44e13354ab5f5b487c9cf24ce3708385f6a
AGB-AXQF-0,Entry #1,3615retro-1,https://gbhwdb.gekkio.fi/cartridges/AGB-AXQF-0/3615retro-1.html,3615Retro,Taxi 3 (France),AGB-AXQF-FRA,22,AGB-E01-20,I,K-4,October/2002,2002,October,,ROM,MX23L6406-12C,S024746-M MX23L6406-12C AGB-AXQF-0 I2 2G769600,Macronix,Week 47/2002,2002,,47,,,,,,,,,,,,,,,,,,,,,,,,,,,,,,,,,,,,,,,,,,,,,,,,,,,,,,,,,,,,,,,,2d2b0c11,577e264b8b907c407e8d03dac71500c6,1140feadee8e5cd85f83fd6e98ef6685c1093945,3dc9fa4984dfa9d55d5a2f93cbcd200d05d22f052a11d34efff90f4f1bc320c2
AGB-AXSP-0,Entry #1,ikk5-1,https://gbhwdb.gekkio.fi/cartridges/AGB-AXSP-0/ikk5-1.html,ikk5,"ESPN X-Games Skateboarding (Europe) (En,Fr,De,Es,It)",AGB-AXSP-EUR,22,AGB-E03-10,MB,P-4,September/2001,2001,September,,ROM,MX23L6406-12B,E013807-M MX23L6406-12B AGB-AXSP-0 I2 2E586300,Macronix,Week 38/2001,2001,,38,EEPROM,9853,9853 1732,ROHM,July/2001,2001,July,,,,,,,,,,,,,,,,,,,,,,,,,,,,,,,,,,,,,,,,,,,,,,,,,,,,,,,,,,,,
AGB-AXVE-0,Entry #1,fexcollects-1,https://gbhwdb.gekkio.fi/cartridges/AGB-AXVE-0/fexcollects-1.html,FexCollects,"Pokemon - Ruby Version (USA, Europe)",AGB-AXVE-USA,12,AGB-E05-01,K,I-5,January/2003,2003,January,,ROM,MX23L12807-12C,S030658-M MX23L12807-12C AGB-AXVE-0 J2 2H118900,Macronix,Week 6/2003,2003,,6,Flash,MX29L010TC-15,S030157 MX29L010TC-15 1E7202,Macronix,Week 1/2003,2003,,1,RTC,S-3511A,S3511 AV31 9812,Seiko Instruments Inc.,January/2003,2003,January,,,,,,,,,,,,,,,,,,,,,,,,,,,,,,,,,,Crystal,,,,,,,,CR1616,,,,,,,,,,53d591215de2cab847d14fbcf8c516f0128cfa8556f1236065e0535aa5936d4e
AGB-AXVF-0,Entry #1,3615retro-1,https://gbhwdb.gekkio.fi/cartridges/AGB-AXVF-0/3615retro-1.html,3615Retro,Pokemon - Version Rubis (France),AGB-AXVF-FRA,07,AGB-E05-01,I,J-5,May/2003,2003,May,,ROM,MX23L12807-12C,M032158-M MX23L12807-12C AGB-AXVF-0 J2 2H177700,Macronix,Week 21/2003,2003,,21,Flash,MX29L010TC-15A1,E030657 MX29L010TC-15A1 1E8073,Macronix,Week 6/2003,2003,,6,RTC,S-3511A,S3511 AV32 0335,Seiko Instruments Inc.,February/2003,2003,February,,,,,,,,,,,,,,,,,,,,,,,,,,,,,,,,,,Crystal,,,,,,,,CR1616,,,,,,,690fd310,3c971ea747a4bbdbd305c6f85c1c99ff,a6ee94202bec0641c55d242757e84dc89336d4cb,160185eb928c649b0bb5cfbda6d3cb5239b474b69c0a6b61d939bbfd546177f7
AGB-AXVF-0,Entry #1,kurodo-1,https://gbhwdb.gekkio.fi/cartridges/AGB-AXVF-0/kurodo-1.html,Kurodo,Pokemon - Version Rubis (France),AGB-AXVF-FRA,19,AGB-E05-01,I,O-5,May/2003,2003,May,,ROM,MX23L12807-12C,E032158-M MX23L12807-12C AGB-AXVF-0 J2 2H458704,Macronix,Week 21/2003,2003,,21,Flash,MX29L010TC-15A1,E030557 MX29L010TC-15A1 1E7918,Macronix,Week 5/2003,2003,,5,RTC,S-3511A,S3511 AV32 0082,Seiko Instruments Inc.,February/2003,2003,February,,,,,,,,,,,,,,,,,,,,,,,,,,,,,,,,,,Crystal,,,,,,,,CR1616,,,,,,,,,,
AGB-AXVI-1,Entry #1,granmastro-1,https://gbhwdb.gekkio.fi/cartridges/AGB-AXVI-1/granmastro-1.html,Granmastro,Pokemon - Versione Rubino (Italy) (Rev 1),AGB-AXVI-ITA,,AGB-E05-01,I,K-2,September/2004,2004,September,,ROM,MX23L12807-12C,M044358-M MX23L12807-12C AGB-AXVI-1 J2 2L157000,Macronix,Week 43/2004,2004,,43,Flash,LE26FV10N1TS-10,LE26FV10N1TS -10 E 4JU38,Sanyo,September/2004,2004,September,,RTC,S-3511A,S3511 AVDX 4162,Seiko Instruments Inc.,October/2004,2004,October,,,,,,,,,,,,,,,,,,,,,,,,,,,,,,,,,,Crystal,,,,,,,,CR1616,,,,,,,,,,
AGB-AXVJ-0,Entry #1,fexcollects-1,https://gbhwdb.gekkio.fi/cartridges/AGB-AXVJ-0/fexcollects-1.html,FexCollects,Pocket Monsters - Ruby (Japan),AGB-AXVJ-JPN,20,AGB-E05-01,I,D-1,October/2002,2002,October,,ROM,MR26V6414G,AGB-AXVJ-0 I2 R26V6414G-0A7 243A262,OKI,Week 43/2002,2002,,43,Flash,MX29L010TC-15,E023057 MX29L010TC-15 1E0290,Macronix,Week 30/2002,2002,,30,RTC,S-3511A,S3511 AV29 7200,Seiko Instruments Inc.,September/2002,2002,September,,,,,,,,,,,,,,,,,,,,,,,,,,,,,,,,,,Crystal,,,,,,,,CR1616,,,,,,,,,,e911caa1ffbf8704cd45bbe064ade40e24efa50dfdce82adf4b2899b5f733852
AGB-AXVS-0,Entry #1,fexcollects-1,https://gbhwdb.gekkio.fi/cartridges/AGB-AXVS-0/fexcollects-1.html,FexCollects,Pokemon - Edicion Rubi (Spain),AGB-AXVS-ESP,11,AGB-E05-01,I,D-2,May/2003,2003,May,,ROM,MX23L12807-12C,N032358-M MX23L12807-12C AGB-AXVS-0 J2 2H552600,Macronix,Week 23/2003,2003,,23,Flash,MX29L010TC-15A1,E030557 MX29L010TC-15A1 1E8122,Macronix,Week 5/2003,2003,,5,RTC,S-3511A,S3511 AV33 0482,Seiko Instruments Inc.,March/2003,2003,March,,,,,,,,,,,,,,,,,,,,,,,,,,,,,,,,,,Crystal,,,,,,,,CR1616,,,,,,,,,,b03c3d0230889a40615371bd616f02160dd1e33bb116659d72d98c27462c40d0
AGB-AXYP-0,Entry #1,3615retro-1,https://gbhwdb.gekkio.fi/cartridges/AGB-AXYP-0/3615retro-1.html,3615Retro,"SSX Tricky (USA, Europe) (En,Fr,De)",AGB-AXYP-EUR,08,AGB-E03-10,K,J-2,September/2002,2002,September,,ROM,MX23L6406-12C,E023846-M MX23L6406-12C AGB-AXYP-0 I2 2G310601,Macronix,Week 38/2002,2002,,38,EEPROM,9853,9853 2872,ROHM,August/2002,2002,August,,,,,,,,,,,,,,,,,,,,,,,,,,,,,,,,,,,,,,,,,,,,,,,,,,,,,,,,,e0988123,512dace284790f3a5ca14838459df5a6,e7a07a86b09514f76213afc4aa2f416475a1e2f8,21465c75f93d5c92e641dec4b4f9f4ad34e67888952785a05227296aec15b521
AGB-AY7E-0,Entry #1,fexcollects-1,https://gbhwdb.gekkio.fi/cartridges/AGB-AY7E-0/fexcollects-1.html,FexCollects,Yu-Gi-Oh! - The Sacred Cards (USA),AGB-AY7E-USA,13,AGB-E11-01,MB,J-6,September/2003,2003,September,,ROM,AC23V128111,HYNIX AC23V128111 AGB-AY7E-0 J2 NL0013,Hynix,,,,,RAM,MB85R256A,JAPAN MB85R256A 0335 M31,Fujitsu,Week 35/2003,2003,,35,,,,,,,,,,,,,,,,,,,,,,,,,,,,,,,,,,,,,,,,,,,,,,,,,,,,,,,,,,,093f986a92d73c48e11de0a83c6678c3620f8def6173f5e69133815301b40d8f
AGB-AY7P-0,Entry #1,granmastro-1,https://gbhwdb.gekkio.fi/cartridges/AGB-AY7P-0/granmastro-1.html,Granmastro,"Yu-Gi-Oh! - The Sacred Cards (Europe) (En,Fr,De,Es,It)",AGB-AY7P-ITA,,AGB-E11-10,MB,J-3,November/2003,2003,November,,ROM,MX23L12806-12C,S035038-M MX23L12806-12C AGB-AY7P-0 J2 2I975900A4,Macronix,Week 50/2003,2003,,50,RAM,MB85R256A,JAPAN MB85R256A 0345 M71,Fujitsu,Week 45/2003,2003,,45,,,,,,,,,,,,,,,,,,,,,,,,,,,,,,,,,,,,,,,,,,,,,,,,,,,,,,,,,,,
AGB-AY7P-0,Entry #1,ikk5-1,https://gbhwdb.gekkio.fi/cartridges/AGB-AY7P-0/ikk5-1.html,ikk5,"Yu-Gi-Oh! - The Sacred Cards (Europe) (En,Fr,De,Es,It)",AGB-AY7P-HOL,15 E3,AGB-Y11-02,I,B-3,July/2005,2005,July,,ROM,MX23L12806-12C,E052938-MG MX23L12806-12C AGB-AY7P-0 J2 2K962800,Macronix,Week 29/2005,2005,,29,RAM,MB85R256S,JAPAN MB85R256S 0542 M47 E1,Fujitsu,Week 42/2005,2005,,42,,,,,,,,,,,,,,,,,,,,,,,,,,,,,,,,,,,,,,,,,,,,,,,,,,,,,,,,,,,
AGB-AY8E-0,Entry #1,ikk5-1,https://gbhwdb.gekkio.fi/cartridges/AGB-AY8E-0/ikk5-1.html,ikk5,Yu-Gi-Oh! - Reshef of Destruction (USA),AGB-AY8E-USA,22,AGB-E11-10,I,J-5,April/2004,2004,April,,ROM,MX23L12806-12C,E041638-M MX23L12806-12C AGB-AY8E-0 J2 2K060800,Macronix,Week 16/2004,2004,,16,RAM,MB85R256A,JAPAN MB85R256A 0406 M56,Fujitsu,Week 6/2004,2004,,6,,,,,,,,,,,,,,,,,,,,,,,,,,,,,,,,,,,,,,,,,,,,,,,,,,,,,,,,,,,
AGB-AY8P-0,Entry #1,ikk5-1,https://gbhwdb.gekkio.fi/cartridges/AGB-AY8P-0/ikk5-1.html,ikk5,"Yu-Gi-Oh! - Reshef of Destruction (Europe) (En,Fr,De,Es,It)",AGB-AY8P-UKV,34,AGB-Y11-01,MB,A-2,July/2004,2004,July,,ROM,MX23L12806-12C,C043238-M MX23L12806-12C AGB-AY8P-0 J2 2K573100,Macronix,Week 32/2004,2004,,32,RAM,MB85R256A,JAPAN MB85R256A 0412 M83,Fujitsu,Week 12/2004,2004,,12,,,,,,,,,,,,,,,,,,,,,,,,,,,,,,,,,,,,,,,,,,,,,,,,,,,,,,,,,,,
AGB-AYCP-0,Entry #1,3615retro-1,https://gbhwdb.gekkio.fi/cartridges/AGB-AYCP-0/3615retro-1.html,3615Retro,Phantasy Star Collection (Europe),AGB-AYCP-EUR,41,AGB-E03-20,K,O-4,January/2003,2003,January,,ROM,MX23L6406-12C,E030446-M MX23L6406-12C AGB-AYCP-0 I2 2G761501,Macronix,Week 4/2003,2003,,4,EEPROM,9854,9854 2T45W,ROHM,2002,2002,,,,,,,,,,,,,,,,,,,,,,,,,,,,,,,,,,,,,,,,,,,,,,,,,,,,,,,,,,4d9c671b,6c36961dc125f8507c941888640a0272,8b8b31a2bc023121205f4bb87f20240fc0a98c66,6cd2669b17124f971cf2d50ec477102cf75a5ce06a4d1488506ff254f1353db6
AGB-AYDP-0,Entry #1,ikk5-1,https://gbhwdb.gekkio.fi/cartridges/AGB-AYDP-0/ikk5-1.html,ikk5,"Yu-Gi-Oh! - Dungeon Dice Monsters (Europe) (En,Fr,De,Es,It)",AGB-AYDP-EUR,34,AGB-E02-20,MB,I-3,September/2003,2003,September,,ROM,AC23V64101,HYNIX AC23V64101 AGB-AYDP-0 I2 ZBR2527,Hynix,,,,,Flash,SST39VF512-70-4C-WH,39VF512 70-4C-WH 0129052-D,SST,Week 29/2001,2001,,29,,,,,,,,,,,,,,,,,,,,,,,,,,,,,,,,,,,,,,,,,,,,,,,,,,,,,,,,,,,
AGB-AYDP-0,Entry #1,missingno-force-1,https://gbhwdb.gekkio.fi/cartridges/AGB-AYDP-0/missingno-force-1.html,Missingno_force,"Yu-Gi-Oh! - Dungeon Dice Monsters (Europe) (En,Fr,De,Es,It)",AGB-AYDP-EUR,07,AGB-E02-20,I,K-5,October/2003,2003,October,,ROM,MX23L6406-12C,S034046-M MX23L6406-12C AGB-AYDP-0 I2 2I083000,Macronix,Week 40/2003,2003,,40,Flash,SST39VF512-70-4C-WH,39VF512 70-4C-WH 0329095-D,SST,Week 29/2003,2003,,29,,,,,,,,,,,,,,,,,,,,,,,,,,,,,,,,,,,,,,,,,,,,,,,,,,,,,,,,,,,
AGB-AYNP-0,Entry #1,ikk5-1,https://gbhwdb.gekkio.fi/cartridges/AGB-AYNP-0/ikk5-1.html,ikk5,"Planet of the Apes (Europe) (En,Fr,De,Es,It,Nl)",AGB-AYNP-EUR,01,AGB-E01-10,I,K-5,September/2001,2001,September,,ROM,MX23L3206-12B,M013921-M MX23L3206-12B AGB-AYNP-0 H2 2E395200B0,Macronix,Week 39/2001,2001,,39,,,,,,,,,,,,,,,,,,,,,,,,,,,,,,,,,,,,,,,,,,,,,,,,,,,,,,,,,,,,,,,,,,,
AGB-AYWP-0,Entry #1,ikk5-1,https://gbhwdb.gekkio.fi/cartridges/AGB-AYWP-0/ikk5-1.html,ikk5,"Yu-Gi-Oh! - Worldwide Edition - Stairway to the Destined Duel (Europe) (En,Ja,Fr,De,Es,It)",AGB-AYWP-EUR,34,AGB-Y11-01,MB,I-1,July/2004,2004,July,,ROM,MX23L12806-12C,S042938-M MX23L12806-12C AGB-AYUP-0 J2 2K510801A1,Macronix,Week 29/2004,2004,,29,RAM,MB85R256A,JAPAN MB85R256A 0410 M29,Fujitsu,Week 10/2004,2004,,10,,,,,,,,,,,,,,,,,,,,,,,,,,,,,,,,,,,,,,,,,,,,,,,,,,,,,,,,,,,
AGB-AYZP-0,Entry #1,3615retro-1,https://gbhwdb.gekkio.fi/cartridges/AGB-AYZP-0/3615retro-1.html,3615Retro,"Rayman 3 (Europe) (En,Fr,De,Es,It,Nl,Sv,No,Da,Fi)",AGB-AYZP-EUR,22,AGB-E03-20,K,S-1,May/2003,2003,May,,ROM,MX23L6406-12C,S025246-M MX23L6406-12C AGB-AYZP-0 I2 2G735002B0,Macronix,Week 52/2002,2002,,52,EEPROM,9853,9853 3533,ROHM,May/2003,2003,May,,,,,,,,,,,,,,,,,,,,,,,,,,,,,,,,,,,,,,,,,,,,,,,,,,,,,,,,,29f83314,14d8dddf41901b02db25a04ab587664b,21b7296d29486ccab68bdfa45ab24b9d370d052c,126c91bdf5b8b44655472ab656598ec32a56ecd76cd7cf6068a036e0e955030c
AGB-AYZP-0,Entry #1,granmastro-1,https://gbhwdb.gekkio.fi/cartridges/AGB-AYZP-0/granmastro-1.html,Granmastro,"Rayman 3 (Europe) (En,Fr,De,Es,It,Nl,Sv,No,Da,Fi)",AGB-AYZP-EUR,,AGB-E03-20,CS,A-6,August/2004,2004,August,,ROM,MX23L6406-12C,E044146-M MX23L6406-12C AGB-AYZP-0 I2 2L088800A1,Macronix,Week 41/2004,2004,,41,EEPROM,9853,9853 4948,ROHM,September/2004,2004,September,,,,,,,,,,,,,,,,,,,,,,,,,,,,,,,,,,,,,,,,,,,,,,,,,,,,,,,,,,,,
AGB-AYZP-0,Entry #1,ikk5-1,https://gbhwdb.gekkio.fi/cartridges/AGB-AYZP-0/ikk5-1.html,ikk5,"Rayman 3 (Europe) (En,Fr,De,Es,It,Nl,Sv,No,Da,Fi)",AGB-AYZP-EUR,09,AGB-E03-20,CS,A-1,October/2004,2004,October,,ROM,MX23L6406-12C,E050346-MG MX23L6406-12C AGB-AYZP-0 I2 2L219802A1,Macronix,Week 3/2005,2005,,3,EEPROM,9853,9853 5197,ROHM,January/2005,2005,January,,,,,,,,,,,,,,,,,,,,,,,,,,,,,,,,,,,,,,,,,,,,,,,,,,,,,,,,,,,,
AGB-AZ2E-0,Entry #1,echelonprime-1,https://gbhwdb.gekkio.fi/cartridges/AGB-AZ2E-0/echelonprime-1.html,EchelonPrime,Zoids - Legacy (USA),AGB-AZ2E-USA,,AGB-Y11-01,I,C-4,July/2004,2004,July,,ROM,MX23L6406-12C,M043246-M MX23L6406-12C AGB-AZ2E-0 I2 2K050600,Macronix,Week 32/2004,2004,,32,RAM,MB85R256A,JAPAN MB85R256A 0412 M88,Fujitsu,Week 12/2004,2004,,12,,,,,,,,,,,,,,,,,,,,,,,,,,,,,,,,,,,,,,,,,,,,,,,,,,,,,,,,,,,
AGB-AZEP-0,Entry #1,3615retro-1,https://gbhwdb.gekkio.fi/cartridges/AGB-AZEP-0/3615retro-1.html,3615Retro,"Zone of the Enders - The Fist of Mars (Europe) (En,Fr,De)",AGB-AZEP-EUR,13,AGB-E02-10,I,K-6,April/2002,2002,April,,ROM,MX23L6406-12B,E021707-M MX23L6406-12B AGB-AZEP-0 I2 2F824500,Macronix,Week 17/2002,2002,,17,Flash,SST39VF512-70-4C-WH,39VF512 70-4C-WH 0143078-D,SST,Week 43/2001,2001,,43,,,,,,,,,,,,,,,,,,,,,,,,,,,,,,,,,,,,,,,,,,,,,,,,,,,,,,,,973496e0,55b8193f7a2e96d6af029e2411fe22cb,2441dcc18125514596c36b7ebc090f3fb3644fdb,4516368570d8319b533b9e61caf047cf886443ebe139659519ee69d6f58696d1
AGB-AZIX-0,Entry #1,3615retro-1,https://gbhwdb.gekkio.fi/cartridges/AGB-AZIX-0/3615retro-1.html,3615Retro,"Finding Nemo (Europe) (Fr,Nl)",AGB-AZIX-EUR,12,AGB-E01-30,I,E-4,September/2003,2003,September,,ROM,MX23L6406-12C,S033746-M MX23L6406-12C AGB-AZIX-0 I2 2I030400,Macronix,Week 37/2003,2003,,37,,,,,,,,,,,,,,,,,,,,,,,,,,,,,,,,,,,,,,,,,,,,,,,,,,,,,,,,,,,,,,,,269af7dd,4c863f423cd8052bb3d780da001745b0,587f8cc627329ee76a129d7d6e7c56f20f6cd832,37417d14cde26d63127fae382d8384460bef907667d36a4b6ad5899bec3c7f49
AGB-AZLE-0,Entry #1,kurodo-1,https://gbhwdb.gekkio.fi/cartridges/AGB-AZLE-0/kurodo-1.html,Kurodo,"Legend of Zelda, The - A Link to the Past & Four Swords (USA)",AGB-AZLE-USA,22,AGB-E03-20,I,N-4,October/2002,2002,October,,ROM,MX23L6406-12C,S024346-M MX23L6406-12C AGB-AZLE-0 I2 2G525000,Macronix,Week 43/2002,2002,,43,EEPROM,9854,9854 2S17W,ROHM,2002,2002,,,,,,,,,,,,,,,,,,,,,,,,,,,,,,,,,,,,,,,,,,,,,,,,,,,,,,,,,,,,,
AGB-AZLP-0,Entry #1,granmastro-1,https://gbhwdb.gekkio.fi/cartridges/AGB-AZLP-0/granmastro-1.html,Granmastro,"Legend of Zelda, The - A Link to the Past & Four Swords (Europe) (En,Fr,De,Es,It)",AGB-AZLP-EUR,,AGB-E03-20,CS,A-4,August/2003,2003,August,,ROM,AC23V64101,HYNIX AC23V64101 AGB-AZLP-0 I2 ZBR2401,Hynix,,,,,EEPROM,9854,9854 3Q84W,ROHM,2003,2003,,,,,,,,,,,,,,,,,,,,,,,,,,,,,,,,,,,,,,,,,,,,,,,,,,,,,,,,,,,,,
AGB-AZLP-0,Entry #2,granmastro-2,https://gbhwdb.gekkio.fi/cartridges/AGB-AZLP-0/granmastro-2.html,Granmastro,"Legend of Zelda, The - A Link to the Past & Four Swords (Europe) (En,Fr,De,Es,It)",AGB-AZLP-EUR,00,AGB-E03-20,K,I-1,January/2003,2003,January,,ROM,MX23L6406-12C,M030646-M MX23L6406-12C AGB-AZLP-0 I2 2G531700,Macronix,Week 6/2003,2003,,6,EEPROM,9854,9854 2T92W,ROHM,2002,2002,,,,,,,,,,,,,,,,,,,,,,,,,,,,,,,,,,,,,,,,,,,,,,,,,,,,,,,,,,,,,
AGB-AZLP-0,Entry #1,kurodo-1,https://gbhwdb.gekkio.fi/cartridges/AGB-AZLP-0/kurodo-1.html,Kurodo,"Legend of Zelda, The - A Link to the Past & Four Swords (Europe) (En,Fr,De,Es,It)",AGB-AZLP-EUR,13,AGB-E03-20,K,K-6,January/2003,2003,January,,ROM,AC23V64101,HYNIX AC23V64101 AGB-AZLP-0 I2 ZBR1467,Hynix,,,,,EEPROM,9854,9854 2S69W,ROHM,2002,2002,,,,,,,,,,,,,,,,,,,,,,,,,,,,,,,,,,,,,,,,,,,,,,,,,,,,,,,,,,,,,
AGB-AZLP-0,Entry #2,kurodo-2,https://gbhwdb.gekkio.fi/cartridges/AGB-AZLP-0/kurodo-2.html,Kurodo,"Legend of Zelda, The - A Link to the Past & Four Swords (Europe) (En,Fr,De,Es,It)",AGB-AZLP-EUR,00,AGB-E03-20,CS,A-3,September/2003,2003,September,,ROM,MX23L6406-12C,S034346-M MX23L6406-12C AGB-AZLP-0 I2 2I035805,Macronix,Week 43/2003,2003,,43,EEPROM,9854,9854 3S89W,ROHM,2003,2003,,,,,,,,,,,,,,,,,,,,,,,,,,,,,,,,,,,,,,,,,,,,,,,,,,,,,,,,,,,,,
AGB-AZPP-0,Entry #1,ikk5-1,https://gbhwdb.gekkio.fi/cartridges/AGB-AZPP-0/ikk5-1.html,ikk5,"Zapper (Europe) (En,Fr,De,Es,It)",AGB-AZPP-EUR,41,AGB-E03-20,I,K-3,November/2002,2002,November,,ROM,MX23L3206-12B,S030321-M MX23L3206-12B AGB-AZPP-0 H2 2F371704B0,Macronix,Week 3/2003,2003,,3,EEPROM,9853,9853 2A76,ROHM,October/2002,2002,October,,,,,,,,,,,,,,,,,,,,,,,,,,,,,,,,,,,,,,,,,,,,,,,,,,,,,,,,,,,,
AGB-AZWP-0,Entry #1,3615retro-1,https://gbhwdb.gekkio.fi/cartridges/AGB-AZWP-0/3615retro-1.html,3615Retro,"WarioWare, Inc. - Minigame Mania (Europe) (En,Fr,De,Es,It)",AGB-AZWP-EUR,20,AGB-Y11-01,I,I-1,August/2004,2004,August,,ROM,MX23L6406-12C,S044046-M MX23L6406-12C AGB-AZWP-0 I2 2K000201,Macronix,Week 40/2004,2004,,40,RAM,MB85R256A,JAPAN MB85R256A 0430 M14 E1,Fujitsu,Week 30/2004,2004,,30,,,,,,,,,,,,,,,,,,,,,,,,,,,,,,,,,,,,,,,,,,,,,,,,,,,,,,,,500ca178,31c33a781f3a6bd3af3a4497e6d88c3c,aad81e722aa88f98913c0354e559f845c4689cce,c298d2b040ad4f2c42b926f998214604472db4eb3bc2da6a1723670092e35f6d
AGB-AZWP-0,Entry #1,ikk5-1,https://gbhwdb.gekkio.fi/cartridges/AGB-AZWP-0/ikk5-1.html,ikk5,"WarioWare, Inc. - Minigame Mania (Europe) (En,Fr,De,Es,It)",AGB-AZWP-EUR,22,AGB-Y11-01,I,O-4,March/2004,2004,March,,ROM,MR26V6415G,AGB-AZWP-0 I2 R26V6415G-0H4 420ABAL,OKI,Week 20/2004,2004,,20,RAM,MB85R256A,JAPAN MB85R256A 0408 M79,Fujitsu,Week 8/2004,2004,,8,,,,,,,,,,,,,,,,,,,,,,,,,,,,,,,,,,,,,,,,,,,,,,,,,,,,,,,,,,,
AGB-B24E-0,Entry #1,hdr-1,https://gbhwdb.gekkio.fi/cartridges/AGB-B24E-0/hdr-1.html,HDR,"Pokemon Mystery Dungeon - Red Rescue Team (USA, Australia)",AGB-B24E-USA,00 E4,AGB-E02-30,I,F-1,June/2007,2007,June,,ROM,MX23L25607-12D2,S073153-MG MX23L25607-12D2 AGB-B24E-0 K2 2U361400,Macronix,Week 31/2007,2007,,31,Flash,MX29L010TC-15A1,B072957G MX29L010TC-15A1 1H6099,Macronix,Week 29/2007,2007,,29,,,,,,,,,,,,,,,,,,,,,,,,,,,,,,,,,,,,,,,,,,,,,,,,,,,,,,,,,,,ad316814c77ed083734d816ebcde2ece390efae8d15bcb6c66d7c2862d82eb68
AGB-B24E-0,Entry #2,hdr-2,https://gbhwdb.gekkio.fi/cartridges/AGB-B24E-0/hdr-2.html,HDR,"Pokemon Mystery Dungeon - Red Rescue Team (USA, Australia)",AGB-B24E-USA,00 E4,AGB-E02-30,I,L-5,October/2006,2006,October,,ROM,MX23L25607-12D2,B064453-MG MX23L25607-12D2 AGB-B24E-0 K2 2T538400,Macronix,Week 44/2006,2006,,44,Flash,MX29L010TC-15A1,B064257G MX29L010TC-15A1 1H4973,Macronix,Week 42/2006,2006,,42,,,,,,,,,,,,,,,,,,,,,,,,,,,,,,,,,,,,,,,,,,,,,,,,,,,,,,,,,,,ad316814c77ed083734d816ebcde2ece390efae8d15bcb6c66d7c2862d82eb68
AGB-B24E-0,Entry #3,hdr-3,https://gbhwdb.gekkio.fi/cartridges/AGB-B24E-0/hdr-3.html,HDR,"Pokemon Mystery Dungeon - Red Rescue Team (USA, Australia)",AGB-B24E-USA,41 E4,AGB-E02-30,I,B-3,November/2006,2006,November,,ROM,MX23L25607-12D2,B064653-MG MX23L25607-12D2 AGB-B24E-0 K2 2T568100,Macronix,Week 46/2006,2006,,46,Flash,MX29L010TC-15A1,E064657G MX29L010TC-15A1 1H5275,Macronix,Week 46/2006,2006,,46,,,,,,,,,,,,,,,,,,,,,,,,,,,,,,,,,,,,,,,,,,,,,,,,,,,,,,,,,,,ad316814c77ed083734d816ebcde2ece390efae8d15bcb6c66d7c2862d82eb68
AGB-B24E-0,Entry #4,hdr-4,https://gbhwdb.gekkio.fi/cartridges/AGB-B24E-0/hdr-4.html,HDR,"Pokemon Mystery Dungeon - Red Rescue Team (USA, Australia)",AGB-B24E-USA,00 E4,AGB-E02-30,I,I-5,October/2006,2006,October,,ROM,MX23L25607-12D2,S064453-MG MX23L25607-12D2 AGB-B24E-0 K2 2T550100,Macronix,Week 44/2006,2006,,44,Flash,MX29L010TC-15A1,E064157G MX29L010TC-15A1 1H4971,Macronix,Week 41/2006,2006,,41,,,,,,,,,,,,,,,,,,,,,,,,,,,,,,,,,,,,,,,,,,,,,,,,,,,,,,,,,,,ad316814c77ed083734d816ebcde2ece390efae8d15bcb6c66d7c2862d82eb68
AGB-B24E-0,Entry #5,hdr-5,https://gbhwdb.gekkio.fi/cartridges/AGB-B24E-0/hdr-5.html,HDR,"Pokemon Mystery Dungeon - Red Rescue Team (USA, Australia)",AGB-B24E-USA,00 E4,AGB-E02-30,I,F-2,October/2006,2006,October,,ROM,MX23L25607-12D2,B064453-MG MX23L25607-12D2 AGB-B24E-0 K2 2T538400,Macronix,Week 44/2006,2006,,44,Flash,MX29L010TC-15A1,E064157G MX29L010TC-15A1 1H4971,Macronix,Week 41/2006,2006,,41,,,,,,,,,,,,,,,,,,,,,,,,,,,,,,,,,,,,,,,,,,,,,,,,,,,,,,,,,,,ad316814c77ed083734d816ebcde2ece390efae8d15bcb6c66d7c2862d82eb68
AGB-B24E-0,Entry #6,hdr-6,https://gbhwdb.gekkio.fi/cartridges/AGB-B24E-0/hdr-6.html,HDR,"Pokemon Mystery Dungeon - Red Rescue Team (USA, Australia)",AGB-B24E-USA,00 E4,AGB-E02-30,I,K-6,October/2006,2006,October,,ROM,MX23L25607-12D2,a064553-MG MX23L25607-12D2 AGB-B24E-0 K2 2T536900,Macronix,Week 45/2006,2006,,45,Flash,MX29L010TC-15A1,B064157G MX29L010TC-15A1 1H4943,Macronix,Week 41/2006,2006,,41,,,,,,,,,,,,,,,,,,,,,,,,,,,,,,,,,,,,,,,,,,,,,,,,,,,,,,,,,,,ad316814c77ed083734d816ebcde2ece390efae8d15bcb6c66d7c2862d82eb68
AGB-B24P-0,Entry #1,fexcollects-1,https://gbhwdb.gekkio.fi/cartridges/AGB-B24P-0/fexcollects-1.html,FexCollects,"Pokemon Mystery Dungeon - Red Rescue Team (Europe) (En,Fr,De,Es,It)",AGB-B24P-EUR,08,AGB-E02-30,I,G-6,August/2006,2006,August,,ROM,MX23L25607-12D2,B063953-MG MX23L25607-12D2 AGB-B24P-0 K2 2T016800,Macronix,Week 39/2006,2006,,39,Flash,MX29L010TC-15A1,B063857G MX29L010TC-15A1 1H4751,Macronix,Week 38/2006,2006,,38,,,,,,,,,,,,,,,,,,,,,,,,,,,,,,,,,,,,,,,,,,,,,,,,,,,,,,,,,,,0f9d125d513d9cba628d97e2c345382eba9ba73b402b24a8fdd81f604c14cbcd
AGB-B24P-0,Entry #1,granmastro-1,https://gbhwdb.gekkio.fi/cartridges/AGB-B24P-0/granmastro-1.html,Granmastro,"Pokemon Mystery Dungeon - Red Rescue Team (Europe) (En,Fr,De,Es,It)",AGB-B24P-EUR,,AGB-E02-30,I,C-3,November/2006,2006,November,,ROM,MX23L25607-12D,S064653-MG MX23L25607-12D AGB-B24P-0 K2 2K959400,Macronix,Week 46/2006,2006,,46,Flash,MX29L010TC-15A1,E064657G MX29L010TC-15A1 1H5265,Macronix,Week 46/2006,2006,,46,,,,,,,,,,,,,,,,,,,,,,,,,,,,,,,,,,,,,,,,,,,,,,,,,,,,,,,,,,,
AGB-B24P-0,Entry #2,granmastro-2,https://gbhwdb.gekkio.fi/cartridges/AGB-B24P-0/granmastro-2.html,Granmastro,"Pokemon Mystery Dungeon - Red Rescue Team (Europe) (En,Fr,De,Es,It)",AGB-B24P-EUR,,AGB-E02-30,I,C-5,August/2006,2006,August,,ROM,MX23L25607-12D2,B063953-MG MX23L25607-12D2 AGB-B24P-0 K2 2T012300,Macronix,Week 39/2006,2006,,39,Flash,MX29L010TC-15A1,B063857G MX29L010TC-15A1 1H4716,Macronix,Week 38/2006,2006,,38,,,,,,,,,,,,,,,,,,,,,,,,,,,,,,,,,,,,,,,,,,,,,,,,,,,,,,,,,,,
AGB-B24P-0,Entry #1,ikk5-1,https://gbhwdb.gekkio.fi/cartridges/AGB-B24P-0/ikk5-1.html,ikk5,"Pokemon Mystery Dungeon - Red Rescue Team (Europe) (En,Fr,De,Es,It)",AGB-B24P-EUR,19 E4,AGB-E02-30,I,E-1,November/2006,2006,November,,ROM,MX23L25607-12D2,S064753-MG MX23L25607-12D2 AGB-B24P-0 K2 2T632700,Macronix,Week 47/2006,2006,,47,Flash,MX29L010TC-15A1,E064657G MX29L010TC-15A1 1H5273,Macronix,Week 46/2006,2006,,46,,,,,,,,,,,,,,,,,,,,,,,,,,,,,,,,,,,,,,,,,,,,,,,,,,,,,,,,,,,
AGB-B27P-0,Entry #1,ikk5-1,https://gbhwdb.gekkio.fi/cartridges/AGB-B27P-0/ikk5-1.html,ikk5,"Top Spin 2 (Europe) (En,Fr,De,Es,It)",AGB-B27P-EUR,19 E3,AGB-E03-21,GB,B-1,October/2005,2005,October,,ROM,MX23L12806-12C,S060838-MG MX23L12806-12C AGB-B27P-0 J2 20424700A1,Macronix,Week 8/2006,2006,,8,EEPROM,HT01,HT01 A549K0031%,,Week 49/2005,2005,,49,,,,,,,,,,,,,,,,,,,,,,,,,,,,,,,,,,,,,,,,,,,,,,,,,,,,,,,,,,,
AGB-B2BP-0,Entry #1,3615retro-1,https://gbhwdb.gekkio.fi/cartridges/AGB-B2BP-0/3615retro-1.html,3615Retro,"2 Games in 1 - The SpongeBob SquarePants Movie + SpongeBob SquarePants and Friends in Freeze Frame Frenzy (Europe) (En,Fr,De,Es,It,Nl+En,Fr,De,Es,Nl)",AGB-B2BP-EUR,00 E3,AGB-E03-21,GB,G-4,August/2005,2005,August,,ROM,MX23L12806-12C,S053738-MG MX23L12806-12C AGB-B2BP-0 J2 2K619900,Macronix,Week 37/2005,2005,,37,EEPROM,9853,9853 5971,ROHM,September/2005,2005,September,,,,,,,,,,,,,,,,,,,,,,,,,,,,,,,,,,,,,,,,,,,,,,,,,,,,,,,,,a04cebfe,61c2b1e42c45705bc19cb905ae25bd2d,0286e31772601f7c7420722e8fbf8a210d562a06,92557eb4c104a883d5cc66b59df1cc2c1368c0107608ea57cdff4738177cdd02
AGB-B2BP-0,Entry #1,ikk5-1,https://gbhwdb.gekkio.fi/cartridges/AGB-B2BP-0/ikk5-1.html,ikk5,"2 Games in 1 - The SpongeBob SquarePants Movie + SpongeBob SquarePants and Friends in Freeze Frame Frenzy (Europe) (En,Fr,De,Es,It,Nl+En,Fr,De,Es,Nl)",AGB-B2BP-EUR,00 E4,AGB-E03-21,MB,H-5,August/2006,2006,August,,ROM,MX23L12806-12C,S063538-MG MX23L12806-12C AGB-B2BP-0 J2 2O424203,Macronix,Week 35/2006,2006,,35,EEPROM,9853,9853 6757,ROHM,July/2006,2006,July,,,,,,,,,,,,,,,,,,,,,,,,,,,,,,,,,,,,,,,,,,,,,,,,,,,,,,,,,,,,
AGB-B2DP-0,Entry #1,ikk5-1,https://gbhwdb.gekkio.fi/cartridges/AGB-B2DP-0/ikk5-1.html,ikk5,"Donkey Kong Country 2 (Europe) (En,Fr,De,Es,It)",AGB-B2DP-EUR,07,AGB-E03-20,CS,A-1,March/2004,2004,March,,ROM,MX23L6406-12C,S041946-M MX23L6406-12C AGB-B2DP-0 I2 2K100300A1,Macronix,Week 19/2004,2004,,19,EEPROM,9854,9854 4E25W,ROHM,2004,2004,,,,,,,,,,,,,,,,,,,,,,,,,,,,,,,,,,,,,,,,,,,,,,,,,,,,,,,,,,,,,
AGB-B2LP-0,Entry #1,3615retro-1,https://gbhwdb.gekkio.fi/cartridges/AGB-B2LP-0/3615retro-1.html,3615Retro,"Totally Spies! 2 - Undercover (Europe) (En,Fr,De,Es,It,Nl)",AGB-B2LP-EUR,09 E4,AGB-E03-21,CS,I-1,September/2006,2006,September,,ROM,MR27V6416M,AGB-B2LP-0 I2 R27V6416M-0TB 6445BJ9J,OKI,Week 44/2006,2006,,44,EEPROM,9853,9853 6950,ROHM,September/2006,2006,September,,,,,,,,,,,,,,,,,,,,,,,,,,,,,,,,,,,,,,,,,,,,,,,,,,,,,,,,,ca245559,a5775a65801ccdd6c88778262d9a4d0a,fca3563c20334b215966b4a4f270a03f413517b7,2753ad44365dba3d39b0ece322cc8fe191b5941c60fc64e44345d1b39f440888
AGB-B2LP-0,Entry #1,ikk5-1,https://gbhwdb.gekkio.fi/cartridges/AGB-B2LP-0/ikk5-1.html,ikk5,"Totally Spies! 2 - Undercover (Europe) (En,Fr,De,Es,It,Nl)",AGB-B2LP-EUR,09 E4,AGB-E03-21,CS,M-6,September/2006,2006,September,,ROM,MR27V6416M,AGB-B2LP-0 I2 R27V6416M-0TB 6445BJAJ,OKI,Week 44/2006,2006,,44,EEPROM,9853,9853 6950,ROHM,September/2006,2006,September,,,,,,,,,,,,,,,,,,,,,,,,,,,,,,,,,,,,,,,,,,,,,,,,,,,,,,,,,,,,
AGB-B2NP-0,Entry #1,ikk5-1,https://gbhwdb.gekkio.fi/cartridges/AGB-B2NP-0/ikk5-1.html,ikk5,"Arthur and the Minimoys (Europe) (En,Fr,De,Es,It,Nl)",AGB-B2NP-EUR,15 E4,AGB-E03-21,CS,D-2,September/2006,2006,September,,ROM,MR27V12813M,AGB-B2NP-0 J2 R27V12813M-07B 6505BAYJ,OKI,Week 50/2006,2006,,50,EEPROM,9853,9853 6A82,ROHM,October/2006,2006,October,,,,,,,,,,,,,,,,,,,,,,,,,,,,,,,,,,,,,,,,,,,,,,,,,,,,,,,,,,,,
AGB-B2WP-0,Entry #1,ikk5-1,https://gbhwdb.gekkio.fi/cartridges/AGB-B2WP-0/ikk5-1.html,ikk5,"Chronicles of Narnia, The - The Lion, the Witch and the Wardrobe (USA, Europe) (En,Fr,De,Es,It,Nl,Sv,Da)",AGB-B2WP-EUR,00 E3,AGB-E03-21,CS,D-4,September/2005,2005,September,,ROM,MX23L12806-12C,S054338-MG MX23L12806-12C AGB-B2WP-0 J2 2N151500A1,Macronix,Week 43/2005,2005,,43,EEPROM,HT01,HT01 A513K0082%,,Week 13/2005,2005,,13,,,,,,,,,,,,,,,,,,,,,,,,,,,,,,,,,,,,,,,,,,,,,,,,,,,,,,,,,,,
AGB-B3BP-0,Entry #1,granmastro-1,https://gbhwdb.gekkio.fi/cartridges/AGB-B3BP-0/granmastro-1.html,Granmastro,"ATV - Thunder Ridge Riders (Europe) (En,Fr,De,Es,It)",AGB-B3BP-EUR,,AGB-E01-41,I,E-3,October/2006,2006,October,,ROM,MX23L3206-12B,S064421-MG MX23L3206-12B AGB-B3BP-0 H2 2T222304,Macronix,Week 44/2006,2006,,44,,,,,,,,,,,,,,,,,,,,,,,,,,,,,,,,,,,,,,,,,,,,,,,,,,,,,,,,,,,,,,,,,,,
AGB-B3HP-0,Entry #1,ikk5-1,https://gbhwdb.gekkio.fi/cartridges/AGB-B3HP-0/ikk5-1.html,ikk5,"Shrek the Third (Europe) (En,Fr,De,Es,It,Nl)",AGB-B3HP-EUR,15 E4,AGB-E03-21,MB,L-6,March/2007,2007,March,,ROM,AC23V64101,MAGNACHIP AC23V64101 AGB-B3HP-0 I2 GB3790 PS,Magnachip,,,,,EEPROM,9853,9853 7169,ROHM,January/2007,2007,January,,,,,,,,,,,,,,,,,,,,,,,,,,,,,,,,,,,,,,,,,,,,,,,,,,,,,,,,,,,,
AGB-B3LP-0,Entry #1,ikk5-1,https://gbhwdb.gekkio.fi/cartridges/AGB-B3LP-0/ikk5-1.html,ikk5,"Killer 3D Pool (Europe) (En,Fr,De,Es,It)",AGB-B3LP-EUR,19,AGB-E01-40,A,G-6,February/2005,2005,February,,ROM,MX23L3206-12B,E051021-MG MX23L3206-12B AGB-B3LP-0 H2 2L137302,Macronix,Week 10/2005,2005,,10,,,,,,,,,,,,,,,,,,,,,,,,,,,,,,,,,,,,,,,,,,,,,,,,,,,,,,,,,,,,,,,,,,,
AGB-B3SP-0,Entry #1,kurodo-1,https://gbhwdb.gekkio.fi/cartridges/AGB-B3SP-0/kurodo-1.html,Kurodo,"Sonic Advance 3 (Europe) (En,Ja,Fr,De,Es,It)",AGB-B3SP-EUR,00,AGB-E02-30,I,K-6,November/2004,2004,November,,ROM,MX23L12806-12C,S051038-MG MX23L12806-12C AGB-B3SP-0 J2 2J989404,Macronix,Week 10/2005,2005,,10,Flash,SST39VF512-70-4C-WH,39VF512 70-4C-WH 0417138-D,SST,Week 17/2004,2004,,17,,,,,,,,,,,,,,,,,,,,,,,,,,,,,,,,,,,,,,,,,,,,,,,,,,,,,,,,,,,
AGB-B3XP-0,Entry #1,ikk5-1,https://gbhwdb.gekkio.fi/cartridges/AGB-B3XP-0/ikk5-1.html,ikk5,"X-Men - The Official Game (Europe) (En,Fr,Es,It)",AGB-B3XP-EUR,19 E4,AGB-E03-21,I,F-2,March/2006,2006,March,,ROM,MR27V6416M,AGB-B3XP-0 I2 R27V6416M-0MC 6145BC4J,OKI,Week 14/2006,2006,,14,EEPROM,9853,9853 6365,ROHM,March/2006,2006,March,,,,,,,,,,,,,,,,,,,,,,,,,,,,,,,,,,,,,,,,,,,,,,,,,,,,,,,,,,,,
AGB-B46P-0,Entry #1,ikk5-1,https://gbhwdb.gekkio.fi/cartridges/AGB-B46P-0/ikk5-1.html,ikk5,"Sims 2, The (USA, Europe) (En,Fr,De,Es,It,Nl)",AGB-B46P-EUR,11 E3,AGB-E02-30,I,M-5,August/2005,2005,August,,ROM,MX23L25607-12D1,M053653-MG MX23L25607-12D1 AGB-B46P-0 K2 2L320800,Macronix,Week 36/2005,2005,,36,Flash,SST39VF512-70-4C-WHE,39VF512 70-4C-WHE 0510046-D,SST,Week 10/2005,2005,,10,,,,,,,,,,,,,,,,,,,,,,,,,,,,,,,,,,,,,,,,,,,,,,,,,,,,,,,,,,,
AGB-B4IE-0,Entry #1,ikk5-1,https://gbhwdb.gekkio.fi/cartridges/AGB-B4IE-0/ikk5-1.html,ikk5,Shrek - Smash n' Crash Racing (USA),AGB-B4IE-USA,41 E4,AGB-E03-21,CS,F-6,August/2006,2006,August,,ROM,MR27V6416M,AGB-B4IE-0 I2 R27V6416M-0SK 6405BJAJ,OKI,Week 40/2006,2006,,40,EEPROM,9853,9853 6913,ROHM,September/2006,2006,September,,,,,,,,,,,,,,,,,,,,,,,,,,,,,,,,,,,,,,,,,,,,,,,,,,,,,,,,,,,,
AGB-B4IP-0,Entry #1,ikk5-1,https://gbhwdb.gekkio.fi/cartridges/AGB-B4IP-0/ikk5-1.html,ikk5,"Shrek - Smash n' Crash Racing (Europe) (En,Fr,De,Es,It)",AGB-B4IP-EUR,19 E4,AGB-E03-21,MB,E-6,September/2006,2006,September,,ROM,MR27V6416M,AGB-B4IP-0 I2 R27V6416M-0TF 6515BCMJ,OKI,Week 51/2006,2006,,51,EEPROM,9853,9853 6A82,ROHM,October/2006,2006,October,,,,,,,,,,,,,,,,,,,,,,,,,,,,,,,,,,,,,,,,,,,,,,,,,,,,,,,,,,,,
AGB-B4OX-0,Entry #1,ikk5-1,https://gbhwdb.gekkio.fi/cartridges/AGB-B4OX-0/ikk5-1.html,ikk5,"Sims 2, The - Pets (Europe) (En,Fr,De,Es,It,Nl)",AGB-B4OX-EUR,00 E4,AGB-E02-30,MB,N-4,September/2006,2006,September,,ROM,MX23L25607-12D2,S064153-MG MX23L25607-12D2 AGB-B4OX-0 K2 2T027800,Macronix,Week 41/2006,2006,,41,Flash,SST39VF512-70-4C-WHE,39VF512 70-4C-WHE 0615283-D,SST,Week 15/2006,2006,,15,,,,,,,,,,,,,,,,,,,,,,,,,,,,,,,,,,,,,,,,,,,,,,,,,,,,,,,,,,,
AGB-B4UP-0,Entry #1,ikk5-1,https://gbhwdb.gekkio.fi/cartridges/AGB-B4UP-0/ikk5-1.html,ikk5,"Shrek - Super Slam (Europe) (En,Fr,De,Es,It,Nl)",AGB-B4UP-EUR,22 E3,AGB-E03-21,MB,Q-4,September/2005,2005,September,,ROM,MX23L6406-12C,E053946-MG MX23L6406-12C AGB-B4UP-0 I2 2N052800,Macronix,Week 39/2005,2005,,39,EEPROM,HT01,HT01 A537K0152%,,Week 37/2005,2005,,37,,,,,,,,,,,,,,,,,,,,,,,,,,,,,,,,,,,,,,,,,,,,,,,,,,,,,,,,,,,
AGB-B55P-0,Entry #1,ikk5-1,https://gbhwdb.gekkio.fi/cartridges/AGB-B55P-0/ikk5-1.html,ikk5,Who Wants to Be a Millionaire - 2nd Edition (Europe),AGB-B55P-UKV,11 E3,AGB-E01-41,I,R-1,April/2005,2005,April,,ROM,MX23L3206-12B,M051921-MG MX23L3206-12B AGB-B55P-0 H2 2L734400,Macronix,Week 19/2005,2005,,19,,,,,,,,,,,,,,,,,,,,,,,,,,,,,,,,,,,,,,,,,,,,,,,,,,,,,,,,,,,,,,,,,,,
AGB-B68P-0,Entry #1,ikk5-1,https://gbhwdb.gekkio.fi/cartridges/AGB-B68P-0/ikk5-1.html,ikk5,"2 Games in One! - Marble Madness + Klax (Europe) (En,Fr,De,Es,It)",AGB-B68P-EUR,11 E3,AGB-E01-41,MB,M-6,July/2005,2005,July,,ROM,MX23L3206-12B,E053121-MG MX23L3206-12B AGB-B68P-0 H2 2M318002A1,Macronix,Week 31/2005,2005,,31,,,,,,,,,,,,,,,,,,,,,,,,,,,,,,,,,,,,,,,,,,,,,,,,,,,,,,,,,,,,,,,,,,,
AGB-B82Y-0,Entry #1,ikk5-1,https://gbhwdb.gekkio.fi/cartridges/AGB-B82Y-0/ikk5-1.html,ikk5,"Dogz (Europe) (En,Fr,De,It)",AGB-B82Y-EUU,09 E4,AGB-E03-21,GB,L-2,September/2006,2006,September,,ROM,MX23L12806-12C,S063938-MG MX23L12806-12C AGB-B82Y-0 J2 2T215100A1,Macronix,Week 39/2006,2006,,39,EEPROM,9853,9853 6999,ROHM,September/2006,2006,September,,,,,,,,,,,,,,,,,,,,,,,,,,,,,,,,,,,,,,,,,,,,,,,,,,,,,,,,,,,,
AGB-B8CP-0,Entry #1,ikk5-1,https://gbhwdb.gekkio.fi/cartridges/AGB-B8CP-0/ikk5-1.html,ikk5,"Kingdom Hearts - Chain of Memories (Europe) (En,Fr,De,Es,It)",AGB-B8CP-EUR,00,AGB-Y11-01,I,M-4,January/2005,2005,January,,ROM,MX23L25607-12D,S051253-MG MX23L25607-12D AGB-B8CP-0 K2 2L189200,Macronix,Week 12/2005,2005,,12,RAM,MB85R256S,JAPAN MB85R256S 0443 M30 E1,Fujitsu,Week 43/2004,2004,,43,,,,,,,,,,,,,,,,,,,,,,,,,,,,,,,,,,,,,,,,,,,,,,,,,,,,,,,,,,,
AGB-B8FP-0,Entry #1,ikk5-1,https://gbhwdb.gekkio.fi/cartridges/AGB-B8FP-0/ikk5-1.html,ikk5,"Herbie - Fully Loaded (Europe) (En,Fr,De)",AGB-B8FP-EUR,09 E3,AGB-E03-20,CS,A-3,April/2005,2005,April,,ROM,MX23L6406-12C,E052446-MG MX23L6406-12C AGB-B8FP-0 I2 2M324102,Macronix,Week 24/2005,2005,,24,EEPROM,HT01,HT01 A516K0094%,,Week 16/2005,2005,,16,,,,,,,,,,,,,,,,,,,,,,,,,,,,,,,,,,,,,,,,,,,,,,,,,,,,,,,,,,,
AGB-B8KP-0,Entry #1,3615retro-1,https://gbhwdb.gekkio.fi/cartridges/AGB-B8KP-0/3615retro-1.html,3615Retro,"Kirby & The Amazing Mirror (Europe) (En,Fr,De,Es,It)",AGB-B8KP-EUR,19,AGB-E11-10,I,G-2,April/2004,2004,April,,ROM,MX23L12806-12C,S042038-M MX23L12806-12C AGB-B8KP-0 J2 2K109200,Macronix,Week 20/2004,2004,,20,RAM,MB85R256A,JAPAN MB85R256A 0408 M83,Fujitsu,Week 8/2004,2004,,8,,,,,,,,,,,,,,,,,,,,,,,,,,,,,,,,,,,,,,,,,,,,,,,,,,,,,,,,4f07c618,1c759edf84a20174989588664bbbec55,6f478a455383a2a12378f292581dfd7300300700,7cfaae602e91ded22b11d573cfa5051944aab4df8caf0888db3d9a102deb4ce4
AGB-B8ME-0,Entry #1,missingno-force-1,https://gbhwdb.gekkio.fi/cartridges/AGB-B8ME-0/missingno-force-1.html,Missingno_force,Mario Party Advance (USA),AGB-B8ME-USA,12,AGB-E03-20,CS,A-1,December/2004,2004,December,,ROM,MX23L6406-12C,S050646-MG MX23L6406-12C AGB-B8ME-0 I2 2K266100,Macronix,Week 6/2005,2005,,6,EEPROM,9854,9854 4U04W,ROHM,2004,2004,,,,,,,,,,,,,,,,,,,,,,,,,,,,,,,,,,,,,,,,,,,,,,,,,,,,,,,,,,,,,
AGB-B8QP-0,Entry #1,ikk5-1,https://gbhwdb.gekkio.fi/cartridges/AGB-B8QP-0/ikk5-1.html,ikk5,"Pirates of the Caribbean - Dead Man's Chest (USA, Europe) (En,Fr,De,Es,It)",AGB-B8QP-EUR,E4 41,AGB-E03-21,CS,P-5,May/2006,2006,May,,ROM,MR27V12813M,AGB-B8QP-0 J2 R27V12813M-01P 6225M09J,OKI,Week 22/2006,2006,,22,EEPROM,HT01,HT01 A615K0141%,,Week 15/2006,2006,,15,,,,,,,,,,,,,,,,,,,,,,,,,,,,,,,,,,,,,,,,,,,,,,,,,,,,,,,,,,,
AGB-BAHP-0,Entry #1,ikk5-1,https://gbhwdb.gekkio.fi/cartridges/AGB-BAHP-0/ikk5-1.html,ikk5,"Alien Hominid (Europe) (En,Fr,De,Es,It)",AGB-BAHP-EUR,11 E3,AGB-E03-21,I,P-6,October/2005,2005,October,,ROM,MX23L6406-12C,S055146-MG MX23L6406-12C AGB-BAHP-0 I2 2N207404A1,Macronix,Week 51/2005,2005,,51,EEPROM,9853,9853 5B63,ROHM,November/2005,2005,November,,,,,,,,,,,,,,,,,,,,,,,,,,,,,,,,,,,,,,,,,,,,,,,,,,,,,,,,,,,,
AGB-BAJP-0,Entry #1,ikk5-1,https://gbhwdb.gekkio.fi/cartridges/AGB-BAJP-0/ikk5-1.html,ikk5,"Banjo-Pilot (Europe) (En,Fr,De,Es,It)",AGB-BAJP-EUR,09,AGB-E03-20,I,E-4,October/2004,2004,October,,ROM,MX23L12806-12C,S045338-MG MX23L12806-12C AGB-BAJP-0 J2 2K904300A1,Macronix,Week 53/2004,2004,,53,EEPROM,HT01,HT01 A434K0071%,,Week 34/2004,2004,,34,,,,,,,,,,,,,,,,,,,,,,,,,,,,,,,,,,,,,,,,,,,,,,,,,,,,,,,,,,,
AGB-BAPP-0,Entry #1,ikk5-1,https://gbhwdb.gekkio.fi/cartridges/AGB-BAPP-0/ikk5-1.html,ikk5,"American Dragon - Jake Long - Rise of the Huntsclan (USA, Europe) (En,Fr,De,Es,It)",AGB-BAPP-EUR,00 E4,AGB-E03-21,GB,G-4,August/2006,2006,August,,ROM,MR27V6416M,AGB-BAPP-0 I2 R27V6416M-0PE 6405BHGJ,OKI,Week 40/2006,2006,,40,EEPROM,HT01,HT01 A616K0322%,,Week 16/2006,2006,,16,,,,,,,,,,,,,,,,,,,,,,,,,,,,,,,,,,,,,,,,,,,,,,,,,,,,,,,,,,,
AGB-BAUE-0,Entry #1,fexcollects-1,https://gbhwdb.gekkio.fi/cartridges/AGB-BAUE-0/fexcollects-1.html,FexCollects,Barbie - The Princess and the Pauper (USA),AGB-BAUE-USA,00,AGB-E01-40,I,R-6,June/2004,2004,June,,ROM,AC23V32101,HYNIX AC23V32101 AGB-BAUE-0 H2 ZBR4079,Hynix,,,,,,,,,,,,,,,,,,,,,,,,,,,,,,,,,,,,,,,,,,,,,,,,,,,,,,,,,,,,,,,,,,,,,,,24a4a99215f4bdc4885db53e4d7c4971454ceaee05373ff4a8d15b3110f32aa3
AGB-BAWX-0,Entry #1,ikk5-1,https://gbhwdb.gekkio.fi/cartridges/AGB-BAWX-0/ikk5-1.html,ikk5,"Alex Rider - Stormbreaker (Europe) (En,Fr,De,Es)",AGB-BAWX-EUR,10 E4,AGB-E03-21,CS,M-5,July/2006,2006,July,,ROM,MR26V3211F,AGB-BAWX-0 H2 R26V3211F-0AK 637ABBUJ,OKI,Week 37/2006,2006,,37,EEPROM,HT01,HT01 A624K0111%,,Week 24/2006,2006,,24,,,,,,,,,,,,,,,,,,,,,,,,,,,,,,,,,,,,,,,,,,,,,,,,,,,,,,,,,,,
AGB-BB3P-0,Entry #1,ikk5-1,https://gbhwdb.gekkio.fi/cartridges/AGB-BB3P-0/ikk5-1.html,ikk5,"Barbie in the 12 Dancing Princesses (Europe) (En,Fr,De,Es,It)",AGB-BB3P-EUR,00 E4,AGB-E01-41,MB,D-6,October/2006,2006,October,,ROM,MR27V3211M,AGB-BB3P-0 H2 R27V3211M-0CD 6495BACJ,OKI,Week 49/2006,2006,,49,,,,,,,,,,,,,,,,,,,,,,,,,,,,,,,,,,,,,,,,,,,,,,,,,,,,,,,,,,,,,,,,,,,
AGB-BBAP-0,Entry #1,ikk5-1,https://gbhwdb.gekkio.fi/cartridges/AGB-BBAP-0/ikk5-1.html,ikk5,Shamu's Deep Sea Adventures (Europe),AGB-BBAP-UKV,19 E3,AGB-E24-01,I,J-3,September/2005,2005,September,,ROM,MX23L25607-12D2,M060653-MG MX23L25607-12D2 AGB-BBAP-0 K2 2N576101,Macronix,Week 6/2006,2006,,6,EEPROM,9853,9853 6142,ROHM,January/2006,2006,January,,,,,,,,,,,,,,,,,,,,,,,,,,,,,,,,,,,,,,,,,,,,,,,,,,,,,,,,,,,,
AGB-BBRX-0,Entry #1,3615retro-1,https://gbhwdb.gekkio.fi/cartridges/AGB-BBRX-0/3615retro-1.html,3615Retro,"Brother Bear (Europe) (Fr,De,Es,It,Nl,Sv,Da)",AGB-BBRX-EUR,19,AGB-E03-20,CS,A-4,October/2003,2003,October,,ROM,MX23L3406-12C,S035046-M MX23L3406-12C AGB-BBRX-0 I2 2I904402,Macronix,Week 50/2003,2003,,50,EEPROM,9853,9853 3A90,ROHM,October/2003,2003,October,,,,,,,,,,,,,,,,,,,,,,,,,,,,,,,,,,,,,,,,,,,,,,,,,,,,,,,,,fd814097,b8b752c5659e94c0474fe6050df498f2,7e217e5f644b0333c51f3827df5fd64023ac7c0e,d7e6d7f35eeb08bd61184c7b386c468ecd342d5606d8c6668f82fba854e098db
AGB-BBRX-0,Entry #1,ikk5-1,https://gbhwdb.gekkio.fi/cartridges/AGB-BBRX-0/ikk5-1.html,ikk5,"Brother Bear (Europe) (Fr,De,Es,It,Nl,Sv,Da)",AGB-BBRX-EUR,19,AGB-E03-20,CS,A-1,October/2003,2003,October,,ROM,MX23L6406-12C,S035046-M MX23L6406-12C AGB-BBRX-0 I2 2I904402,Macronix,Week 50/2003,2003,,50,EEPROM,9853,9853 3B29,ROHM,November/2003,2003,November,,,,,,,,,,,,,,,,,,,,,,,,,,,,,,,,,,,,,,,,,,,,,,,,,,,,,,,,,,,,
AGB-BBXD-0,Entry #1,ikk5-1,https://gbhwdb.gekkio.fi/cartridges/AGB-BBXD-0/ikk5-1.html,ikk5,Bibi Blocksberg - Der Magische Hexenkreis (Germany),AGB-BBXD-NOE,08 E3,AGB-E01-41,I,O-4,July/2005,2005,July,,ROM,MX23L12806-12C,E053038-MG MX23L12806-12C AGB-BBXD-0 J2 2M395900,Macronix,Week 30/2005,2005,,30,,,,,,,,,,,,,,,,,,,,,,,,,,,,,,,,,,,,,,,,,,,,,,,,,,,,,,,,,,,,,,,,,,,
AGB-BC2S-0,Entry #1,ikk5-1,https://gbhwdb.gekkio.fi/cartridges/AGB-BC2S-0/ikk5-1.html,ikk5,Shin chan contra los Munecos de Shock Gahn (Spain),AGB-BC2S-ESP,22 E4,AGB-E03-21,CS,M-5,July/2006,2006,July,,ROM,MX23L12806-12C,S063338-MG MX23L12806-12C AGB-BC2S-0 J2 20542803,Macronix,Week 33/2006,2006,,33,EEPROM,9854,9854 6Q58W,ROHM,2006,2006,,,,,,,,,,,,,,,,,,,,,,,,,,,,,,,,,,,,,,,,,,,,,,,,,,,,,,,,,,,,,
AGB-BCAX-0,Entry #1,3615retro-1,https://gbhwdb.gekkio.fi/cartridges/AGB-BCAX-0/3615retro-1.html,3615Retro,"Cars (Europe) (Fr,Nl)",AGB-BCAX-FAH,15 E4,AGB-E03-21,I,P-6,April/2007,2007,April,,ROM,MX23L6406-12C,B071846-MG MX23L6406-12C AGB-BCAX-0 I2 2T297204,Macronix,Week 18/2007,2007,,18,EEPROM,9853,9853 7457,ROHM,April/2007,2007,April,,,,,,,,,,,,,,,,,,,,,,,,,,,,,,,,,,,,,,,,,,,,,,,,,,,,,,,,,bd1bfc39,94cda1aa3381f457186908ac3fe82f24,63bd4b332d8f5d022901bd0d0f4ebd6a45d928ec,fbda2214c8a943619857201a87f401ea7a06561e18c1e82250d31fce874d8044
AGB-BCAX-0,Entry #1,ikk5-1,https://gbhwdb.gekkio.fi/cartridges/AGB-BCAX-0/ikk5-1.html,ikk5,"Cars (Europe) (Fr,Nl)",AGB-BCAX-FAH,09 E4,AGB-E03-21,K,U-2,March/2006,2006,March,,ROM,MX23L6406-12C,B061846-MG MX23L6406-12C AGB-BCAX-0 I2 2O934702,Macronix,Week 18/2006,2006,,18,EEPROM,9853,9853 6426,ROHM,April/2006,2006,April,,,,,,,,,,,,,,,,,,,,,,,,,,,,,,,,,,,,,,,,,,,,,,,,,,,,,,,,,,,,
AGB-BCDP-0,Entry #1,ikk5-1,https://gbhwdb.gekkio.fi/cartridges/AGB-BCDP-0/ikk5-1.html,ikk5,"Cinderella - Magical Dreams (Europe) (En,Fr,De,Es,It)",AGB-BCDP-EUR,00 E4,AGB-E03-21,I,K-1,October/2006,2006,October,,ROM,MX23L6406-12C,S065246-MG MX23L6406-12C AGB-BCDP-0 I2 2T441901,Macronix,Week 52/2006,2006,,52,EEPROM,HT01,HT01 A642K0122%,,Week 42/2006,2006,,42,,,,,,,,,,,,,,,,,,,,,,,,,,,,,,,,,,,,,,,,,,,,,,,,,,,,,,,,,,,
AGB-BCJE-0,Entry #1,ikk5-1,https://gbhwdb.gekkio.fi/cartridges/AGB-BCJE-0/ikk5-1.html,ikk5,"Charlotte's Web (USA) (En,Fr,De,Es,It)",AGB-BCJE-USA,41 E4,AGB-E03-21,I,H-2,September/2006,2006,September,,ROM,MR27V12813M,AGB-BCJE-0 J2 R27V12813M-05U 6395M70J,OKI,Week 39/2006,2006,,39,EEPROM,9853,9853 6811,ROHM,August/2006,2006,August,,,,,,,,,,,,,,,,,,,,,,,,,,,,,,,,,,,,,,,,,,,,,,,,,,,,,,,,,,,,
AGB-BCKP-0,Entry #1,ikk5-1,https://gbhwdb.gekkio.fi/cartridges/AGB-BCKP-0/ikk5-1.html,ikk5,"Star Wars Trilogy - Apprentice of the Force (Europe) (En,Fr,De,Es,It,Nl)",AGB-BCKP-EUR,22 E3,AGB-E03-21,K,U-4,September/2005,2005,September,,ROM,MX23L6406-12C,B054046-MG MX23L6406-12C AGB-BCKP-0 I2 2N020003,Macronix,Week 40/2005,2005,,40,EEPROM,9853,9853 5928,ROHM,September/2005,2005,September,,,,,,,,,,,,,,,,,,,,,,,,,,,,,,,,,,,,,,,,,,,,,,,,,,,,,,,,,,,,
AGB-BCPP-0,Entry #1,ikk5-1,https://gbhwdb.gekkio.fi/cartridges/AGB-BCPP-0/ikk5-1.html,ikk5,"Cars - Mater-National Championship (Europe) (En,Fr,De,Es,It,Nl)",AGB-BCPP-EUR,15 E4,AGB-E01-41,I,M-1,September/2007,2007,September,,ROM,AC23V32101,MAGNACHIP AC23V32101 AGB-BCPP-0 H2 GB4970 PS,Magnachip,,,,,,,,,,,,,,,,,,,,,,,,,,,,,,,,,,,,,,,,,,,,,,,,,,,,,,,,,,,,,,,,,,,,,,,
AGB-BCRP-0,Entry #1,3615retro-1,https://gbhwdb.gekkio.fi/cartridges/AGB-BCRP-0/3615retro-1.html,3615Retro,"Crazy Frog Racer (Europe) (En,Fr,De,Nl)",AGB-BCRP-EUR,41 E4,AGB-E03-21,I,C-1,May/2006,2006,May,,ROM,AC23V32101,MAGNACHIP AC23V32101 AGB-BCRP-0 H2 GB1191 PS,Magnachip,,,,,EEPROM,9853,9853 6588,ROHM,May/2006,2006,May,,,,,,,,,,,,,,,,,,,,,,,,,,,,,,,,,,,,,,,,,,,,,,,,,,,,,,,,,2723236b,f341bab11f2bfd79b995554d40a61cba,9ff4bd804f75bb526849a5da97e3803f69f31aa1,da409e1d41e86d05ad2326113935bbd50a21ec72206f0734782aca22be7a8189
AGB-BCRP-0,Entry #1,ikk5-1,https://gbhwdb.gekkio.fi/cartridges/AGB-BCRP-0/ikk5-1.html,ikk5,"Crazy Frog Racer (Europe) (En,Fr,De,Nl)",AGB-BCRP-EUR,09 E3,AGB-E03-21,CS,N-5,October/2005,2005,October,,ROM,AC23V32101,MAGNACHIP AC23V32101 AGB-BCRP-0 H2 GB1065 PS,Magnachip,,,,,EEPROM,9853,9853 5B10,ROHM,November/2005,2005,November,,,,,,,,,,,,,,,,,,,,,,,,,,,,,,,,,,,,,,,,,,,,,,,,,,,,,,,,,,,,
AGB-BDVP-0,Entry #1,3615retro-1,https://gbhwdb.gekkio.fi/cartridges/AGB-BDVP-0/3615retro-1.html,3615Retro,"Dragon Ball - Advanced Adventure (Europe) (En,Fr,De,Es,It)",AGB-BDVP-EUR,34 E3,AGB-E03-20,CS,A-2,March/2005,2005,March,,ROM,MX23L12806-12C,M051838-MG MX23L12806-12C AGB-BDVP-0 J2 2L641100,Macronix,Week 18/2005,2005,,18,EEPROM,9853,9853 5350,ROHM,March/2005,2005,March,,,,,,,,,,,,,,,,,,,,,,,,,,,,,,,,,,,,,,,,,,,,,,,,,,,,,,,,,6c135820,cb14df09ea41694532a9327510bb28c1,e49ae836b14f84dc8cd817bf912fcdce82d8a587,015ab2129d6f4315b92b32fa29d8cead7195a51951945d87fbcc6f07149811c5
AGB-BDVP-0,Entry #1,granmastro-1,https://gbhwdb.gekkio.fi/cartridges/AGB-BDVP-0/granmastro-1.html,Granmastro,"Dragon Ball - Advanced Adventure (Europe) (En,Fr,De,Es,It)",AGB-BDVP-EUR,20,AGB-E03-21,I,N-3,May/2007,2007,May,,ROM,MX23L12806-12C,M072738-MG MX23L12806-12C AGB-BDVP-0 J2 2T811803,Macronix,Week 27/2007,2007,,27,EEPROM,9853,9853 7558,ROHM,May/2007,2007,May,,,,,,,,,,,,,,,,,,,,,,,,,,,,,,,,,,,,,,,,,,,,,,,,,,,,,,,,,,,,
AGB-BDZH-0,Entry #1,ikk5-1,https://gbhwdb.gekkio.fi/cartridges/AGB-BDZH-0/ikk5-1.html,ikk5,"2 Games in 1 - Monsters en Co. + Finding Nemo (Netherlands) (En,Es,Nl+Fr,Nl)",AGB-BDZH-HOL,22,AGB-E01-40,I,G-3,October/2004,2004,October,,ROM,MX23L12806-12C,M044138-M MX23L12806-12C AGB-BDZH-0 J2 2K302302A1,Macronix,Week 41/2004,2004,,41,,,,,,,,,,,,,,,,,,,,,,,,,,,,,,,,,,,,,,,,,,,,,,,,,,,,,,,,,,,,,,,,,,,
AGB-BE8P-0,Entry #1,3615retro-1,https://gbhwdb.gekkio.fi/cartridges/AGB-BE8P-0/3615retro-1.html,3615Retro,"Fire Emblem - The Sacred Stones (Europe) (En,Fr,De,Es,It)",AGB-BE8P-EUR,08 E3,AGB-Y11-02,I,O-1,August/2005,2005,August,,ROM,MX23L25607-12D1,E053953-MG MX23L25607-12D1 AGB-BE8P-0 K2 2N007800,Macronix,Week 39/2005,2005,,39,RAM,MB85R256S,JAPAN MB85R256S 0529 M28 E1,Fujitsu,Week 29/2005,2005,,29,,,,,,,,,,,,,,,,,,,,,,,,,,,,,,,,,,,,,,,,,,,,,,,,,,,,,,,,b3005195,8f0dad780f01ce002331693f4733f27e,51b166dcca231369d7f98000766746dd4b98839c,80f94bf10da412e6d8d1ba11c043107f4873bc17fecceb02e6a7da3d1a261d6d
AGB-BEYP-0,Entry #1,ikk5-1,https://gbhwdb.gekkio.fi/cartridges/AGB-BEYP-0/ikk5-1.html,ikk5,"Beyblade V-Force - Ultimate Blader Jam (Europe) (En,Fr,De,Es,It)",AGB-BEYP-FAH,20,AGB-E03-20,CS,A-6,September/2003,2003,September,,ROM,MX23L6406-12C,E034146-M MX23L6406-12C AGB-BEYP-0 I2 2I641600,Macronix,Week 41/2003,2003,,41,EEPROM,9854,9854 3S73W,ROHM,2003,2003,,,,,,,,,,,,,,,,,,,,,,,,,,,,,,,,,,,,,,,,,,,,,,,,,,,,,,,,,,,,,
AGB-BF4X-0,Entry #1,ikk5-1,https://gbhwdb.gekkio.fi/cartridges/AGB-BF4X-0/ikk5-1.html,ikk5,"Fantastic 4 (Europe) (Fr,De,Es,Nl)",AGB-BF4X-EUR,19 E3,AGB-E03-20,CS,A-4,April/2005,2005,April,,ROM,MR27V12813M,AGB-BF4X-0 J2 R27V12813M-0D4 5205236J,OKI,Week 20/2005,2005,,20,EEPROM,9853,9853 5589,ROHM,May/2005,2005,May,,,,,,,,,,,,,,,,,,,,,,,,,,,,,,,,,,,,,,,,,,,,,,,,,,,,,,,,,,,,
AGB-BF5P-0,Entry #1,ikk5-1,https://gbhwdb.gekkio.fi/cartridges/AGB-BF5P-0/ikk5-1.html,ikk5,"FIFA Soccer 2005 (USA, Europe) (En,Fr,De,Es,It,Nl)",AGB-BF5P-EUR,34 E3,AGB-E03-21,GB,C-1,August/2005,2005,August,,ROM,MX23L6406-12C,S053146-MG MX23L6406-12C AGB-BF5P-0 I2 2M345603A1,Macronix,Week 31/2005,2005,,31,EEPROM,9853,9853 5970,ROHM,September/2005,2005,September,,,,,,,,,,,,,,,,,,,,,,,,,,,,,,,,,,,,,,,,,,,,,,,,,,,,,,,,,,,,
AGB-BF6P-0,Entry #1,granmastro-1,https://gbhwdb.gekkio.fi/cartridges/AGB-BF6P-0/granmastro-1.html,Granmastro,"FIFA Soccer 06 (USA, Europe) (En,Fr,De,Es,It,Nl)",AGB-BF6P-EUR,,AGB-E03-21,CS,J-1,May/2005,2005,May,,ROM,MX23L6406-12C,S053346-MG MX23L6406-12C AGB-BF6P-0 I2 2M269700,Macronix,Week 33/2005,2005,,33,EEPROM,9853,9853 5694,ROHM,June/2005,2005,June,,,,,,,,,,,,,,,,,,,,,,,,,,,,,,,,,,,,,,,,,,,,,,,,,,,,,,,,,,,,
AGB-BFEP-0,Entry #1,ikk5-1,https://gbhwdb.gekkio.fi/cartridges/AGB-BFEP-0/ikk5-1.html,ikk5,Dogz - Fashion (Europe),AGB-BFEP-UKV,19 E4,AGB-E03-21,CS,D-1,July/2006,2006,July,,ROM,MR27V6416M,AGB-BFEP-0 I2 R27V6416M-0PT 6365BHTJ,OKI,Week 36/2006,2006,,36,EEPROM,9854,9854 6Q35W,ROHM,2006,2006,,,,,,,,,,,,,,,,,,,,,,,,,,,,,,,,,,,,,,,,,,,,,,,,,,,,,,,,,,,,,
AGB-BFFP-0,Entry #1,granmastro-1,https://gbhwdb.gekkio.fi/cartridges/AGB-BFFP-0/granmastro-1.html,Granmastro,"Final Fantasy I & II - Dawn of Souls (Europe) (En,Fr,De,Es,It)",AGB-BFFP-EUR,34,AGB-Y11-01,MB,O-3,September/2004,2004,September,,ROM,AC23V128111,HYNIX AC23V128111 AGB-BFFP-0 J2 NL0356,Hynix,,,,,RAM,MB85R256A,JAPAN MB85R256A 0434 M31 E1,Fujitsu,Week 34/2004,2004,,34,,,,,,,,,,,,,,,,,,,,,,,,,,,,,,,,,,,,,,,,,,,,,,,,,,,,,,,,,,,
AGB-BFFP-0,Entry #1,ikk5-1,https://gbhwdb.gekkio.fi/cartridges/AGB-BFFP-0/ikk5-1.html,ikk5,"Final Fantasy I & II - Dawn of Souls (Europe) (En,Fr,De,Es,It)",AGB-BFFP-EUR,34,AGB-Y11-01,MB,H-6,September/2004,2004,September,,ROM,AC23V128111,HYNIX AC23V128111 AGB-BFFP-0 J2 NL0354,Hynix,,,,,RAM,MB85R256A,JAPAN MB85R256A 0431 M31 E1,Fujitsu,Week 31/2004,2004,,31,,,,,,,,,,,,,,,,,,,,,,,,,,,,,,,,,,,,,,,,,,,,,,,,,,,,,,,,,,,
AGB-BFKP-1,Entry #1,ikk5-1,https://gbhwdb.gekkio.fi/cartridges/AGB-BFKP-1/ikk5-1.html,ikk5,"Franklin the Turtle (Europe) (En,Fr,De,It,Sv,No,Da,Fi) (Rev 1)",AGB-BFKP-EUR,22A,AGB-E03-20,K,D-2,April/2004,2004,April,,ROM,MR26V3211F,AGB-BFKP-1 H2 R26V3211F-0K2 420A205,OKI,Week 20/2004,2004,,20,EEPROM,9853,9853 4375,ROHM,March/2004,2004,March,,,,,,,,,,,,,,,,,,,,,,,,,,,,,,,,,,,,,,,,,,,,,,,,,,,,,,,,,,,,
AGB-BFKP-2,Entry #1,3615retro-1,https://gbhwdb.gekkio.fi/cartridges/AGB-BFKP-2/3615retro-1.html,3615Retro,"Franklin the Turtle (Europe) (En,Fr,De,Es,It,Sv,No,Da,Fi) (Rev 2)",AGB-BFKP-EUR,19A 19B,AGB-E03-20,CS,A-1,September/2004,2004,September,,ROM,MR26V3211F,AGB-BFKP-2 H2 R26V3211F-0R5 447ABAMJ,OKI,Week 47/2004,2004,,47,EEPROM,9853,9853 4A02,ROHM,October/2004,2004,October,,,,,,,,,,,,,,,,,,,,,,,,,,,,,,,,,,,,,,,,,,,,,,,,,,,,,,,,,a0952cd0,fc13f41345df4aba40ffc69402e64704,ce978dbda60ddbee77657a60cf2102722e645dcf,a34ed93e2c398c50ec68fe58dffab37a81fa8385da63d3a0a532a5b51cebc10d
AGB-BFRP-0,Entry #1,ikk5-1,https://gbhwdb.gekkio.fi/cartridges/AGB-BFRP-0/ikk5-1.html,ikk5,"My Animal Centre in Africa (Europe) (En,Fr,De,Es,It)",AGB-BFRP-EUR,41 E4,AGB-E24-01,I,L-5,September/2006,2006,September,,ROM,MX23L25607-12D2,S064353-MG MX23L25607-12D2 AGB-BFRP-0 K2 2T355400,Macronix,Week 43/2006,2006,,43,EEPROM,9854,9854 6S46W,ROHM,2006,2006,,,,,,,,,,,,,,,,,,,,,,,,,,,,,,,,,,,,,,,,,,,,,,,,,,,,,,,,,,,,,
AGB-BFZP-0,Entry #1,3615retro-1,https://gbhwdb.gekkio.fi/cartridges/AGB-BFZP-0/3615retro-1.html,3615Retro,"F-Zero - GP Legend (Europe) (En,Fr,De,Es,It)",AGB-BFZP-EUR,41,AGB-E11-10,I,A-2,April/2004,2004,April,,ROM,MX23L12806-12C,E041638-M MX23L12806-12C AGB-BFZP-0 J2 2J256901,Macronix,Week 16/2004,2004,,16,RAM,MB85R256A,JAPAN MB85R256A 0406 M53,Fujitsu,Week 6/2004,2004,,6,,,,,,,,,,,,,,,,,,,,,,,,,,,,,,,,,,,,,,,,,,,,,,,,,,,,,,,,f1d5601b,66900cc9e3051638d89b364150b31acd,1bfe5e96138cf0ed5d3d33bfec215b734ad32d3a,dc7d842a773e12dec9d884f03113d3334beefd94968dc9cb0c73b784e308c92c
AGB-BG3E-0,Entry #1,granmastro-1,https://gbhwdb.gekkio.fi/cartridges/AGB-BG3E-0/granmastro-1.html,Granmastro,Dragon Ball Z - Buu's Fury (USA),AGB-BG3E-USA,10,AGB-E03-20,CS,A-6,August/2004,2004,August,,ROM,MR26V6415G,AGB-BG3E-0 I2 R26V6415G-02U 443A256,OKI,Week 43/2004,2004,,43,EEPROM,9854,9854 4S99W,ROHM,2004,2004,,,,,,,,,,,,,,,,,,,,,,,,,,,,,,,,,,,,,,,,,,,,,,,,,,,,,,,,,,,,,
AGB-BG7E-0,Entry #1,fexcollects-1,https://gbhwdb.gekkio.fi/cartridges/AGB-BG7E-0/fexcollects-1.html,FexCollects,Games Explosion! (USA),AGB-BG7E-USA,20 E4,AGB-E01-41,I,B-4,October/2006,2006,October,,ROM,MX23L3206-12B,S064421-MG MX23L3206-12B AGB-BG7E-0 H2 2T341304,Macronix,Week 44/2006,2006,,44,,,,,,,,,,,,,,,,,,,,,,,,,,,,,,,,,,,,,,,,,,,,,,,,,,,,,,,,,,,,,,,,,,,07e987e29edc3794f0ec3e771381ffa9be02c3ecbff5a780e7b42647f139f211
AGB-BGTP-0,Entry #1,kurodo-1,https://gbhwdb.gekkio.fi/cartridges/AGB-BGTP-0/kurodo-1.html,Kurodo,"Grand Theft Auto (Europe) (En,Fr,De,Es,It)",AGB-BGTP-EUR,07,AGB-E03-20,K,Q-4,May/2004,2004,May,,ROM,MX23L12806-12C,M043938-M MX23L12806-12C AGB-BGTP-0 J2 2K843700,Macronix,Week 39/2004,2004,,39,EEPROM,9853,9853 4895,ROHM,August/2004,2004,August,,,,,,,,,,,,,,,,,,,,,,,,,,,,,,,,,,,,,,,,,,,,,,,,,,,,,,,,,,,,
AGB-BGZH-0,Entry #1,ikk5-1,https://gbhwdb.gekkio.fi/cartridges/AGB-BGZH-0/ikk5-1.html,ikk5,Madagascar (Netherlands),AGB-BGZH-HOL,20 E3,AGB-E03-21,I,O-1,October/2005,2005,October,,ROM,MX23L6406-12C,B054246-MG MX23L6406-12C AGB-BGZH-0 I2 2N118300,Macronix,Week 42/2005,2005,,42,EEPROM,9853,9853 5B63,ROHM,November/2005,2005,November,,,,,,,,,,,,,,,,,,,,,,,,,,,,,,,,,,,,,,,,,,,,,,,,,,,,,,,,,,,,
AGB-BGZX-0,Entry #1,3615retro-1,https://gbhwdb.gekkio.fi/cartridges/AGB-BGZX-0/3615retro-1.html,3615Retro,"Madagascar (Europe) (Fr,De,Pt)",AGB-BGZX-EUR,19 E4,AGB-E03-21,A,D-4,March/2006,2006,March,,ROM,MX23L6406-12C,S061546-MG MX23L6406-12C AGB-BGZX-0 I2 2O651305,Macronix,Week 15/2006,2006,,15,EEPROM,9853,9853 6365,ROHM,March/2006,2006,March,,,,,,,,,,,,,,,,,,,,,,,,,,,,,,,,,,,,,,,,,,,,,,,,,,,,,,,,,274c9135,b06f2e981aa7702e7a13602f8e5013d1,e86f17cdb49be8751ee5000e519e02f1e32d733b,dc9fbf6d91bce59eb25aa3203bcfc69965c1624375495df46a169cdc2a0b4c38
AGB-BH3E-0,Entry #1,fexcollects-1,https://gbhwdb.gekkio.fi/cartridges/AGB-BH3E-0/fexcollects-1.html,FexCollects,"Happy Feet (USA) (En,Fr)",AGB-BH3E-USA,00 E4,AGB-E24-01,I,A-4,August/2006,2006,August,,ROM,MX23L25607-12D2,M064053-MG MX23L25607-12D2 AGB-BH3E-0 K2 2T151000,Macronix,Week 40/2006,2006,,40,EEPROM,9853,9853 6912,ROHM,September/2006,2006,September,,,,,,,,,,,,,,,,,,,,,,,,,,,,,,,,,,,,,,,,,,,,,,,,,,,,,,,,,,,,cc057503f52c8ef083f5a3809f84d5c15da2abb0a301ce0c2ef2496f9b6d43c7
AGB-BH3P-0,Entry #1,3615retro-1,https://gbhwdb.gekkio.fi/cartridges/AGB-BH3P-0/3615retro-1.html,3615Retro,"Happy Feet (Europe) (En,Fr,De,Es,It)",AGB-BH3P-EUR,44,AGB-E24-01,I,J-2,September/2006,2006,September,,ROM,MX23L25607-12D2,S064153-MG MX23L25607-12D2 AGB-BH3P-0 K2 2T353200,Macronix,Week 41/2006,2006,,41,EEPROM,9853,9853 6913,ROHM,September/2006,2006,September,,,,,,,,,,,,,,,,,,,,,,,,,,,,,,,,,,,,,,,,,,,,,,,,,,,,,,,,,b8653e59,fe73df04a447bcb43c10a03b275a8426,1eabcfe84bd7558f64197e890a0eda8e76cdbc2c,250c2595cab72a9831cabccb6285f4bfe8d9847cf6493a862a2baec72f3d2953
AGB-BH3P-0,Entry #1,ikk5-1,https://gbhwdb.gekkio.fi/cartridges/AGB-BH3P-0/ikk5-1.html,ikk5,"Happy Feet (Europe) (En,Fr,De,Es,It)",AGB-BH3P-EUR,41 E4,AGB-E24-01,I,L-2,September/2006,2006,September,,ROM,MX23L25607-12D2,B064153-MG MX23L25607-12D2 AGB-BH3P-0 K2 2T350300,Macronix,Week 41/2006,2006,,41,EEPROM,9853,9853 6913,ROHM,September/2006,2006,September,,,,,,,,,,,,,,,,,,,,,,,,,,,,,,,,,,,,,,,,,,,,,,,,,,,,,,,,,,,,
AGB-BH5H-0,Entry #1,ikk5-1,https://gbhwdb.gekkio.fi/cartridges/AGB-BH5H-0/ikk5-1.html,ikk5,Over the Hedge - Beesten bij de Buren (Netherlands),AGB-BH5H-HOL,19 E4,AGB-E03-21,CS,D-5,April/2006,2006,April,,ROM,MX23L6406-12B1,S062207-MG MX23L6406-12B1 AGB-BH5H-0 I2 2R845101A1,Macronix,Week 22/2006,2006,,22,EEPROM,9853,9853 6428,ROHM,April/2006,2006,April,,,,,,,,,,,,,,,,,,,,,,,,,,,,,,,,,,,,,,,,,,,,,,,,,,,,,,,,,,,,
AGB-BH7P-0,Entry #1,ikk5-1,https://gbhwdb.gekkio.fi/cartridges/AGB-BH7P-0/ikk5-1.html,ikk5,"Over the Hedge - Hammy Goes Nuts! (Europe) (En,Fr,De,Es,It,Nl)",AGB-BH7P-EUR,09 E4,AGB-E03-21,GB,J-5,July/2006,2006,July,,ROM,MR27V6416M,AGB-BH7P-0 I2 R27V6416M-0RS 6385BA6J,OKI,Week 38/2006,2006,,38,EEPROM,HT01,HT01 A624K0111%,,Week 24/2006,2006,,24,,,,,,,,,,,,,,,,,,,,,,,,,,,,,,,,,,,,,,,,,,,,,,,,,,,,,,,,,,,
AGB-BH8P-0,Entry #1,kurodo-1,https://gbhwdb.gekkio.fi/cartridges/AGB-BH8P-0/kurodo-1.html,Kurodo,"Harry Potter and the Goblet of Fire (USA, Europe) (En,Fr,De,Es,It,Nl,Da)",AGB-BH8P-EUR,11 E3,AGB-E24-01,I,B-1,September/2005,2005,September,,ROM,MX23L25607-12D2,E054953-MG MX23L25607-12D2 AGB-BH8P-0 K2 2N496501,Macronix,Week 49/2005,2005,,49,EEPROM,9853,9853 5A62,ROHM,October/2005,2005,October,,,,,,,,,,,,,,,,,,,,,,,,,,,,,,,,,,,,,,,,,,,,,,,,,,,,,,,,,,,,
AGB-BHBP-0,Entry #1,ikk5-1,https://gbhwdb.gekkio.fi/cartridges/AGB-BHBP-0/ikk5-1.html,ikk5,"Best Friends - Hunde & Katzen (Germany) (En,De)",AGB-BHBP-EUR,08 E4,AGB-E03-21,GB,E-3,August/2006,2006,August,,ROM,MR27V6416M,AGB-BHBP-0 I2 R27V6416M-0RT 6435BSUJ,OKI,Week 43/2006,2006,,43,EEPROM,9854,9854 6S53W,ROHM,2006,2006,,,,,,,,,,,,,,,,,,,,,,,,,,,,,,,,,,,,,,,,,,,,,,,,,,,,,,,,,,,,,
AGB-BHHP-0,Entry #1,ikk5-1,https://gbhwdb.gekkio.fi/cartridges/AGB-BHHP-0/ikk5-1.html,ikk5,"Hi Hi Puffy AmiYumi - Kaznapped! (Europe) (En,De)",AGB-BHHP-EUR,11 E4,AGB-E03-21,CS,E-5,April/2006,2006,April,,ROM,MX23L6406-12C,S062146-MG MX23L6406-12C AGB-BHHP-0 I2 2O729103,Macronix,Week 21/2006,2006,,21,EEPROM,9853,9853 6428,ROHM,April/2006,2006,April,,,,,,,,,,,,,,,,,,,,,,,,,,,,,,,,,,,,,,,,,,,,,,,,,,,,,,,,,,,,
AGB-BHMP-0,Entry #1,ikk5-1,https://gbhwdb.gekkio.fi/cartridges/AGB-BHMP-0/ikk5-1.html,ikk5,"Home on the Range (Europe) (En,Fr,De,Es)",AGB-BHMP-EUR,07,AGB-E01-40,I,F-1,June/2004,2004,June,,ROM,MR26V6415G,AGB-BHMP-0 I2 R26V6415G-02T 430ABA9,OKI,Week 30/2004,2004,,30,,,,,,,,,,,,,,,,,,,,,,,,,,,,,,,,,,,,,,,,,,,,,,,,,,,,,,,,,,,,,,,,,,,
AGB-BHOP-0,Entry #1,ikk5-1,https://gbhwdb.gekkio.fi/cartridges/AGB-BHOP-0/ikk5-1.html,ikk5,"Hardcore Pool (Europe) (En,De,Es,It)",AGB-BHOP-EUR,09 E4,AGB-E01-41,I,Q-6,March/2006,2006,March,,ROM,MX23L3206-12B,B061521-MG MX23L3206-12B AGB-BHOP-0 H2 2O814500,Macronix,Week 15/2006,2006,,15,,,,,,,,,,,,,,,,,,,,,,,,,,,,,,,,,,,,,,,,,,,,,,,,,,,,,,,,,,,,,,,,,,,
AGB-BHTP-0,Entry #1,kurodo-1,https://gbhwdb.gekkio.fi/cartridges/AGB-BHTP-0/kurodo-1.html,Kurodo,"Harry Potter and the Prisoner of Azkaban (USA, Europe) (En,Fr,De,Es,It,Nl,Da)",AGB-BHTP-EUR,41,AGB-E03-20,CS,A-4,March/2004,2004,March,,ROM,MX23L12806-12C,E041738-M MX23L12806-12C AGB-BHTP-0 J2 2I966100,Macronix,Week 17/2004,2004,,17,EEPROM,9854,9854 4E16W,ROHM,2004,2004,,,,,,,,,,,,,,,,,,,,,,,,,,,,,,,,,,,,,,,,,,,,,,,,,,,,,,,,,,,,,
AGB-BHUP-0,Entry #1,ikk5-1,https://gbhwdb.gekkio.fi/cartridges/AGB-BHUP-0/ikk5-1.html,ikk5,"Pferd & Pony - Mein Gestuet (Germany) (En,De)",AGB-BHUP-EUR,08 E4,AGB-E03-21,CS,I-6,July/2006,2006,July,,ROM,MX23L6406-12C,M063646-MG MX23L6406-12C AGB-BHUP-0 I2 2S115401,Macronix,Week 36/2006,2006,,36,EEPROM,9854,9854 6R42W,ROHM,2006,2006,,,,,,,,,,,,,,,,,,,,,,,,,,,,,,,,,,,,,,,,,,,,,,,,,,,,,,,,,,,,,
AGB-BIAP-0,Entry #1,ikk5-1,https://gbhwdb.gekkio.fi/cartridges/AGB-BIAP-0/ikk5-1.html,ikk5,"Ice Age 2 - The Meltdown (Europe) (En,Fr,De,Es,It,Nl)",AGB-BIAP-EUR,09 E3,AGB-E03-21,CS,M-4,October/2005,2005,October,,ROM,MX23L12806-12C,M060638-MG MX23L12806-12C AGB-BIAP-0 J2 2O319201,Macronix,Week 6/2006,2006,,6,EEPROM,HT01,HT01 A549K0031%,,Week 49/2005,2005,,49,,,,,,,,,,,,,,,,,,,,,,,,,,,,,,,,,,,,,,,,,,,,,,,,,,,,,,,,,,,
AGB-BICD-0,Entry #1,missingno-force-1,https://gbhwdb.gekkio.fi/cartridges/AGB-BICD-0/missingno-force-1.html,Missingno_force,"Unglaublichen, Die (Germany)",AGB-BICD-NOE,22,AGB-E01-40,K,E-2,September/2004,2004,September,,ROM,MX23L6406-12C,M044146-M MX23L6406-12C AGB-BICD-0 I2 2L054100,Macronix,Week 41/2004,2004,,41,,,,,,,,,,,,,,,,,,,,,,,,,,,,,,,,,,,,,,,,,,,,,,,,,,,,,,,,,,,,,,,,,,,
AGB-BICX-0,Entry #1,ikk5-1,https://gbhwdb.gekkio.fi/cartridges/AGB-BICX-0/ikk5-1.html,ikk5,"Incredibles, The (Europe) (Fr,Nl)",AGB-BICX-HOL,08,AGB-E01-40,I,A-3,September/2004,2004,September,,ROM,MX23L6406-12C,S043946-M MX23L6406-12C AGB-BICX-0 I2 2K080900,Macronix,Week 39/2004,2004,,39,,,,,,,,,,,,,,,,,,,,,,,,,,,,,,,,,,,,,,,,,,,,,,,,,,,,,,,,,,,,,,,,,,,
AGB-BICX-0,Entry #2,ikk5-2,https://gbhwdb.gekkio.fi/cartridges/AGB-BICX-0/ikk5-2.html,ikk5,"Incredibles, The (Europe) (Fr,Nl)",AGB-BICX-HOL,20,AGB-E01-40,I,G-3,October/2004,2004,October,,ROM,MX23L6406-12C,S044046-M MX23L6406-12C AGB-BICX-0 I2 2L029100A1,Macronix,Week 40/2004,2004,,40,,,,,,,,,,,,,,,,,,,,,,,,,,,,,,,,,,,,,,,,,,,,,,,,,,,,,,,,,,,,,,,,,,,
AGB-BIQX-0,Entry #1,ikk5-1,https://gbhwdb.gekkio.fi/cartridges/AGB-BIQX-0/ikk5-1.html,ikk5,"Incredibles, The - Rise of the Underminer (Europe) (En,Fr,De,Es,It,Nl,Pt)",AGB-BIQX-EUR,19 E4,AGB-E01-41,I,K-3,January/2007,2007,January,,ROM,MX23L6406-12C,B071046-MG MX23L6406-12C AGB-BIQX-0 I2 2N094802,Macronix,Week 10/2007,2007,,10,,,,,,,,,,,,,,,,,,,,,,,,,,,,,,,,,,,,,,,,,,,,,,,,,,,,,,,,,,,,,,,,,,,
AGB-BJPP-0,Entry #1,granmastro-1,https://gbhwdb.gekkio.fi/cartridges/AGB-BJPP-0/granmastro-1.html,Granmastro,"Harry Potter Collection (Europe) (En,Fr,De,Es,It,Nl,Pt,Sv,No,Da)",AGB-BJPP-EUR,,AGB-E24-01,I,K-6,August/2007,2007,August,,ROM,MX23L25607-12D2,S074253-MG MX23L25607-12D2 AGB-BJPP-0 K2 2T619101,Macronix,Week 42/2007,2007,,42,EEPROM,9854,9854 7P98W,ROHM,2007,2007,,,,,,,,,,,,,,,,,,,,,,,,,,,,,,,,,,,,,,,,,,,,,,,,,,,,,,,,,,,,,
AGB-BJUP-0,Entry #1,ikk5-1,https://gbhwdb.gekkio.fi/cartridges/AGB-BJUP-0/ikk5-1.html,ikk5,"Tak and the Power of Juju (Europe) (En,Fr,De)",AGB-BJUP-EUR,13 E3,AGB-E03-20,CS,A-5,April/2005,2005,April,,ROM,MR27V6416M,AGB-BJUP-0 I2 R27V6416M-0AS 5225BAMJ,OKI,Week 22/2005,2005,,22,EEPROM,9853,9853 5507,ROHM,May/2005,2005,May,,,,,,,,,,,,,,,,,,,,,,,,,,,,,,,,,,,,,,,,,,,,,,,,,,,,,,,,,,,,
AGB-BKMP-0,Entry #1,missingno-force-1,https://gbhwdb.gekkio.fi/cartridges/AGB-BKMP-0/missingno-force-1.html,Missingno_force,"Kim Possible 2 - Drakken's Demise (Europe) (En,Fr,De,Es)",AGB-BKMP-EUR,15 E4,AGB-E03-21,I,H-1,June/2007,2007,June,,ROM,MR27V6416M,AGB-BKMP-0 I2 R27V6416M-0KD 7295BAWJ,OKI,Week 29/2007,2007,,29,EEPROM,9853,9853 7558,ROHM,May/2007,2007,May,,,,,,,,,,,,,,,,,,,,,,,,,,,,,,,,,,,,,,,,,,,,,,,,,,,,,,,,,,,,
AGB-BKZX-0,Entry #1,ikk5-1,https://gbhwdb.gekkio.fi/cartridges/AGB-BKZX-0/ikk5-1.html,ikk5,"Banjo-Kazooie - Grunty's Revenge (Europe) (En,Fr,De)",AGB-BKZX-EUR,20,AGB-E03-20,CS,A-5,August/2003,2003,August,,ROM,MX23L6406-12C,S033846-M MX23L6406-12C AGB-BKZX-0 I2 2I041602,Macronix,Week 38/2003,2003,,38,EEPROM,9854,9854 3M12W,ROHM,2003,2003,,,,,,,,,,,,,,,,,,,,,,,,,,,,,,,,,,,,,,,,,,,,,,,,,,,,,,,,,,,,,
AGB-BL7E-0,Entry #1,fexcollects-1,https://gbhwdb.gekkio.fi/cartridges/AGB-BL7E-0/fexcollects-1.html,FexCollects,LEGO Star Wars II - The Original Trilogy (USA),AGB-BL7E-USA,00 E4,AGB-E03-21,GB,A-6,April/2006,2006,April,,ROM,MX23L12806-12C,S062938-MG MX23L12806-12C AGB-BL7E-0 J2 2O541705,Macronix,Week 29/2006,2006,,29,EEPROM,9853,9853 6600,ROHM,June/2006,2006,June,,,,,,,,,,,,,,,,,,,,,,,,,,,,,,,,,,,,,,,,,,,,,,,,,,,,,,,,,,,,74b44acfe3b55d4f4c06bcc56ca993a9a8605994a15e3659bf66d568608499fe
AGB-BLPF-0,Entry #1,3615retro-1,https://gbhwdb.gekkio.fi/cartridges/AGB-BLPF-0/3615retro-1.html,3615Retro,"2 Games in 1 - Disney Princesse + Le Roi Lion (France) (Fr+En,Fr,De,Es,It,Nl,Sv,Da)",AGB-BLPF-FRA,22,AGB-E03-20,CS,A-3,August/2004,2004,August,,ROM,MX23L12806-12C,M044338-M MX23L12806-12C AGB-BLPF-0 J2 2K984300,Macronix,Week 43/2004,2004,,43,EEPROM,9853,9853 4A32,ROHM,October/2004,2004,October,,,,,,,,,,,,,,,,,,,,,,,,,,,,,,,,,,,,,,,,,,,,,,,,,,,,,,,,,cce9c2e2,6f95dd3e97e52d41c5ba69adf8e506af,d11eb620645fcac8d18a9e384d0c6ccf134d01c2,d98a22b074237cea59dd5b4c773b55c6aaeb378468b53f368e3f5919b25bc623
AGB-BLRP-0,Entry #1,ikk5-1,https://gbhwdb.gekkio.fi/cartridges/AGB-BLRP-0/ikk5-1.html,ikk5,"Lord of the Rings, The - The Return of the King (USA, Europe) (En,Fr,De,Es,It)",AGB-BLRP-EUR,15,AGB-E03-20,I,G-4,September/2003,2003,September,,ROM,MX23L12806-12C,N034038-M MX23L12806-12C AGB-BLRP-0 J2 2F360900,Macronix,Week 40/2003,2003,,40,EEPROM,9853,9853 3983,ROHM,September/2003,2003,September,,,,,,,,,,,,,,,,,,,,,,,,,,,,,,,,,,,,,,,,,,,,,,,,,,,,,,,,,,,,
AGB-BLXP-0,Entry #1,3615retro-1,https://gbhwdb.gekkio.fi/cartridges/AGB-BLXP-0/3615retro-1.html,3615Retro,"Asterix & Obelix XXL (Europe) (En,Fr,De,Es,It,Nl)",AGB-BLXP-FAH,20,AGB-E03-20,YG,H-5,April/2004,2004,April,,ROM,MR26V6415G,AGB-BLXP-0 I2 R26V6415G-01N 419ABAZ,OKI,Week 19/2004,2004,,19,EEPROM,9853,9853 4301,ROHM,March/2004,2004,March,,,,,,,,,,,,,,,,,,,,,,,,,,,,,,,,,,,,,,,,,,,,,,,,,,,,,,,,,a9b1ece5,920882439cd994c2f0ab63d32a64eb80,7145d02143c1a81f6ea72063ac798642b2aaec3c,559331d2398113a5286448f595a21df1fb4e05ae40b2141c24bd9fa78d99a236
AGB-BLYX-0,Entry #1,ikk5-1,https://gbhwdb.gekkio.fi/cartridges/AGB-BLYX-0/ikk5-1.html,ikk5,"Lemony Snicket's A Series of Unfortunate Events (Europe) (Fr,Es)",AGB-BLYX-EUR,09,AGB-E03-20,CS,A-5,August/2004,2004,August,,ROM,MX23L12806-12C,E044038-M MX23L12806-12C AGB-BLYX-0 J2 2K945800,Macronix,Week 40/2004,2004,,40,EEPROM,9853,9853 4876,ROHM,August/2004,2004,August,,,,,,,,,,,,,,,,,,,,,,,,,,,,,,,,,,,,,,,,,,,,,,,,,,,,,,,,,,,,
AGB-BM5P-0,Entry #1,granmastro-1,https://gbhwdb.gekkio.fi/cartridges/AGB-BM5P-0/granmastro-1.html,Granmastro,"Mario vs. Donkey Kong (Europe) (En,Fr,De,Es,It)",AGB-BM5P-EUR,34 E3,AGB-E02-30,I,E-4,March/2005,2005,March,,ROM,MX23L12806-12C,M053738-MG MX23L12806-12C AGB-BM5P-0 J2 2M323600,Macronix,Week 37/2005,2005,,37,Flash,SST39VF512-70-4C-WHE,39VF512 70-4C-WHE 0510013-D,SST,Week 10/2005,2005,,10,,,,,,,,,,,,,,,,,,,,,,,,,,,,,,,,,,,,,,,,,,,,,,,,,,,,,,,,,,,
AGB-BM5P-0,Entry #1,ikk5-1,https://gbhwdb.gekkio.fi/cartridges/AGB-BM5P-0/ikk5-1.html,ikk5,"Mario vs. Donkey Kong (Europe) (En,Fr,De,Es,It)",AGB-BM5P-EUR,09 E4,AGB-E02-30,MB,G-2,August/2004,2004,August,,ROM,MX23L12806-12C,S043738-M MX23L12806-12C AGB-BM5P-0 J2 2K919300,Macronix,Week 37/2004,2004,,37,Flash,SST39VF512-70-4C-WH,39VF512 70-4C-WH 0408155-D,SST,Week 8/2004,2004,,8,,,,,,,,,,,,,,,,,,,,,,,,,,,,,,,,,,,,,,,,,,,,,,,,,,,,,,,,,,,
AGB-BM7Y-0,Entry #1,ikk5-1,https://gbhwdb.gekkio.fi/cartridges/AGB-BM7Y-0/ikk5-1.html,ikk5,"Madagascar - Operation Penguin (Europe) (It,Nl)",AGB-BM7Y-EUU,11 E3,AGB-E03-21,CS,S-2,August/2005,2005,August,,ROM,MX23L6406-12C,B053946-MG MX23L6406-12C AGB-BM7Y-0 I2 2N034202,Macronix,Week 39/2005,2005,,39,EEPROM,9853,9853 5969,ROHM,September/2005,2005,September,,,,,,,,,,,,,,,,,,,,,,,,,,,,,,,,,,,,,,,,,,,,,,,,,,,,,,,,,,,,
AGB-BM9J-0,Entry #1,hdr-1,https://gbhwdb.gekkio.fi/cartridges/AGB-BM9J-0/hdr-1.html,HDR,MAER Heaven - Knockin' on Heaven's Door (Japan),AGB-BM9J-JPN,13 E3,AGB-Y11-02,MB,C-3,April/2005,2005,April,,ROM,MX23L12806-12C,M052038-MG MX23L12806-12C AGB-BM9J-0 J2 2K613000,Macronix,Week 20/2005,2005,,20,RAM,MB85R256S,JAPAN MB85R256S 0511 M22 E1,Fujitsu,Week 11/2005,2005,,11,,,,,,,,,,,,,,,,,,,,,,,,,,,,,,,,,,,,,,,,,,,,,,,,,,,,,,,,,,,a1b3a48afefc61d2781c6b1d5f87f24e51b124f9f649a4239c6c73f912f6d675
AGB-BMBE-0,Entry #1,ikk5-1,https://gbhwdb.gekkio.fi/cartridges/AGB-BMBE-0/ikk5-1.html,ikk5,Mighty Beanz - Pocket Puzzles (USA),AGB-BMBE-USA,41,AGB-E03-20,CS,A-4,March/2004,2004,March,,ROM,MX23L3206-12B,E041721-M MX23L3206-12B AGB-BMBE-0 H2 2J376300A1,Macronix,Week 17/2004,2004,,17,EEPROM,9853,9853 4114,ROHM,January/2004,2004,January,,,,,,,,,,,,,,,,,,,,,,,,,,,,,,,,,,,,,,,,,,,,,,,,,,,,,,,,,,,,
AGB-BMNS-0,Entry #1,ikk5-1,https://gbhwdb.gekkio.fi/cartridges/AGB-BMNS-0/ikk5-1.html,ikk5,"Morning Adventure, The (Spain) (Promo)",AGB-BMNS-ESP,12,AGB-E01-20,,R-6,,,,,ROM,MX23L3206-12B,E032521-M MX23L3206-12B AGB-BMNS-0 H2 2F367709,Macronix,Week 25/2003,2003,,25,,,,,,,,,,,,,,,,,,,,,,,,,,,,,,,,,,,,,,,,,,,,,,,,,,,,,,,,,,,,,,,,,,,
AGB-BMTP-0,Entry #1,ikk5-1,https://gbhwdb.gekkio.fi/cartridges/AGB-BMTP-0/ikk5-1.html,ikk5,"Monster Truck Madness (USA, Europe)",AGB-BMTP-EUR,34,AGB-E03-20,K,O-5,June/2003,2003,June,,ROM,MX23L3206-12B,S033021-M MX23L3206-12B AGB-BMTP-0 H2 2F374001,Macronix,Week 30/2003,2003,,30,EEPROM,9853,9853 3549,ROHM,May/2003,2003,May,,,,,,,,,,,,,,,,,,,,,,,,,,,,,,,,,,,,,,,,,,,,,,,,,,,,,,,,,,,,
AGB-BMUX-0,Entry #1,ikk5-1,https://gbhwdb.gekkio.fi/cartridges/AGB-BMUX-0/ikk5-1.html,ikk5,"Scooby-Doo 2 - Monsters Unleashed (Europe) (En,Fr,De,Es,It)",AGB-BMUX-EUR,20,AGB-E01-30,I,R-1,December/2003,2003,December,,ROM,MX23L6406-12C,M040746-M MX23L6406-12C AGB-BMUX-0 I2 2I859500,Macronix,Week 7/2004,2004,,7,,,,,,,,,,,,,,,,,,,,,,,,,,,,,,,,,,,,,,,,,,,,,,,,,,,,,,,,,,,,,,,,,,,
AGB-BMXP-0,Entry #1,3615retro-1,https://gbhwdb.gekkio.fi/cartridges/AGB-BMXP-0/3615retro-1.html,3615Retro,"Metroid - Zero Mission (Europe) (En,Fr,De,Es,It)",AGB-BMXP-EUR,22,AGB-E11-10,MB,O-6,January/2004,2004,January,,ROM,MR26V6415G,AGB-BMXP-0 I2 R26V6415G-0T8 409ABBR,OKI,Week 9/2004,2004,,9,RAM,MB85R256A,JAPAN MB85R256A 0352 M72,Fujitsu,Week 52/2003,2003,,52,,,,,,,,,,,,,,,,,,,,,,,,,,,,,,,,,,,,,,,,,,,,,,,,,,,,,,,,f1d92e63,07930e72d4824bd63827a1a823cc8829,0fd107445a42e6f3a3e5ce8c865f412583179903,0d061ff36c62ebbf2220e106ea34abdb8d813943515b35007fd8fdba3ed019b0
AGB-BMXP-0,Entry #1,missingno-force-1,https://gbhwdb.gekkio.fi/cartridges/AGB-BMXP-0/missingno-force-1.html,Missingno_force,"Metroid - Zero Mission (Europe) (En,Fr,De,Es,It)",AGB-BMXP-EUR,11,AGB-E11-10,I,C-2,February/2004,2004,February,,ROM,AC23V64101,HYNIX AC23V64101 AGB-BMXP-0 I2 ZBR3404,Hynix,,,,,RAM,MB85R256A,JAPAN MB85R256A 0349 M35,Fujitsu,Week 49/2003,2003,,49,,,,,,,,,,,,,,,,,,,,,,,,,,,,,,,,,,,,,,,,,,,,,,,,,,,,,,,,,,,
AGB-BN7P-0,Entry #1,ikk5-1,https://gbhwdb.gekkio.fi/cartridges/AGB-BN7P-0/ikk5-1.html,ikk5,"Need for Speed - Carbon - Own the City (USA, Europe) (En,Fr,De,Es,It)",AGB-BN7P-EUR,22 E4,AGB-E03-21,MB,B-5,August/2006,2006,August,,ROM,MX23L6406-12C,B063846-MG MX23L6406-12C AGB-BN7P-0 I2 2O828600,Macronix,Week 38/2006,2006,,38,EEPROM,9853,9853 6878,ROHM,August/2006,2006,August,,,,,,,,,,,,,,,,,,,,,,,,,,,,,,,,,,,,,,,,,,,,,,,,,,,,,,,,,,,,
AGB-BNKP-0,Entry #1,3615retro-1,https://gbhwdb.gekkio.fi/cartridges/AGB-BNKP-0/3615retro-1.html,3615Retro,"Noddy - A Day in Toyland (Europe) (En,Fr,Es,It,Nl,Pt,Da)",AGB-BNKP-FRA,15 E3,AGB-E01-41,K,A-3,September/2005,2005,September,,ROM,MX23L3206-12B,B054221-MG MX23L3206-12B AGB-BNKP-0 H2 2N114600A1,Macronix,Week 42/2005,2005,,42,,,,,,,,,,,,,,,,,,,,,,,,,,,,,,,,,,,,,,,,,,,,,,,,,,,,,,,,,,,,,,,,607ddc6b,59aee0a5bc39a0a026dcde89d6ccd4a4,9a1eb8224d5bd68f0d3d2417fe233472e7b80713,875095649d984ed610eb8ac9b617c0bdeca3c17ceb39c18311d8f239221ba2aa
AGB-BNSP-0,Entry #1,3615retro-1,https://gbhwdb.gekkio.fi/cartridges/AGB-BNSP-0/3615retro-1.html,3615Retro,"Need for Speed - Underground (USA, Europe) (En,Fr,De,It)",AGB-BNSP-EUR,22,AGB-E03-20,CS,A-5,October/2003,2003,October,,ROM,MX23L6406-12C,S040446-M MX23L6406-12C AGB-BNSP-0 I2 2I828206,Macronix,Week 4/2004,2004,,4,EEPROM,9853,9853 3B40,ROHM,November/2003,2003,November,,,,,,,,,,,,,,,,,,,,,,,,,,,,,,,,,,,,,,,,,,,,,,,,,,,,,,,,,828020e9,0053467f8f43c893299c1c18a2e971d9,ddd304481617a748aa9f37535908a37452dd2f03,53817aec76a623dc2c7782ddf841f89f369aebe5a92a28c9afc69feaf914a593
AGB-BNUP-0,Entry #1,ikk5-1,https://gbhwdb.gekkio.fi/cartridges/AGB-BNUP-0/ikk5-1.html,ikk5,"SpongeBob SquarePants and Friends Unite! (Europe) (En,Fr,De,Es,Nl)",AGB-BNUP-EUR,00 E4,AGB-E01-41,I,M-5,August/2006,2006,August,,ROM,MX23L3206-12B,B063421-MG MX23L3206-12B AGB-BNUP-0 H2 2P051703,Macronix,Week 34/2006,2006,,34,,,,,,,,,,,,,,,,,,,,,,,,,,,,,,,,,,,,,,,,,,,,,,,,,,,,,,,,,,,,,,,,,,,
AGB-BNWP-0,Entry #1,granmastro-1,https://gbhwdb.gekkio.fi/cartridges/AGB-BNWP-0/granmastro-1.html,Granmastro,"Need for Speed - Most Wanted (USA, Europe) (En,Fr,De,It)",AGB-BNWP-EUR,,AGB-E03-21,I,M-6,September/2005,2005,September,,ROM,MX23L6406-12C,B054046-MG MX23L6406-12C AGB-BNWP-0 I2 2N070500,Macronix,Week 40/2005,2005,,40,EEPROM,9853,9853 5927,ROHM,September/2005,2005,September,,,,,,,,,,,,,,,,,,,,,,,,,,,,,,,,,,,,,,,,,,,,,,,,,,,,,,,,,,,,
AGB-BNWP-0,Entry #1,kurodo-1,https://gbhwdb.gekkio.fi/cartridges/AGB-BNWP-0/kurodo-1.html,Kurodo,"Need for Speed - Most Wanted (USA, Europe) (En,Fr,De,It)",AGB-BNWP-EUR,E3,AGB-E03-21,MB,Q-1,September/2005,2005,September,,ROM,MX23L6406-12C,B054046-MG MX23L6406-12C AGB-BNWP-0 I2 2N056300,Macronix,Week 40/2005,2005,,40,EEPROM,9853,9853 5927,ROHM,September/2005,2005,September,,,,,,,,,,,,,,,,,,,,,,,,,,,,,,,,,,,,,,,,,,,,,,,,,,,,,,,,,,,,
AGB-BOAP-0,Entry #1,ikk5-1,https://gbhwdb.gekkio.fi/cartridges/AGB-BOAP-0/ikk5-1.html,ikk5,"Open Season (Europe) (En,Fr,Es,Nl)",AGB-BOAP-EUR,08 E4,AGB-E03-21,CS,R-3,July/2006,2006,July,,ROM,MR27V6416M,AGB-BOAP-0 I2 R27V6416M-0PK 6335BK9J,OKI,Week 33/2006,2006,,33,EEPROM,9853,9853 6756,ROHM,July/2006,2006,July,,,,,,,,,,,,,,,,,,,,,,,,,,,,,,,,,,,,,,,,,,,,,,,,,,,,,,,,,,,,
AGB-BP9E-0,Entry #1,fexcollects-1,https://gbhwdb.gekkio.fi/cartridges/AGB-BP9E-0/fexcollects-1.html,FexCollects,World Championship Poker (USA),AGB-BP9E-USA,22,AGB-E01-40,K,C-1,September/2004,2004,September,,ROM,MX23L3206-12B,M043821-M MX23L3206-12B AGB-BP9E-0 H2 2K194300,Macronix,Week 38/2004,2004,,38,,,,,,,,,,,,,,,,,,,,,,,,,,,,,,,,,,,,,,,,,,,,,,,,,,,,,,,,,,,,,,,,,,,3dc04ebd1d6bcf8a6be7b0d8e1c850809e6be99728a5ef38b2d8153b1e6baf09
AGB-BP9P-0,Entry #1,ikk5-1,https://gbhwdb.gekkio.fi/cartridges/AGB-BP9P-0/ikk5-1.html,ikk5,"World Championship Poker (Europe) (En,Fr,De,Es,It)",AGB-BP9P-EUR,11,AGB-E01-40,I,P-2,February/2005,2005,February,,ROM,MX23L3206-12B,M051221-MG MX23L3206-12B AGB-BP9P-0 H2 2L682301A1,Macronix,Week 12/2005,2005,,12,,,,,,,,,,,,,,,,,,,,,,,,,,,,,,,,,,,,,,,,,,,,,,,,,,,,,,,,,,,,,,,,,,,
AGB-BPED-0,Entry #1,missingno-force-1,https://gbhwdb.gekkio.fi/cartridges/AGB-BPED-0/missingno-force-1.html,Missingno_force,Pokemon - Smaragd-Edition (Germany),AGB-BPED-NOE,10 E3,AGB-E05-01,I,C-2,September/2005,2005,September,,ROM,MX23L12807-12C,E054158-MG MX23L12807-12C AGB-BPED-0 J2 2M985201,Macronix,Week 41/2005,2005,,41,Flash,MX29L010TC-15A1,E053757G MX29L010TC-15A1 1G4296,Macronix,Week 37/2005,2005,,37,RTC,S-3511A,S3511 AVE9 2229,Seiko Instruments Inc.,September/2005,2005,September,,,,,,,,,,,,,,,,,,,,,,,,,,,,,,,,,,Crystal,,,,,,,,CR1616,,,,,,,,,,
AGB-BPEE-0,Entry #1,fexcollects-1,https://gbhwdb.gekkio.fi/cartridges/AGB-BPEE-0/fexcollects-1.html,FexCollects,"Pokemon - Emerald Version (USA, Europe)",AGB-BPEE-USA,00 E4,AGB-E05-01,I,B-4,August/2005,2005,August,,ROM,MX23L12807-12C,E053458-MG MX23L12807-12C AGB-BPEE-0 J2 2L699000,Macronix,Week 34/2005,2005,,34,Flash,MX29L010TC-15A1,E053157G MX29L010TC-15A1 1G4211,Macronix,Week 31/2005,2005,,31,RTC,S-3511A,S3511 AVE8 1968,Seiko Instruments Inc.,August/2005,2005,August,,,,,,,,,,,,,,,,,,,,,,,,,,,,,,,,,,Crystal,,,,,,,,CR1616,,,,,,,,,,a9dec84dfe7f62ab2220bafaef7479da0929d066ece16a6885f6226db19085af
AGB-BPEE-0,Entry #1,missingno-force-1,https://gbhwdb.gekkio.fi/cartridges/AGB-BPEE-0/missingno-force-1.html,Missingno_force,"Pokemon - Emerald Version (USA, Europe)",AGB-BPEE-USA,09,AGB-E05-01,I,E-5,November/2004,2004,November,,ROM,MX23L12807-12C,M050958-MG MX23L12807-12C AGB-BPEE-0 J2 2L673900,Macronix,Week 9/2005,2005,,9,Flash,MX29L010TC-15A1,E044257G MX29L010TC-15A1 1G1128,Macronix,Week 42/2004,2004,,42,RTC,S-3511A,S3511 AVDX 4394,Seiko Instruments Inc.,October/2004,2004,October,,,,,,,,,,,,,,,,,,,,,,,,,,,,,,,,,,Crystal,,,,,,,,CR1616,,,,,,,,,,
AGB-BPEF-0,Entry #1,3615retro-1,https://gbhwdb.gekkio.fi/cartridges/AGB-BPEF-0/3615retro-1.html,3615Retro,Pokemon - Version Emeraude (France),AGB-BPEF-FRA,09 E3,AGB-E05-01,,B-1,July/2005,2005,July,,ROM,MX23L12807-12C,E053258-MG MX23L12807-12C AGB-BPEF-0 J2 2M640200,Macronix,Week 32/2005,2005,,32,Flash,MX29L010TC-15A1,E052857G MX29L010TC-15A1 1G4520,Macronix,Week 28/2005,2005,,28,RTC,S-3511A,S3511 AVE6 9041,Seiko Instruments Inc.,June/2005,2005,June,,,,,,,,,,,,,,,,,,,,,,,,,,,,,,,,,,Crystal,,,,,,,,CR1616,,,,,,,a3fdccb1,2c00e335288a96650e34785b5e2a7588,ca666651374d89ca439007bed54d839eb7bd14d0,e79b40e6189550b4870b06918a5c59e04d3a2e1d7c92718aeda92181201f51e4
AGB-BPEF-0,Entry #1,kurodo-1,https://gbhwdb.gekkio.fi/cartridges/AGB-BPEF-0/kurodo-1.html,Kurodo,Pokemon - Version Emeraude (France),AGB-BPEF-FRA,09 E3,AGB-E05-01,I,F-5,August/2005,2005,August,,ROM,MX23L12807-12C,E053258-MG MX23L12807-12C AGB-BPEF-0 J2 2M627400,Macronix,Week 32/2005,2005,,32,Flash,MX29L010TC-15A1,E044757G MX29L010TC-15A1 1G1917,Macronix,Week 47/2004,2004,,47,RTC,S-3511A,S3511 AVE6 9040,Seiko Instruments Inc.,June/2005,2005,June,,,,,,,,,,,,,,,,,,,,,,,,,,,,,,,,,,Crystal,,,,,,,,CR1616,,,,,,,,,,
AGB-BPEI-0,Entry #1,granmastro-1,https://gbhwdb.gekkio.fi/cartridges/AGB-BPEI-0/granmastro-1.html,Granmastro,Pokemon - Versione Smeraldo (Italy),AGB-BPEI-ITA,00 E4,AGB-E05-01,I,B-4,July/2005,2005,July,,ROM,MX23L12807-12C,E053258-MG MX23L12807-12C AGB-BPEI-0 J2 2M680500,Macronix,Week 32/2005,2005,,32,Flash,MX29L010TC-15A1,E050357G MX29L010TC-15A1 1G2628,Macronix,Week 3/2005,2005,,3,RTC,S-3511A,S3511 AVE6 9041,Seiko Instruments Inc.,June/2005,2005,June,,,,,,,,,,,,,,,,,,,,,,,,,,,,,,,,,,Crystal,,,,,,,,CR1616,,,,,,,,,,
AGB-BPEJ-0,Entry #1,fexcollects-1,https://gbhwdb.gekkio.fi/cartridges/AGB-BPEJ-0/fexcollects-1.html,FexCollects,Pocket Monsters - Emerald (Japan),AGB-BPEJ-JPN,22,AGB-E05-01,I,G-5,July/2004,2004,July,,ROM,MX23L12807-12C,M043358-M MX23L12807-12C AGB-BPEJ-0 J2 2I850502,Macronix,Week 33/2004,2004,,33,Flash,LE26FV10N1TS-10,LE26FV10N1TS -10 4DU2A,Sanyo,April/2004,2004,April,,RTC,S-3511A,S3511 AV33 0582,Seiko Instruments Inc.,March/2003,2003,March,,,,,,,,,,,,,,,,,,,,,,,,,,,,,,,,,,Crystal,,,,,,,,CR1616,,,,,,,,,,33f5610b9186b4add09fef68895deb00f552b997b3d133b5a961e5123506343c
AGB-BPES-0,Entry #1,fexcollects-1,https://gbhwdb.gekkio.fi/cartridges/AGB-BPES-0/fexcollects-1.html,FexCollects,Pokemon - Edicion Esmeralda (Spain),AGB-BPES-ESP,11 E3,AGB-E05-01,K,E-3,October/2005,2005,October,,ROM,MX23L12807-12C,E055058-MG MX23L12807-12C AGB-BPES-0 J2 2N422000A1,Macronix,Week 50/2005,2005,,50,Flash,MX29L010TC-15A1,E054157G MX29L010TC-15A1 1G4383,Macronix,Week 41/2005,2005,,41,RTC,S-3511A,S3511 AVEX 2753,Seiko Instruments Inc.,October/2005,2005,October,,,,,,,,,,,,,,,,,,,,,,,,,,,,,,,,,,Crystal,,,,,,,,CR1616,,,,,,,,,,e32c82bd10f174cf4019123b36f3ef7729105fb6634d9aa6b61413ee5101a55e
AGB-BPGE-0,Entry #1,ikk5-1,https://gbhwdb.gekkio.fi/cartridges/AGB-BPGE-0/ikk5-1.html,ikk5,"Pokemon - LeafGreen Version (USA, Europe)",AGB-BPGE-USA,22,AGB-E02-20,I,L-6,June/2004,2004,June,,ROM,MX23L12806-12C,M042538-M MX23L12806-12C AGB-BPGE-0 J2 2K278301,Macronix,Week 25/2004,2004,,25,Flash,MX29L010TC-15A1,E040857 MX29L010TC-15A1 1F4977,Macronix,Week 8/2004,2004,,8,,,,,,,,,,,,,,,,,,,,,,,,,,,,,,,,,,,,,,,,,,,,,,,,,,,,,,,,,,,
AGB-BPGE-1,Entry #1,fexcollects-1,https://gbhwdb.gekkio.fi/cartridges/AGB-BPGE-1/fexcollects-1.html,FexCollects,"Pokemon - LeafGreen Version (USA, Europe) (Rev 1)",AGB-BPGE-USA,19A E4,AGB-E02-30,MB,B-3,October/2006,2006,October,,ROM,MX23L12806-12C,B064338-MG MX23L12806-12C AGB-BPGE-1 J2 2O753000,Macronix,Week 43/2006,2006,,43,Flash,MX29L010TC-15A1,B064157G MX29L010TC-15A1 1H4943,Macronix,Week 41/2006,2006,,41,,,,,,,,,,,,,,,,,,,,,,,,,,,,,,,,,,,,,,,,,,,,,,,,,,,,,,,,,,,2f978f635b9593f6ca26ec42481c53a6b39f6cddd894ad5c062c1419fac58825
AGB-BPGF-0,Entry #1,3615retro-1,https://gbhwdb.gekkio.fi/cartridges/AGB-BPGF-0/3615retro-1.html,3615Retro,Pokemon - Version Vert Feuille (France),AGB-BPGF-FRA,22,AGB-E02-30,I,F-5,July/2004,2004,July,,ROM,MX23L12806-12C,S043238-M MX23L12806-12C AGB-BPGF-0 J2 2K525002,Macronix,Week 32/2004,2004,,32,Flash,MX29L010TC-15A1,E040257 MX29L010TC-15A1 1F468900A0,Macronix,Week 2/2004,2004,,2,,,,,,,,,,,,,,,,,,,,,,,,,,,,,,,,,,,,,,,,,,,,,,,,,,,,,,,,ba3285e3,c5bc831107f459816508b45d9392afc9,4b5758c14d0a07b70ef3ef0bd7fa5e7ce6978672,cc0fa93f4631d0814afcd5a273edf28f2876e126e8ef0df4dd39dd6f36e53ed3
AGB-BPGF-0,Entry #1,kurodo-1,https://gbhwdb.gekkio.fi/cartridges/AGB-BPGF-0/kurodo-1.html,Kurodo,Pokemon - Version Vert Feuille (France),AGB-BPGF-FRA,22,AGB-E02-30,I,B-6,July/2004,2004,July,,ROM,MX23L12806-12C,M043238-M MX23L12806-12C AGB-BPGF-0 J2 2K702300,Macronix,Week 32/2004,2004,,32,Flash,MX29L010TC-15A1,E040957 MX29L010TC-15A1 1F4976,Macronix,Week 9/2004,2004,,9,,,,,,,,,,,,,,,,,,,,,,,,,,,,,,,,,,,,,,,,,,,,,,,,,,,,,,,,,,,
AGB-BPGI-0,Entry #1,granmastro-1,https://gbhwdb.gekkio.fi/cartridges/AGB-BPGI-0/granmastro-1.html,Granmastro,Pokemon - Versione Verde Foglia (Italy),AGB-BPGI-ITA,20,AGB-E02-30,MB,D-6,August/2004,2004,August,,ROM,MX23L12806-12C,S043338-M MX23L12806-12C AGB-BPGI-0 J2 2K587500,Macronix,Week 33/2004,2004,,33,Flash,MX29L010TC-15A1,E040957 MX29L010TC-15A1 1F5553,Macronix,Week 9/2004,2004,,9,,,,,,,,,,,,,,,,,,,,,,,,,,,,,,,,,,,,,,,,,,,,,,,,,,,,,,,,,,,
AGB-BPGI-0,Entry #2,granmastro-2,https://gbhwdb.gekkio.fi/cartridges/AGB-BPGI-0/granmastro-2.html,Granmastro,Pokemon - Versione Verde Foglia (Italy),AGB-BPGI-ITA,20,AGB-E02-30,MB,L-2,July/2004,2004,July,,ROM,MX23L12806-12C,S043338-M MX23L12806-12C AGB-BPGI-0 J2 2K567500,Macronix,Week 33/2004,2004,,33,Flash,MX29L010TC-15A1,E040957 MX29L010TC-15A1 1F5553,Macronix,Week 9/2004,2004,,9,,,,,,,,,,,,,,,,,,,,,,,,,,,,,,,,,,,,,,,,,,,,,,,,,,,,,,,,,,,
AGB-BPGJ-0,Entry #1,fexcollects-1,https://gbhwdb.gekkio.fi/cartridges/AGB-BPGJ-0/fexcollects-1.html,FexCollects,Pocket Monsters - LeafGreen (Japan),AGB-BPGJ-JPN,09,AGB-E02-20,MB,C-5,December/2003,2003,December,,ROM,MX23L12806-12C,N040238-M MX23L12806-12C AGB-BPGJ-0 J2 2J129100,Macronix,Week 2/2004,2004,,2,Flash,MX29L010TC-15A1,E032457 MX29L010TC-15A1 1E8980,Macronix,Week 24/2003,2003,,24,,,,,,,,,,,,,,,,,,,,,,,,,,,,,,,,,,,,,,,,,,,,,,,,,,,,,,,,,,,2957b392dc09fc8df45a660af5493368d7bd378d299862f4cc115998e9da0bf2
AGB-BPGS-0,Entry #1,fexcollects-1,https://gbhwdb.gekkio.fi/cartridges/AGB-BPGS-0/fexcollects-1.html,FexCollects,Pokemon - Edicion Verde Hoja (Spain),AGB-BPGS-ESP,07,AGB-E02-30,MB,K-2,September/2004,2004,September,,ROM,MX23L12806-12C,E045338-MG MX23L12806-12C AGB-BPGS-0 J2 2K953200,Macronix,Week 53/2004,2004,,53,Flash,MX29L010TC-15A1,E044057G MX29L010TC-15A1 1G0501,Macronix,Week 40/2004,2004,,40,,,,,,,,,,,,,,,,,,,,,,,,,,,,,,,,,,,,,,,,,,,,,,,,,,,,,,,,,,,f8908e0bd32cf27077a26b557e1eea0ff06ce8059bee5dc7d799aab44a070d48
AGB-BPPP-0,Entry #1,3615retro-1,https://gbhwdb.gekkio.fi/cartridges/AGB-BPPP-0/3615retro-1.html,3615Retro,"Pokemon Pinball - Ruby & Sapphire (Europe) (En,Fr,De,Es,It)",AGP-BPPP-EUR,00,AGB-E11-01,MB,D-5,October/2003,2003,October,,ROM,MX23L12806-12C,E033938-M MX23L12806-12C AGB-BPPP-0 J2 2F478700,Macronix,Week 39/2003,2003,,39,RAM,MB85R256A,JAPAN MB85R256A 0336 M51,Fujitsu,Week 36/2003,2003,,36,,,,,,,,,,,,,,,,,,,,,,,,,,,,,,,,,,,,,,,,,,,,,,,,,,,,,,,,a53ac14b,98b421421f79e774231b65df7b1b3c47,b8b7881eaa9856b5ada99078ad1053d31cb79827,cd7efd3bde3e30f1e16c7a2dae4d5f2cdf8b57e34d6095547dca680be1de1180
AGB-BPRE-1,Entry #1,fexcollects-1,https://gbhwdb.gekkio.fi/cartridges/AGB-BPRE-1/fexcollects-1.html,FexCollects,"Pokemon - FireRed Version (USA, Europe) (Rev 1)",AGB-BPRE-USA,15A E4,AGB-E02-30,I,F-1,August/2007,2007,August,,ROM,AC23V128111,MAGNACHIP AC23V128111 AGB-BPRE-1 J2 SP0730 PS,Magnachip,,,,,Flash,MX29L010TC-15A1,B072957G MX29L010TC-15A1 1H5943,Macronix,Week 29/2007,2007,,29,,,,,,,,,,,,,,,,,,,,,,,,,,,,,,,,,,,,,,,,,,,,,,,,,,,,,,,,,,,729041b940afe031302d630fdbe57c0c145f3f7b6d9b8eca5e98678d0ca4d059
AGB-BPRE-1,Entry #1,missingno-force-1,https://gbhwdb.gekkio.fi/cartridges/AGB-BPRE-1/missingno-force-1.html,Missingno_force,"Pokemon - FireRed Version (USA, Europe) (Rev 1)",AGB-BPRE-USA,00A E4,AGB-E02-30,I,K-2,May/2006,2006,May,,ROM,MX23L12806-12C,S063138-MG MX23L12806-12C AGB-BPRE-1 J2 2N323400,Macronix,Week 31/2006,2006,,31,Flash,MX29L010TC-15A1,B063357G MX29L010TC-15A1 1H4065,Macronix,Week 33/2006,2006,,33,,,,,,,,,,,,,,,,,,,,,,,,,,,,,,,,,,,,,,,,,,,,,,,,,,,,,,,,,,,
AGB-BPRF-0,Entry #1,3615retro-1,https://gbhwdb.gekkio.fi/cartridges/AGB-BPRF-0/3615retro-1.html,3615Retro,Pokemon - Version Rouge Feu (France),AGB-BPRF-FRA,41,AGB-E02-30,I,N-4,July/2004,2004,July,,ROM,MX23L12806-12C,E043238-M MX23L12806-12C AGB-BPRF-0 J2 2K735700,Macronix,Week 32/2004,2004,,32,Flash,MX29L010TC-15A1,J035257 MX29L010TC-15A1 1F3853,Macronix,Week 52/2003,2003,,52,,,,,,,,,,,,,,,,,,,,,,,,,,,,,,,,,,,,,,,,,,,,,,,,,,,,,,,,5dc668f6,b8663b80eef5a1e9b41b683aa1234902,fc663907256f06a3a09e2d6b967bc9af4919f111,245866842349cedbe2a034c6d20438d26d18b627b3d0909d7cb795fc87d7675a
AGB-BPRF-0,Entry #1,kurodo-1,https://gbhwdb.gekkio.fi/cartridges/AGB-BPRF-0/kurodo-1.html,Kurodo,Pokemon - Version Rouge Feu (France),AGB-BPRF-FRA,12,AGB-E02-30,I,L-6,August/2004,2004,August,,ROM,MX23L12806-12C,S043738-M MX23L12806-12C AGB-BPRF-0 J2 2K984401,Macronix,Week 37/2004,2004,,37,Flash,MX29L010TC-15A1,E040957 MX29L010TC-15A1 1F4980,Macronix,Week 9/2004,2004,,9,,,,,,,,,,,,,,,,,,,,,,,,,,,,,,,,,,,,,,,,,,,,,,,,,,,,,,,,,,,
AGB-BPRI-0,Entry #1,granmastro-1,https://gbhwdb.gekkio.fi/cartridges/AGB-BPRI-0/granmastro-1.html,Granmastro,Pokemon - Versione Rosso Fuoco (Italy),AGB-BPRI-ITA,22,AGB-E02-30,I,L-4,August/2004,2004,August,,ROM,MX23L12806-12C,S044138-M MX23L12806-12C AGB-BPRI-0 J2 2K874500A1,Macronix,Week 41/2004,2004,,41,Flash,MX29L010TC-15A1,E043657G MX29L010TC-15A1 1F7283,Macronix,Week 36/2004,2004,,36,,,,,,,,,,,,,,,,,,,,,,,,,,,,,,,,,,,,,,,,,,,,,,,,,,,,,,,,,,,
AGB-BPRI-0,Entry #2,granmastro-2,https://gbhwdb.gekkio.fi/cartridges/AGB-BPRI-0/granmastro-2.html,Granmastro,Pokemon - Versione Rosso Fuoco (Italy),AGB-BPRI-ITA,,AGB-E02-30,I,L-3,July/2004,2004,July,,ROM,MX23L12806-12C,E043338-M MX23L12806-12C AGB-BPRI-0 J2 2K537500,Macronix,Week 33/2004,2004,,33,Flash,MX29L010TC-15A1,E042957 MX29L010TC-15A1 1F5510,Macronix,Week 29/2004,2004,,29,,,,,,,,,,,,,,,,,,,,,,,,,,,,,,,,,,,,,,,,,,,,,,,,,,,,,,,,,,,
AGB-BPRJ-0,Entry #1,fexcollects-1,https://gbhwdb.gekkio.fi/cartridges/AGB-BPRJ-0/fexcollects-1.html,FexCollects,Pocket Monsters - FireRed (Japan),AGB-BPRJ-JPN,07,AGB-E02-20,I,F-4,January/2004,2004,January,,ROM,MX23L12806-12C,E040538-M MX23L12806-12C AGB-BPRJ-0 J2 2J155400,Macronix,Week 5/2004,2004,,5,Flash,LE26FV10N1TS-10,LE26FV10N1TS -10 3MU50,Sanyo,December/2003,2003,December,,,,,,,,,,,,,,,,,,,,,,,,,,,,,,,,,,,,,,,,,,,,,,,,,,,,,,,,,,,,1e4af44b0c75cc8649bfb8649dc4ae5850bf5358bd6b9cd0bf779c99f9db1486
AGB-BPRP-1,Entry #1,ikk5-1,https://gbhwdb.gekkio.fi/cartridges/AGB-BPRP-1/ikk5-1.html,ikk5,"Pokemon - FireRed Version (USA, Europe) (Rev 1)",AGB-BPRP-EUR,22A,AGB-E02-30,I,G-6,August/2004,2004,August,,ROM,MX23L12806-12C,S043738-M MX23L12806-12C AGB-BPRP-1 J2 2K991701,Macronix,Week 37/2004,2004,,37,Flash,MX29L010TC-15A1,E042857 MX29L010TC-15A1 1F5511,Macronix,Week 28/2004,2004,,28,,,,,,,,,,,,,,,,,,,,,,,,,,,,,,,,,,,,,,,,,,,,,,,,,,,,,,,,,,,
AGB-BPRS-0,Entry #1,fexcollects-1,https://gbhwdb.gekkio.fi/cartridges/AGB-BPRS-0/fexcollects-1.html,FexCollects,Pokemon - Edicion Rojo Fuego (Spain),AGB-BPRS-ESP,09 E3,AGB-E02-30,MB,N-3,March/2005,2005,March,,ROM,MX23L12806-12C,S052638-MG MX23L12806-12C AGB-BPRS-0 J2 2M396503A1,Macronix,Week 26/2005,2005,,26,Flash,MX29L010TC-15A1,E044657G MX29L010TC-15A1 1G1769,Macronix,Week 46/2004,2004,,46,,,,,,,,,,,,,,,,,,,,,,,,,,,,,,,,,,,,,,,,,,,,,,,,,,,,,,,,,,,ab696c065639e4d73c3c3ed9d4fbf9c7fed593761f3b6746256ff82465596554
AGB-BPTP-0,Entry #1,3615retro-1,https://gbhwdb.gekkio.fi/cartridges/AGB-BPTP-0/3615retro-1.html,3615Retro,"Peter Pan - The Motion Picture Event (Europe) (En,Fr,De,Es,It)",AGB-BPTP-EUR,22,AGB-E01-30,I,R-5,November/2003,2003,November,,ROM,AC23V32101,HYNIX AC23V32101 AGB-BPTP-0 H2 ZBR3115,Hynix,,,,,,,,,,,,,,,,,,,,,,,,,,,,,,,,,,,,,,,,,,,,,,,,,,,,,,,,,,,,,,,,,,,,98c27e8a,07826e89f368fdcfe22590d578b63b4b,dd8b3399e6dc2ef72a0be2d10a17e0cc96999356,16ed888ab2c3d2d370a13d610f6f71f2104381933e573fb311e6fed04bb1684e
AGB-BPTP-0,Entry #1,ikk5-1,https://gbhwdb.gekkio.fi/cartridges/AGB-BPTP-0/ikk5-1.html,ikk5,"Peter Pan - The Motion Picture Event (Europe) (En,Fr,De,Es,It)",AGB-BPTP-EUR,22,AGB-E01-30,I,L-1,November/2003,2003,November,,ROM,AC23V32101,HYNIX AC23V32101 AGB-BPTP-0 H2 ZBR3114,Hynix,,,,,,,,,,,,,,,,,,,,,,,,,,,,,,,,,,,,,,,,,,,,,,,,,,,,,,,,,,,,,,,,,,,,,,,
AGB-BPVP-0,Entry #1,ikk5-1,https://gbhwdb.gekkio.fi/cartridges/AGB-BPVP-0/ikk5-1.html,ikk5,"Pferd & Pony - Mein Pferdehof (Germany) (En,De)",AGB-BPVP-EUR,15 E3,AGB-E03-20,CS,A-4,August/2004,2004,August,,ROM,MR26V3211F,AGB-BPVP-0 H2 R26V3211F-0T5 525ABA0J,OKI,Week 25/2005,2005,,25,EEPROM,9854,9854 5J71W,ROHM,2005,2005,,,,,,,,,,,,,,,,,,,,,,,,,,,,,,,,,,,,,,,,,,,,,,,,,,,,,,,,,,,,,
AGB-BPXP-0,Entry #1,ikk5-1,https://gbhwdb.gekkio.fi/cartridges/AGB-BPXP-0/ikk5-1.html,ikk5,"Polar Express, The (USA, Europe) (En,Fr,De,Es,It)",AGB-BPXP-EUR,20,AGB-E03-20,CS,A-5,September/2004,2004,September,,ROM,MX23L3206-12B,E044221-M MX23L3206-12B AGB-BPXP-0 H2 2L160105,Macronix,Week 42/2004,2004,,42,EEPROM,9853,9853 4948,ROHM,September/2004,2004,September,,,,,,,,,,,,,,,,,,,,,,,,,,,,,,,,,,,,,,,,,,,,,,,,,,,,,,,,,,,,
AGB-BQ9Q-0,Entry #1,ikk5-1,https://gbhwdb.gekkio.fi/cartridges/AGB-BQ9Q-0/ikk5-1.html,ikk5,Pixeline i Pixieland (Denmark),AGB-BQ9Q-DAN,20 E4,AGB-E03-21,I,E-1,September/2007,2007,September,,ROM,MR27V6416M,AGB-BQ9Q-0 I2 R27V6416M-0UJ 7395BU8J,OKI,Week 39/2007,2007,,39,EEPROM,9853,9853 7M64,ROHM,2007,2007,,,,,,,,,,,,,,,,,,,,,,,,,,,,,,,,,,,,,,,,,,,,,,,,,,,,,,,,,,,,,
AGB-BQDE-0,Entry #1,ikk5-1,https://gbhwdb.gekkio.fi/cartridges/AGB-BQDE-0/ikk5-1.html,ikk5,"Quad Desert Fury (USA, Europe)",AGB-BQDE-USA,19 E4,AGB-E01-41,MB,N-1,October/2006,2006,October,,ROM,MX23L3206-12B,S064221-MG MX23L3206-12B AGB-BQDE-0 H2 2T351300,Macronix,Week 42/2006,2006,,42,,,,,,,,,,,,,,,,,,,,,,,,,,,,,,,,,,,,,,,,,,,,,,,,,,,,,,,,,,,,,,,,,,,
AGB-BQQX-0,Entry #1,3615retro-1,https://gbhwdb.gekkio.fi/cartridges/AGB-BQQX-0/3615retro-1.html,3615Retro,"SpongeBob SquarePants - Lights, Camera, Pants! (Europe) (En,Fr,De,Es,It,Nl,Sv)",AGB-BQQX-EUR,19 E3,AGB-E03-21,K,E-4,September/2005,2005,September,,ROM,AC23V64101,MAGNACHIP AC23V64101 AGB-BQQX-0 I2 GB0249 PS,Magnachip,,,,,EEPROM,9853,9853 5913,ROHM,September/2005,2005,September,,,,,,,,,,,,,,,,,,,,,,,,,,,,,,,,,,,,,,,,,,,,,,,,,,,,,,,,,c189013d,24a24025a5e3b15512d4b5858b07c662,09d945acc251000c49539a3f18b21e48520ec8ad,f9e9ba7b0d798009e553f96b71cb4278401499b305df0430b2e432a696c3ff61
AGB-BQQX-0,Entry #1,ikk5-1,https://gbhwdb.gekkio.fi/cartridges/AGB-BQQX-0/ikk5-1.html,ikk5,"SpongeBob SquarePants - Lights, Camera, Pants! (Europe) (En,Fr,De,Es,It,Nl,Sv)",AGB-BQQX-EUR,19 E3,AGB-E03-21,K,P-1,September/2005,2005,September,,ROM,AC23V64101,MAGNACHIP AC23V64101 AGB-BQQX-0 I2 GB0271 PS,Magnachip,,,,,EEPROM,9853,9853 5911,ROHM,September/2005,2005,September,,,,,,,,,,,,,,,,,,,,,,,,,,,,,,,,,,,,,,,,,,,,,,,,,,,,,,,,,,,,
AGB-BQTP-0,Entry #1,ikk5-1,https://gbhwdb.gekkio.fi/cartridges/AGB-BQTP-0/ikk5-1.html,ikk5,"Meine Tierpension (Germany) (En,De)",AGB-BQTP-EUR,0 E3,AGB-E03-21,GB,N-4,September/2005,2005,September,,ROM,MX23L6406-12C,M054446-MG MX23L6406-12C AGB-BQTP-0 I2 2N165000,Macronix,Week 44/2005,2005,,44,EEPROM,9854,9854 5S11W,ROHM,2005,2005,,,,,,,,,,,,,,,,,,,,,,,,,,,,,,,,,,,,,,,,,,,,,,,,,,,,,,,,,,,,,
AGB-BQVP-0,Entry #1,ikk5-1,https://gbhwdb.gekkio.fi/cartridges/AGB-BQVP-0/ikk5-1.html,ikk5,"Meine Tierarztpraxis (Germany) (En,De)",AGB-BQVP-EUR,15 E4,AGB-E03-21,CS,K-3,September/2006,2006,September,,ROM,MR27V6416M,AGB-BQVP-0 I2 R27V6416M-0NL 7045BCBJ,OKI,Week 4/2007,2007,,4,EEPROM,9854,9854 6S72W,ROHM,2006,2006,,,,,,,,,,,,,,,,,,,,,,,,,,,,,,,,,,,,,,,,,,,,,,,,,,,,,,,,,,,,,
AGB-BQXP-0,Entry #1,ikk5-1,https://gbhwdb.gekkio.fi/cartridges/AGB-BQXP-0/ikk5-1.html,ikk5,"Superman Returns - Fortress of Solitude (USA, Europe) (En,Fr,De,Es,It)",AGB-BQXP-EUR,19 E4,AGB-E03-21,CS,A-5,September/2006,2006,September,,ROM,MX23L12806-12C,S064338-MG MX23L12806-12C AGB-BQXP-0 J2 2T277600,Macronix,Week 43/2006,2006,,43,EEPROM,9853,9853 6950,ROHM,September/2006,2006,September,,,,,,,,,,,,,,,,,,,,,,,,,,,,,,,,,,,,,,,,,,,,,,,,,,,,,,,,,,,,
AGB-BR3P-0,Entry #1,3615retro-1,https://gbhwdb.gekkio.fi/cartridges/AGB-BR3P-0/3615retro-1.html,3615Retro,"R-Type III - The Third Lightning (Europe) (En,Fr,De,Es,It)",AGB-BR3P-EUR,34,AGB-E01-40,I,D-6,October/2004,2004,October,,ROM,MR26V3211F,AGB-BR3P-0 H2 R26V3211F-0T6 442ABAJJ,OKI,Week 42/2004,2004,,42,,,,,,,,,,,,,,,,,,,,,,,,,,,,,,,,,,,,,,,,,,,,,,,,,,,,,,,,,,,,,,,,41bb7f8a,fb85f8209fe4ea11e6578b11e8194546,7cc8d40c5244baa22b94dd382c5ae39f894daaab,3a7116abaf0aae4da08f0e6899e846875875fd95e377335137b8407ffccfaa52
AGB-BR3P-0,Entry #1,kurodo-1,https://gbhwdb.gekkio.fi/cartridges/AGB-BR3P-0/kurodo-1.html,Kurodo,"R-Type III - The Third Lightning (Europe) (En,Fr,De,Es,It)",AGB-BR3P-EUR,10 E4,AGB-E01-41,I,G-2,March/2006,2006,March,,ROM,MR26V3211F,AGB-BR3P-0 H2 R26V3211F-0T6 616ABAGJ,OKI,Week 16/2006,2006,,16,,,,,,,,,,,,,,,,,,,,,,,,,,,,,,,,,,,,,,,,,,,,,,,,,,,,,,,,,,,,,,,,,,,
AGB-BR4J-0,Entry #1,hdr-1,https://gbhwdb.gekkio.fi/cartridges/AGB-BR4J-0/hdr-1.html,HDR,Rockman EXE 4.5 - Real Operation (Japan),AGB-BR4J-JPN,11,AGB-E05-01,I,O-1,July/2004,2004,July,,ROM,MR26V6415G,AGB-BR4J-0 I2 R26V6415G-02L 427ABA3,OKI,Week 27/2004,2004,,27,Flash,SST39VF512-70-4C-WH,39VF512 70-4C-WH 0350077-D,SST,Week 50/2003,2003,,50,RTC,S-3511A,S3511 AV37 0863,Seiko Instruments Inc.,July/2003,2003,July,,,,,,,,,,,,,,,,,,,,,,,,,,,,,,,,,,Crystal,,,,,,,,CR1616,,,,,,,,,,588a77da006fb0dca0c8addbcc316d7bd4b1c3a42db24750bcfe17b170ac5ef8
AGB-BRDP-0,Entry #1,ikk5-1,https://gbhwdb.gekkio.fi/cartridges/AGB-BRDP-0/ikk5-1.html,ikk5,"Power Rangers S.P.D. (USA, Europe)",AGB-BRDP-UKV,22 E3,AGB-E01-41,I,D-1,August/2005,2005,August,,ROM,MX23L3206-12B,E053721-MG MX23L3206-12B AGB-BRDP-0 H2 2M866901,Macronix,Week 37/2005,2005,,37,,,,,,,,,,,,,,,,,,,,,,,,,,,,,,,,,,,,,,,,,,,,,,,,,,,,,,,,,,,,,,,,,,,
AGB-BRHP-0,Entry #1,ikk5-1,https://gbhwdb.gekkio.fi/cartridges/AGB-BRHP-0/ikk5-1.html,ikk5,"Meet the Robinsons (Europe) (En,Fr,De,Es,It,Nl)",AGB-BRHP-EUR,15 E4,AGB-E03-21,I,B-6,June/2007,2007,June,,ROM,MR27V6416M,AGB-BRHP-0 I2 R27V6416M-0TN 7305BHCJ,OKI,Week 30/2007,2007,,30,EEPROM,9853,9853 7559,ROHM,May/2007,2007,May,,,,,,,,,,,,,,,,,,,,,,,,,,,,,,,,,,,,,,,,,,,,,,,,,,,,,,,,,,,,
AGB-BRKP-0,Entry #1,3615retro-1,https://gbhwdb.gekkio.fi/cartridges/AGB-BRKP-0/3615retro-1.html,3615Retro,Megaman - Battle Network 5 - Team Colonel (Europe),AGB-BRKP-UKV,11 E3,AGB-Y11-02,MB,K-3,March/2005,2005,March,,ROM,MX23L6406-12C,S051746-MG MX23L6406-12C AGB-BRKP-0 I2 2L261801,Macronix,Week 17/2005,2005,,17,RAM,MB85R256S,JAPAN MB85R256S 0446 M59 E1,Fujitsu,Week 46/2004,2004,,46,,,,,,,,,,,,,,,,,,,,,,,,,,,,,,,,,,,,,,,,,,,,,,,,,,,,,,,,8fc8cf73,17ff0b3af041f31b6c6924726c2642b8,d15bcb7c351252a8890c29a2eaac25ff621635c9,1683e6593af074f594df547f22bcb85f72034841b603a6805cb5a8840166b658
AGB-BRQP-0,Entry #1,ikk5-1,https://gbhwdb.gekkio.fi/cartridges/AGB-BRQP-0/ikk5-1.html,ikk5,3 Games in One - Darts + Roll-a-Ball + Shuffle Bowl (Europe),AGB-BRQP-UKV,09 E3,AGB-E01-41,A,O-3,November/2005,2005,November,,ROM,MR26V3211F,AGB-BRQP-0 H2 R26V3211F-07U 608ABAHJ,OKI,Week 8/2006,2006,,8,,,,,,,,,,,,,,,,,,,,,,,,,,,,,,,,,,,,,,,,,,,,,,,,,,,,,,,,,,,,,,,,,,,
AGB-BRQP-0,Entry #1,missingno-force-1,https://gbhwdb.gekkio.fi/cartridges/AGB-BRQP-0/missingno-force-1.html,Missingno_force,3 Games in One - Darts + Roll-a-Ball + Shuffle Bowl (Europe),AGB-BRQP-UKV,19 E3,AGB-E01-41,A,M-6,October/2005,2005,October,,ROM,MR26V3211F,AGB-BRQP-0 H2 R26V3211F-07U 601ABA8J,OKI,Week 1/2006,2006,,1,,,,,,,,,,,,,,,,,,,,,,,,,,,,,,,,,,,,,,,,,,,,,,,,,,,,,,,,,,,,,,,,,,,
AGB-BS7P-0,Entry #1,3615retro-1,https://gbhwdb.gekkio.fi/cartridges/AGB-BS7P-0/3615retro-1.html,3615Retro,"2 in 1 Game Pack - Shrek 2 & Shark Tale (Europe) (En,Fr,De,Es,It,Sv+En,Fr,De,Es,It)",AGB-BS7P-EUR,41 E3,AGB-E03-20,CS,A-2,July/2004,2004,July,,ROM,MX23L12806-12C,S052438-MG MX23L12806-12C AGB-BS7P-0 J2 2K831300,Macronix,Week 24/2005,2005,,24,EEPROM,9853,9853 5513,ROHM,May/2005,2005,May,,,,,,,,,,,,,,,,,,,,,,,,,,,,,,,,,,,,,,,,,,,,,,,,,,,,,,,,,1802c624,60c622e488935541ee0d7295bde1ff85,a9375826c46cdd1f78aecf8274db30110cd3d6d3,48072d27d2106e25cb1f5d873443805eb5905c598d6801121cac7dc93b456052
AGB-BSEP-0,Entry #1,ikk5-1,https://gbhwdb.gekkio.fi/cartridges/AGB-BSEP-0/ikk5-1.html,ikk5,"Shrek 2 (USA, Europe)",AGB-BSEP-UKV,11 E4,AGB-E03-21,CS,N-1,April/2006,2006,April,,ROM,MX23L6406-12C,S062346-MG MX23L6406-12C AGB-BSEP-0 I2 20874503,Macronix,Week 23/2006,2006,,23,EEPROM,9853,9853 6588,ROHM,May/2006,2006,May,,,,,,,,,,,,,,,,,,,,,,,,,,,,,,,,,,,,,,,,,,,,,,,,,,,,,,,,,,,,
AGB-BSIP-0,Entry #1,ikk5-1,https://gbhwdb.gekkio.fi/cartridges/AGB-BSIP-0/ikk5-1.html,ikk5,"Shrek 2 - Beg for Mercy (USA, Europe)",AGB-BSIP-UKV,13,AGB-E03-20,A,U-6,July/2004,2004,July,,ROM,MX23L6406-12C,S044046-M MX23L6406-12C AGB-BSIP-0 I2 2I913602,Macronix,Week 40/2004,2004,,40,EEPROM,9853,9853 4913,ROHM,September/2004,2004,September,,,,,,,,,,,,,,,,,,,,,,,,,,,,,,,,,,,,,,,,,,,,,,,,,,,,,,,,,,,,
AGB-BSPI-0,Entry #1,granmastro-1,https://gbhwdb.gekkio.fi/cartridges/AGB-BSPI-0/granmastro-1.html,Granmastro,Spider-Man 2 (Italy),AGB-BSPI-ITA,,AGB-E03-20,CS,A-2,October/2004,2004,October,,ROM,MX23L12806-12C,S042938-MG MX23L12806-12C AGB-BSPI-0 J2 2K313000,Macronix,Week 29/2004,2004,,29,EEPROM,9853,9853 5197,ROHM,January/2005,2005,January,,,,,,,,,,,,,,,,,,,,,,,,,,,,,,,,,,,,,,,,,,,,,,,,,,,,,,,,,,,,
AGB-BSPP-0,Entry #1,ikk5-1,https://gbhwdb.gekkio.fi/cartridges/AGB-BSPP-0/ikk5-1.html,ikk5,"Spider-Man 2 (USA, Europe)",AGB-BSPP-UKV,20 E3,AGB-E03-20,CS,A-3,April/2005,2005,April,,ROM,MX23L12806-12C,M052038-MG MX23L12806-12C AGB-BSPP-0 J2 2L648400,Macronix,Week 20/2005,2005,,20,EEPROM,9853,9853 5507,ROHM,May/2005,2005,May,,,,,,,,,,,,,,,,,,,,,,,,,,,,,,,,,,,,,,,,,,,,,,,,,,,,,,,,,,,,
AGB-BSUP-0,Entry #1,ikk5-1,https://gbhwdb.gekkio.fi/cartridges/AGB-BSUP-0/ikk5-1.html,ikk5,"Shark Tale (USA, Europe)",AGB-BSUP-UKV,15 E4,AGB-E03-21,CS,S-4,March/2006,2006,March,,ROM,MX23L6406-12C,S062146-MG MX23L6406-12C AGB-BSUP-0 I2 2P045301,Macronix,Week 21/2006,2006,,21,EEPROM,9853,9853 6428,ROHM,April/2006,2006,April,,,,,,,,,,,,,,,,,,,,,,,,,,,,,,,,,,,,,,,,,,,,,,,,,,,,,,,,,,,,
AGB-BSZX-0,Entry #1,ikk5-1,https://gbhwdb.gekkio.fi/cartridges/AGB-BSZX-0/ikk5-1.html,ikk5,"2 Games in 1 - SpongeBob SquarePants - SuperSponge + SpongeBob SquarePants - Battle for Bikini Bottom (Europe) (En+En,Fr,De)",AGB-BSZX-EUR,41,AGB-E01-40,A,N-5,October/2004,2004,October,,ROM,MX23L12806-12C,S045138-MG MX23L12806-12C AGB-BSZX-0 J2 2K868504,Macronix,Week 51/2004,2004,,51,,,,,,,,,,,,,,,,,,,,,,,,,,,,,,,,,,,,,,,,,,,,,,,,,,,,,,,,,,,,,,,,,,,
AGB-BT6X-0,Entry #1,ikk5-1,https://gbhwdb.gekkio.fi/cartridges/AGB-BT6X-0/ikk5-1.html,ikk5,"Trollz - Hair Affair! (Europe) (En,Fr,Es)",AGB-BT6X-EUR,15 E4,AGB-E03-21,CS,I-2,May/2006,2006,May,,ROM,MX23L6406-12C,S062846-MG MX23L6406-12C AGB-BT6X-0 I2 2R935203,Macronix,Week 28/2006,2006,,28,EEPROM,9853,9853 6547,ROHM,May/2006,2006,May,,,,,,,,,,,,,,,,,,,,,,,,,,,,,,,,,,,,,,,,,,,,,,,,,,,,,,,,,,,,
AGB-BTBP-0,Entry #1,ikk5-1,https://gbhwdb.gekkio.fi/cartridges/AGB-BTBP-0/ikk5-1.html,ikk5,"Thunderbirds (USA, Europe)",AGB-BTBP-UKV,22,AGB-E01-40,A,G-5,May/2004,2004,May,,ROM,MX23L3206-12B,M042821-M MX23L3206-12B AGB-BTBP-0 H2 2K338500,Macronix,Week 28/2004,2004,,28,,,,,,,,,,,,,,,,,,,,,,,,,,,,,,,,,,,,,,,,,,,,,,,,,,,,,,,,,,,,,,,,,,,
AGB-BTUP-0,Entry #1,ikk5-1,https://gbhwdb.gekkio.fi/cartridges/AGB-BTUP-0/ikk5-1.html,ikk5,"Totally Spies! (Europe) (En,Fr,De,Es,It,Nl)",AGB-BTUP-EUR,11 E3,AGB-E03-21,CS,L-4,October/2005,2005,October,,ROM,MR27V6416M,AGB-BTUP-0 I2 R27V6416M-0HN 6025BA7J,OKI,Week 2/2006,2006,,2,EEPROM,9853,9853 5B11,ROHM,November/2005,2005,November,,,,,,,,,,,,,,,,,,,,,,,,,,,,,,,,,,,,,,,,,,,,,,,,,,,,,,,,,,,,
AGB-BUEP-0,Entry #1,ikk5-1,https://gbhwdb.gekkio.fi/cartridges/AGB-BUEP-0/ikk5-1.html,ikk5,"Danny Phantom - The Ultimate Enemy (Europe) (En,Fr,Nl)",AGB-BUEP-EUR,11 E4,AGB-E03-21,I,D-4,March/2006,2006,March,,ROM,MX23L3206-12B,E061421-MG MX23L3206-12B AGB-BUEP-0 H2 2O783403,Macronix,Week 14/2006,2006,,14,EEPROM,9853,9853 6365,ROHM,March/2006,2006,March,,,,,,,,,,,,,,,,,,,,,,,,,,,,,,,,,,,,,,,,,,,,,,,,,,,,,,,,,,,,
AGB-BULP-0,Entry #1,ikk5-1,https://gbhwdb.gekkio.fi/cartridges/AGB-BULP-0/ikk5-1.html,ikk5,Ultimate Spider-Man (Europe),AGB-BULP-UKV,15 E3,AGB-E03-21,CS,F-6,August/2005,2005,August,,ROM,MX23L12806-12C,M053638-MG MX23L12806-12C AGB-BULP-0 J2 2K817900,Macronix,Week 36/2005,2005,,36,EEPROM,9853,9853 5887,ROHM,August/2005,2005,August,,,,,,,,,,,,,,,,,,,,,,,,,,,,,,,,,,,,,,,,,,,,,,,,,,,,,,,,,,,,
AGB-BUYP-0,Entry #1,3615retro-1,https://gbhwdb.gekkio.fi/cartridges/AGB-BUYP-0/3615retro-1.html,3615Retro,"Ant Bully, The (Europe) (En,Fr,De,Es,It)",AGB-BUYP-EUR,11 E4,AGB-E03-21,I,M-2,April/2006,2006,April,,ROM,MX23L6406-12C,S062546-MG MX23L6406-12C AGB-BUYP-0 I2 2P058003A1,Macronix,Week 25/2006,2006,,25,EEPROM,9853,9853 6587,ROHM,May/2006,2006,May,,,,,,,,,,,,,,,,,,,,,,,,,,,,,,,,,,,,,,,,,,,,,,,,,,,,,,,,,52dc386b,b9d1da4a076ac3ff5f08fc3a2ab76fc9,a735364887c31a19fa7d250ec830d02220d6a6cd,f3092e3e2da1f3e2d5f874cbaeee06971a14e5c1215e4c793cf70693dc440a64
AGB-BUYP-0,Entry #1,ikk5-1,https://gbhwdb.gekkio.fi/cartridges/AGB-BUYP-0/ikk5-1.html,ikk5,"Ant Bully, The (Europe) (En,Fr,De,Es,It)",AGB-BUYP-EUR,11 E4,AGB-E03-21,I,O-3,April/2006,2006,April,,ROM,MX23L6406-12C,S062546-MG MX23L6406-12C AGB-BUYP-0 I2 2P058003A1,Macronix,Week 25/2006,2006,,25,EEPROM,9853,9853 6587,ROHM,May/2006,2006,May,,,,,,,,,,,,,,,,,,,,,,,,,,,,,,,,,,,,,,,,,,,,,,,,,,,,,,,,,,,,
AGB-BVCJ-0,Entry #1,3615retro-1,https://gbhwdb.gekkio.fi/cartridges/AGB-BVCJ-0/3615retro-1.html,3615Retro,bit Generations - Dotstream (Japan) (En),AGB-BVCJ-JPN,09 E4,AGB-Y11-02,I,B-6,May/2006,2006,May,,ROM,MR27V12813M,AGB-BVCJ-0 J2 R27V12813M-02J 6255M13J,OKI,Week 25/2006,2006,,25,RAM,MB85R256S,JAPAN MB85R256S 0605 M84 E1,Fujitsu,Week 5/2006,2006,,5,,,,,,,,,,,,,,,,,,,,,,,,,,,,,,,,,,,,,,,,,,,,,,,,,,,,,,,,f0760400,00fc773fff582dc53604a7229f64e82f,d0883352702f812a03b3c794163af0ff558bd4c7,ffb57892f1e709460df835e3a64e7dbad8d8bc907d9cf358dc2506e9a793eb53
AGB-BWHP-0,Entry #1,ikk5-1,https://gbhwdb.gekkio.fi/cartridges/AGB-BWHP-0/ikk5-1.html,ikk5,"Winnie the Pooh's Rumbly Tumbly Adventure (Europe) (En,Fr,De,Es,It,Nl)",AGB-BWHP-EUR,19 E3,AGB-E01-41,I,O-6,November/2005,2005,November,,ROM,MX23L3206-12B,E060521-MG MX23L3206-12B AGB-BWHP-0 H2 2N315900,Macronix,Week 5/2006,2006,,5,,,,,,,,,,,,,,,,,,,,,,,,,,,,,,,,,,,,,,,,,,,,,,,,,,,,,,,,,,,,,,,,,,,
AGB-BWIE-0,Entry #1,fexcollects-1,https://gbhwdb.gekkio.fi/cartridges/AGB-BWIE-0/fexcollects-1.html,FexCollects,WinX Club (USA),AGB-BWIE-USA,08 E3,AGB-E03-21,I,M-3,September/2005,2005,September,,ROM,MX23L12806-12C,S053938-MG MX23L12806-12C AGB-BWIE-0 J2 2L656500,Macronix,Week 39/2005,2005,,39,EEPROM,9854,9854 5S95W,ROHM,2005,2005,,,,,,,,,,,,,,,,,,,,,,,,,,,,,,,,,,,,,,,,,,,,,,,,,,,,,,,,,,,,,a3d9b2461d5408f354a511716fdd586514ffe4af713e8d4e3a39e123a5151c65
AGB-BWLP-0,Entry #1,ikk5-1,https://gbhwdb.gekkio.fi/cartridges/AGB-BWLP-0/ikk5-1.html,ikk5,"Wild, The (USA, Europe) (En,Fr,De,Es)",AGB-BWLP-EUR,19 E4,AGB-E03-21,MB,L-6,March/2006,2006,March,,ROM,MR27V6416M,AGB-BWLP-0 I2 R27V6416M-0LJ 6105BATJ,OKI,Week 10/2006,2006,,10,EEPROM,HT01,HT01 A609K0021%,,Week 9/2006,2006,,9,,,,,,,,,,,,,,,,,,,,,,,,,,,,,,,,,,,,,,,,,,,,,,,,,,,,,,,,,,,
AGB-BWOP-0,Entry #1,ikk5-1,https://gbhwdb.gekkio.fi/cartridges/AGB-BWOP-0/ikk5-1.html,ikk5,"World Poker Tour (Europe) (En,Fr,De)",AGB-BWOP-EUR,41 E3,AGB-E03-21,GB,M-3,September/2005,2005,September,,ROM,AC23V32101,MAGNACHIP AC23V32101 AGB-BWOP-0 H2 GB0546 PS,Magnachip,,,,,EEPROM,9854,9854 5S10W,ROHM,2005,2005,,,,,,,,,,,,,,,,,,,,,,,,,,,,,,,,,,,,,,,,,,,,,,,,,,,,,,,,,,,,,
AGB-BWWP-0,Entry #1,granmastro-1,https://gbhwdb.gekkio.fi/cartridges/AGB-BWWP-0/granmastro-1.html,Granmastro,"WWE - Survivor Series (USA, Europe)",AGB-BWWP-UKV,,AGB-E03-20,K,N-4,July/2004,2004,July,,ROM,MX23L3206-12B,S044021-M MX23L3206-12B AGB-BWWP-0 H2 2K466602,Macronix,Week 40/2004,2004,,40,EEPROM,9853,9853 4813,ROHM,August/2004,2004,August,,,,,,,,,,,,,,,,,,,,,,,,,,,,,,,,,,,,,,,,,,,,,,,,,,,,,,,,,,,,
AGB-BWZP-0,Entry #1,ikk5-1,https://gbhwdb.gekkio.fi/cartridges/AGB-BWZP-0/ikk5-1.html,ikk5,"Winnie the Pooh's Rumbly Tumbly Adventure & Rayman 3 (Europe) (En,Fr,De,Es,It,Nl+En,Fr,De,Es,It,Nl,Sv,No,Da,Fi)",AGB-BWZP-EUR,08 E4,AGB-E03-21,CS,I-3,March/2006,2006,March,,ROM,MR27V12813M,AGB-BWZP-0 J2 R27V12813M-01U 6175M19J,OKI,Week 17/2006,2006,,17,EEPROM,9853,9853 6463,ROHM,April/2006,2006,April,,,,,,,,,,,,,,,,,,,,,,,,,,,,,,,,,,,,,,,,,,,,,,,,,,,,,,,,,,,,
AGB-BXFP-0,Entry #1,ikk5-1,https://gbhwdb.gekkio.fi/cartridges/AGB-BXFP-0/ikk5-1.html,ikk5,"Bratz - Forever Diamondz (Europe) (En,Fr,Es,It)",AGB-BXFP-EUR,19 E4,AGB-E03-21,I,F-2,April/2007,2007,April,,ROM,MR27V6416M,AGB-BXFP-0 I2 R27V6416M-0RE 7175BBBJ,OKI,Week 17/2007,2007,,17,EEPROM,9854,9854 6T85W,ROHM,2006,2006,,,,,,,,,,,,,,,,,,,,,,,,,,,,,,,,,,,,,,,,,,,,,,,,,,,,,,,,,,,,,
AGB-BXGP-0,Entry #1,ikk5-1,https://gbhwdb.gekkio.fi/cartridges/AGB-BXGP-0/ikk5-1.html,ikk5,2-in-1 Fun Pack - Shrek 2 + Madagascar (Europe),AGB-BXGP-UKV,00 E4,AGB-E03-21,CS,J-4,July/2006,2006,July,,ROM,MR27V12813M,AGB-BXGP-0 J2 R27V12813M-04C 6335M29J,OKI,Week 33/2006,2006,,33,EEPROM,,,,,,,,,,,,,,,,,,,,,,,,,,,,,,,,,,,,,,,,,,,,,,,,,,,,,,,,,,,,,,,,,,
AGB-BXKP-0,Entry #1,3615retro-1,https://gbhwdb.gekkio.fi/cartridges/AGB-BXKP-0/3615retro-1.html,3615Retro,"Castlevania Double Pack (Europe) (En,Fr,De)",AGB-BXKP-EUR,09 E3,AGB-Y11-02,I,I-3,December/2005,2005,December,,ROM,MX23L12806-12C,S055238-MG MX23L12806-12C AGB-BXKP-0 J2 2N155600,Macronix,Week 52/2005,2005,,52,RAM,MB85R256S,JAPAN MB85R256S 0541 M68 E1,Fujitsu,Week 41/2005,2005,,41,,,,,,,,,,,,,,,,,,,,,,,,,,,,,,,,,,,,,,,,,,,,,,,,,,,,,,,,ee495897,c9f99ccdf29fe8f9b5dc52c3a84e95a3,e7aea4480f02822904eef1d7b51c18f169881075,4e4469abfe046cdb9006ba0343a75c20949044f307506ecebdbf6a30f2d30774
AGB-BXWD-0,Entry #1,ikk5-1,https://gbhwdb.gekkio.fi/cartridges/AGB-BXWD-0/ikk5-1.html,ikk5,"Wilden Fussball-Kerle, Die - Gefahr im Wilde Kerle Land (Germany)",AGB-BXWD-NOE,15 E4,AGB-E03-21,CS,U-1,September/2006,2006,September,,ROM,MR27V12813M,AGB-BXWD-0 J2 R27V12813M-08F 7035BBWJ,OKI,Week 3/2007,2007,,3,EEPROM,HT01,HT01 A642K0122%,,Week 42/2006,2006,,42,,,,,,,,,,,,,,,,,,,,,,,,,,,,,,,,,,,,,,,,,,,,,,,,,,,,,,,,,,,
AGB-BY2P-0,Entry #1,ikk5-1,https://gbhwdb.gekkio.fi/cartridges/AGB-BY2P-0/ikk5-1.html,ikk5,"Yu-Gi-Oh! Double Pack (Europe) (En,Fr,De,Es,It)",AGB-BY2P-EUR,19 E3,AGB-Y11-02,I,M-1,January/2006,2006,January,,ROM,MX23L25607-12D2,S060553-MG MX23L25607-12D2 AGB-BY2P-0 K2 2N524601,Macronix,Week 5/2006,2006,,5,RAM,MB85R256S,JAPAN MB85R256S 0545 M05 E1,Fujitsu,Week 45/2005,2005,,45,,,,,,,,,,,,,,,,,,,,,,,,,,,,,,,,,,,,,,,,,,,,,,,,,,,,,,,,,,,
AGB-BY6P-0,Entry #1,ikk5-1,https://gbhwdb.gekkio.fi/cartridges/AGB-BY6P-0/ikk5-1.html,ikk5,"Yu-Gi-Oh! - Ultimate Masters Edition - World Championship Tournament 2006 (Europe) (En,Ja,Fr,De,Es,It)",AGB-BY6P-EUR,00 E3,AGB-Y11-02,I,N-3,January/2006,2006,January,,ROM,MX23L25607-12D2,E060753-MG MX23L25607-12D2 AGB-BY6P-0 K2 2N311400,Macronix,Week 7/2006,2006,,7,RAM,MB85R256S,JAPAN MB85R256S 0549 M25 E1,Fujitsu,Week 49/2005,2005,,49,,,,,,,,,,,,,,,,,,,,,,,,,,,,,,,,,,,,,,,,,,,,,,,,,,,,,,,,,,,
AGB-BY7E-0,Entry #1,ikk5-1,https://gbhwdb.gekkio.fi/cartridges/AGB-BY7E-0/ikk5-1.html,ikk5,"Yu-Gi-Oh! - 7 Trials to Glory - World Championship Tournament 2005 (USA) (En,Ja,Fr,De,Es,It)",AGB-BY7E-USA,11,AGB-Y11-01,MB,F-2,November/2004,2004,November,,ROM,MX23L12806-12C,S045238-MG MX23L12806-12C AGB-BY7E-0 J2 2L028601,Macronix,Week 52/2004,2004,,52,RAM,MB85R256A,JAPAN MB85R256A 0440 M54 E1,Fujitsu,Week 40/2004,2004,,40,,,,,,,,,,,,,,,,,,,,,,,,,,,,,,,,,,,,,,,,,,,,,,,,,,,,,,,,,,,
AGB-BYDE-0,Entry #1,ikk5-1,https://gbhwdb.gekkio.fi/cartridges/AGB-BYDE-0/ikk5-1.html,ikk5,Yu-Gi-Oh! - Destiny Board Traveler (USA),AGB-BYDE-CAN,20,AGB-Y11-01,MB,G-4,July/2004,2004,July,,ROM,AC23V64101,HYNIX AC23V64101 AGB-BYDE-0 I2 ZBR4341,Hynix,,,,,RAM,MB85R256A,JAPAN MB85R256A 0425 M76 E1,Fujitsu,Week 25/2004,2004,,25,,,,,,,,,,,,,,,,,,,,,,,,,,,,,,,,,,,,,,,,,,,,,,,,,,,,,,,,,,,
AGB-BYPP-0,Entry #1,ikk5-1,https://gbhwdb.gekkio.fi/cartridges/AGB-BYPP-0/ikk5-1.html,ikk5,"Pferd & Pony - Lass Uns Reiten 2 (Germany) (En,De)",AGB-BYPP-EUR,09 E4,AGB-E03-21,I,N-4,July/2006,2006,July,,ROM,MR26V3211F,AGB-BYPP-0 H2 R26V3211F-05N 636ABA4J,OKI,Week 36/2006,2006,,36,EEPROM,9854,9854 6R97W,ROHM,2006,2006,,,,,,,,,,,,,,,,,,,,,,,,,,,,,,,,,,,,,,,,,,,,,,,,,,,,,,,,,,,,,
AGB-BYWP-0,Entry #1,ikk5-1,https://gbhwdb.gekkio.fi/cartridges/AGB-BYWP-0/ikk5-1.html,ikk5,"Yu-Gi-Oh! - World Championship Tournament 2004 (Europe) (En,Ja,Fr,De,Es,It)",AGB-BYWP-EUR,09,AGB-Y11-01,I,L-2,March/2004,2004,March,,ROM,AC23V128111,HYNIX AC23V128111 AGB-BYWP-0 J2 NL0216,Hynix,,,,,RAM,MB85R256A,JAPAN MB85R256A 0406 M42,Fujitsu,Week 6/2004,2004,,6,,,,,,,,,,,,,,,,,,,,,,,,,,,,,,,,,,,,,,,,,,,,,,,,,,,,,,,,,,,
AGB-BZ4E-0,Entry #1,granmastro-1,https://gbhwdb.gekkio.fi/cartridges/AGB-BZ4E-0/granmastro-1.html,Granmastro,Final Fantasy IV Advance (USA),AGB-BZ4E-USA,,AGB-Y11-02,MB,B-2,November/2005,2005,November,,ROM,MR27V6416M,AGB-BZ4E-0 I2 R27V6416M-0JC 5445BCYJ,OKI,Week 44/2005,2005,,44,RAM,MB85R256S,JAPAN MB85R256S 0538 M29 E1,Fujitsu,Week 38/2005,2005,,38,,,,,,,,,,,,,,,,,,,,,,,,,,,,,,,,,,,,,,,,,,,,,,,,,,,,,,,,,,,
AGB-BZ4P-0,Entry #1,granmastro-1,https://gbhwdb.gekkio.fi/cartridges/AGB-BZ4P-0/granmastro-1.html,Granmastro,"Final Fantasy IV Advance (Europe) (En,Fr,De,Es,It)",AGB-BZ4P-EUR,09 E4,AGB-Y11-02,I,M-3,March/2001,2001,March,,ROM,MX23L6406-12C,M061446-MG MX23L6406-12C AGB-BZ4P-0 I2 2O842000,Macronix,Week 14/2006,2006,,14,RAM,MB85R256S,JAPAN MB85R256S 0551 M53 E1,Fujitsu,Week 51/2005,2005,,51,,,,,,,,,,,,,,,,,,,,,,,,,,,,,,,,,,,,,,,,,,,,,,,,,,,,,,,,,,,
AGB-BZ4P-0,Entry #1,ikk5-1,https://gbhwdb.gekkio.fi/cartridges/AGB-BZ4P-0/ikk5-1.html,ikk5,"Final Fantasy IV Advance (Europe) (En,Fr,De,Es,It)",AGB-BZ4P-EUR,00 E4,AGB-Y11-02,I,J-6,February/2006,2006,February,,ROM,MX23L6406-12C,M061446-MG MX23L6406-12C AGB-BZ4P-0 I2 2O842000,Macronix,Week 14/2006,2006,,14,RAM,MB85R256S,JAPAN MB85R256S 0551 M48 E1,Fujitsu,Week 51/2005,2005,,51,,,,,,,,,,,,,,,,,,,,,,,,,,,,,,,,,,,,,,,,,,,,,,,,,,,,,,,,,,,
AGB-BZ6E-0,Entry #1,granmastro-1,https://gbhwdb.gekkio.fi/cartridges/AGB-BZ6E-0/granmastro-1.html,Granmastro,Final Fantasy VI Advance (USA),AGB-BZ6E-USA,41 E4,AGB-Y11-02,I,G-3,October/2006,2006,October,,ROM,MR27V6416M,AGB-BZ6E-0 I2 R27V6416M-0TD 6475BBJJ,OKI,Week 47/2006,2006,,47,RAM,MB85R256S,JAPAN MB85R256S 0645 M54 E1,Fujitsu,Week 45/2006,2006,,45,,,,,,,,,,,,,,,,,,,,,,,,,,,,,,,,,,,,,,,,,,,,,,,,,,,,,,,,,,,
AGB-BZ6E-0,Entry #1,missingno-force-1,https://gbhwdb.gekkio.fi/cartridges/AGB-BZ6E-0/missingno-force-1.html,Missingno_force,Final Fantasy VI Advance (USA),AGB-BZ6E-USA,15 E4,AGB-Y11-02,I,C-2,October/2006,2006,October,,ROM,MX23L6406-12C,B064746-MG MX23L6406-12C AGB-BZ6E-0 I2 2T430300A1,Macronix,Week 47/2006,2006,,47,RAM,MB85R256S,JAPAN MB85R256S 0644 M49 E1,Fujitsu,Week 44/2006,2006,,44,,,,,,,,,,,,,,,,,,,,,,,,,,,,,,,,,,,,,,,,,,,,,,,,,,,,,,,,,,,
AGB-BZIX-0,Entry #1,ikk5-1,https://gbhwdb.gekkio.fi/cartridges/AGB-BZIX-0/ikk5-1.html,ikk5,"Finding Nemo - The Continuing Adventures (Europe) (En,Es,It,Sv,Da)",AGB-BZIX-EUR,41 E4,AGB-E01-41,MB,T-2,September/2006,2006,September,,ROM,MX23L3206-12B,S064621-MG MX23L3206-12B AGB-BZIX-0 H2 2T225002,Macronix,Week 46/2006,2006,,46,,,,,,,,,,,,,,,,,,,,,,,,,,,,,,,,,,,,,,,,,,,,,,,,,,,,,,,,,,,,,,,,,,,
AGB-BZMP-0,Entry #1,granmastro-1,https://gbhwdb.gekkio.fi/cartridges/AGB-BZMP-0/granmastro-1.html,Granmastro,"Legend of Zelda, The - The Minish Cap (Europe) (En,Fr,De,Es,It)",AGB-BZMP-EUR,09,AGB-E03-20,CS,A-1,August/2004,2004,August,,ROM,MX23L12806-12C,S044138-M MX23L12806-12C AGB-BZMP-0 J2 2L078990A1,Macronix,Week 41/2004,2004,,41,EEPROM,9854,9854 4S83W,ROHM,2004,2004,,,,,,,,,,,,,,,,,,,,,,,,,,,,,,,,,,,,,,,,,,,,,,,,,,,,,,,,,,,,,
AGB-BZMP-0,Entry #1,ikk5-1,https://gbhwdb.gekkio.fi/cartridges/AGB-BZMP-0/ikk5-1.html,ikk5,"Legend of Zelda, The - The Minish Cap (Europe) (En,Fr,De,Es,It)",AGB-BZMP-EUR,07,AGB-E03-20,CS,A-6,August/2004,2004,August,,ROM,MX23L12806-12C,S044138-M MX23L12806-12C AGB-BZMP-0 J2 2K997500,Macronix,Week 41/2004,2004,,41,EEPROM,9854,9854 4R84W,ROHM,2004,2004,,,,,,,,,,,,,,,,,,,,,,,,,,,,,,,,,,,,,,,,,,,,,,,,,,,,,,,,,,,,,
AGB-BZMP-0,Entry #1,kurodo-1,https://gbhwdb.gekkio.fi/cartridges/AGB-BZMP-0/kurodo-1.html,Kurodo,"Legend of Zelda, The - The Minish Cap (Europe) (En,Fr,De,Es,It)",AGB-BZMP-EUR,11,AGB-E03-20,CS,A-4,August/2004,2004,August,,ROM,MX23L12806-12C,M044138-M MX23L12806-12C AGB-BZMP-0 J2 2K867700,Macronix,Week 41/2004,2004,,41,EEPROM,9854,9854 4R85W,ROHM,2004,2004,,,,,,,,,,,,,,,,,,,,,,,,,,,,,,,,,,,,,,,,,,,,,,,,,,,,,,,,,,,,,
AGB-BZMP-0,Entry #2,kurodo-2,https://gbhwdb.gekkio.fi/cartridges/AGB-BZMP-0/kurodo-2.html,Kurodo,"Legend of Zelda, The - The Minish Cap (Europe) (En,Fr,De,Es,It)",AGB-BZMP-EUR,41,AGB-E03-20,CS,A-1,August/2004,2004,August,,ROM,MX23L12806-12C,S044138-M MX23L12806-12C AGB-BZMP-0 J2 2L047100,Macronix,Week 41/2004,2004,,41,EEPROM,9854,9854 4R72W,ROHM,2004,2004,,,,,,,,,,,,,,,,,,,,,,,,,,,,,,,,,,,,,,,,,,,,,,,,,,,,,,,,,,,,,
AGB-FADP-0,Entry #1,3615retro-1,https://gbhwdb.gekkio.fi/cartridges/AGB-FADP-0/3615retro-1.html,3615Retro,NES Classics - Castlevania (Europe),AGB-FADP-EUR,07,AGB-E03-20,CS,A-3,September/2004,2004,September,,ROM,MR27V810F,AGB-FADP-0 F2 R27V810F-059 4475BB4J,OKI,Week 47/2004,2004,,47,EEPROM,9853,9853 4A32,ROHM,October/2004,2004,October,,,,,,,,,,,,,,,,,,,,,,,,,,,,,,,,,,,,,,,,,,,,,,,,,,,,,,,,,497e3279,e21509b91a56514bc1d0cdd0f303a670,8bc8740a681e4d365419dbcee73619fe4429d66e,c5dbb99bebc78ea9529e57e3bc3a159b92fb11d022dd4ffec65c4789d9d10823
AGB-FBMP-0,Entry #1,3615retro-1,https://gbhwdb.gekkio.fi/cartridges/AGB-FBMP-0/3615retro-1.html,3615Retro,"Classic NES Series - Bomberman (USA, Europe)",AGB-FBMP-EUR,20,AGB-E03-20,CS,A-5,April/2004,2004,April,,ROM,MX23L8006-12B,M042021-M MX23L8006-12B AGB-FBMP-0 F2 2K151900,Macronix,Week 20/2004,2004,,20,EEPROM,9853,9853 4482,ROHM,April/2004,2004,April,,,,,,,,,,,,,,,,,,,,,,,,,,,,,,,,,,,,,,,,,,,,,,,,,,,,,,,,,c9ebc17d,e674bef244d677e175f5694a7006bfde,741eb2874c526cc014bf3e642b4ee37f18312735,9ea8196d7bffbdbe540270255a53973376112ce9cff929926b52f0110d610cd2
AGB-FICP-0,Entry #1,3615retro-1,https://gbhwdb.gekkio.fi/cartridges/AGB-FICP-0/3615retro-1.html,3615Retro,"Classic NES Series - Ice Climber (USA, Europe)",AGB-FICP-EUR,11,AGB-E03-20,CS,A-5,April/2004,2004,April,,ROM,MX23L8006-12B,E042021-M MX23L8006-12B AGB-FICP-0 F2 2K194202,Macronix,Week 20/2004,2004,,20,EEPROM,9853,9853 4482,ROHM,April/2004,2004,April,,,,,,,,,,,,,,,,,,,,,,,,,,,,,,,,,,,,,,,,,,,,,,,,,,,,,,,,,b265538d,bc62fa1f6a3f1421c802aba76f1f4732,64e965d61b2d1be5dfadb0236fed83fea5995724,2f68937c830fe1928a16f18e86927fcd1b40419c8b0f5a9d2917dc2a6191a4e0
AGB-FLBP-0,Entry #1,kurodo-1,https://gbhwdb.gekkio.fi/cartridges/AGB-FLBP-0/kurodo-1.html,Kurodo,"Classic NES Series - Zelda II - The Adventure of Link (USA, Europe)",AGB-FLBP-EUR,22,AGB-E03-20,CS,A-6,September/2004,2004,September,,ROM,MX23L8006-12B,E044721-MG MX23L8006-12B AGB-FLBP-0 F2 2L246900,Macronix,Week 47/2004,2004,,47,EEPROM,9854,9854 4S51W,ROHM,2004,2004,,,,,,,,,,,,,,,,,,,,,,,,,,,,,,,,,,,,,,,,,,,,,,,,,,,,,,,,,,,,,
AGB-FP7P-0,Entry #1,ikk5-1,https://gbhwdb.gekkio.fi/cartridges/AGB-FP7P-0/ikk5-1.html,ikk5,"Classic NES Series - Pac-Man (USA, Europe)",AGB-FP7P-EUR,07,AGB-E03-20,I,N-3,October/2004,2004,October,,ROM,MR27V810F,AGB-FP7P-0 F2 R27V810F-054 4525BAXJ,OKI,Week 52/2004,2004,,52,EEPROM,9853,9853 4B63,ROHM,November/2004,2004,November,,,,,,,,,,,,,,,,,,,,,,,,,,,,,,,,,,,,,,,,,,,,,,,,,,,,,,,,,,,,
AGB-FSMP-0,Entry #1,3615retro-1,https://gbhwdb.gekkio.fi/cartridges/AGB-FSMP-0/3615retro-1.html,3615Retro,"Classic NES Series - Super Mario Bros. (USA, Europe)",AGB-FSMP-EUR,19,AGB-E03-20,MB,H-3,April/2004,2004,April,,ROM,MX23L8006-12B,M042021-M MX23L8006-12B AGB-FSMP-0 F2 2K133300,Macronix,Week 20/2004,2004,,20,EEPROM,9853,9853 4490,ROHM,April/2004,2004,April,,,,,,,,,,,,,,,,,,,,,,,,,,,,,,,,,,,,,,,,,,,,,,,,,,,,,,,,,f7129225,97e977d6bb8b2e45a5ad6952dd9a5481,8ca35864ae33c9462dd66ceff1fac5a79e2e0a6f,5e8ee5d663a7767639ede878cee93d6add10f37c96e03e21551af0073de16879
AGB-FSMP-0,Entry #1,ikk5-1,https://gbhwdb.gekkio.fi/cartridges/AGB-FSMP-0/ikk5-1.html,ikk5,"Classic NES Series - Super Mario Bros. (USA, Europe)",AGB-FSMP-EUR,07 E3,AGB-E03-20,I,A-3,November/2004,2004,November,,ROM,MR27V810F,AGB-FSMP-0 F2 R27V810F-038 5295BBRJ,OKI,Week 29/2005,2005,,29,EEPROM,HT01,HT01 A511X0004%,,Week 11/2005,2005,,11,,,,,,,,,,,,,,,,,,,,,,,,,,,,,,,,,,,,,,,,,,,,,,,,,,,,,,,,,,,
AGB-FZLP-0,Entry #1,kurodo-1,https://gbhwdb.gekkio.fi/cartridges/AGB-FZLP-0/kurodo-1.html,Kurodo,"Classic NES Series - The Legend of Zelda (USA, Europe)",AGB-FZLP-EUR,12,AGB-E03-20,CS,A-3,April/2004,2004,April,,ROM,MX23L8006-12B,E042121-M MX23L8006-12B AGB-FZLP-0 F2 2K113300A1,Macronix,Week 21/2004,2004,,21,EEPROM,9854,9854 4G65W,ROHM,2004,2004,,,,,,,,,,,,,,,,,,,,,,,,,,,,,,,,,,,,,,,,,,,,,,,,,,,,,,,,,,,,,
AGB-KYGP-0,Entry #1,3615retro-1,https://gbhwdb.gekkio.fi/cartridges/AGB-KYGP-0/3615retro-1.html,3615Retro,"Yoshi's Universal Gravitation (Europe) (En,Fr,De,Es,It)",AGB-KYGP-EUR,00 E3,AGB-E12-02,I,L-2,April/2005,2005,April,,Unknown,,ACC1 BU3668K 504 T90,,,,,,ROM,MX23L6407-12C1,M053257-MG MX23L6407-12C1 AGB-KYGP-0 I2 2M219701A1,Macronix,Week 32/2005,2005,,32,EEPROM,9853,9853 5693,ROHM,June/2005,2005,June,,Accelerometer,ADXL202JE,06245 202JE 0501A,Analog Devices,,,,,,,,,,,,,,,,,,,,,,,,,,,,,,,,,,,,,,,,,,,,05f4d0aa,f9de621b65084bcdaff6e6b0cdc7c413,045be1369964f141009f3701839ec0a8dccb25c1,036017d870770c164bc65f5de7444f001991e827e09f785d6239f1466faebce7
AGB-KYGP-0,Entry #1,ikk5-1,https://gbhwdb.gekkio.fi/cartridges/AGB-KYGP-0/ikk5-1.html,ikk5,"Yoshi's Universal Gravitation (Europe) (En,Fr,De,Es,It)",AGB-KYGP-EUR,00 E3,AGB-E12-02,I,E-6,April/2005,2005,April,,Unknown,,ACC1 BU3668K 504 T90,,,,,,ROM,MR27V6416M,AGB-KYGP-0 I2 R27V6416M-0BS 5255BAHJ,OKI,Week 25/2005,2005,,25,EEPROM,9853,9853 5613,ROHM,June/2005,2005,June,,Accelerometer,ADXL202JE,05667 202JE 9453A,Analog Devices,,,,,,,,,,,,,,,,,,,,,,,,,,,,,,,,,,,,,,,,,,,,,,,
AGB-TCHK-1,Entry #1,smelly-ghost-1,https://gbhwdb.gekkio.fi/cartridges/AGB-TCHK-1/smelly-ghost-1.html,Smelly-Ghost,AGS Aging Cartridge (World) (Rev 1) (v7.0) (Test Program),,,AGB-E03-10,I,M-3,September/2002,2002,September,,ROM,MR26V3210F,AGB-TCHK-1 H2 R26V3210F-087 244A239,OKI,Week 44/2002,2002,,44,EEPROM,9853,9853 2A46,ROHM,October/2002,2002,October,,,,,,,,,,,,,,,,,,,,,,,,,,,,,,,,,,,,,,,,,,,,,,,,,,,,,,,,,,,,12953a9b75d70b85dfb0375f95fcaf60784bee0559048aa1789091f6d38e3228
AGB-U32P-0,Entry #1,3615retro-1,https://gbhwdb.gekkio.fi/cartridges/AGB-U32P-0/3615retro-1.html,3615Retro,"Boktai 2 - Solar Boy Django (Europe) (En,Fr,De,Es,It)",AGB-U32P-EUR-1,22 E3,AGB-E18-01,I,L-6,November/2004,2004,November,,ROM,MR27V12813M,AGB-U32P-0 J2 R27V12813M-0D2 5175204J,OKI,Week 17/2005,2005,,17,EEPROM,9854,9854 5E34W,ROHM,2005,2005,,,RTC,S-3511A,S3511 AVE3 5195,Seiko Instruments Inc.,March/2005,2005,March,,Unknown,,49DJYYK 74LV4040A,,,,,,Unknown,,T272C 49M A8H6,,,,,,,,,,,,,,,,,,,,,,Crystal,,,,,,,,CR1616,,,,,,,748189b5,66c0b2e21872f8e9af56292d881c1516,eeacdf5a9d3d2173a4a96689b72dc6b7ad92153c,8a8cc80b597fa30f0792fd0d7e9b006552e4dbcf521b025563be268f7a2351d9
AGB-U33J-0,Entry #1,3615retro-1,https://gbhwdb.gekkio.fi/cartridges/AGB-U33J-0/3615retro-1.html,3615Retro,Shin Bokura no Taiyou - Gyakushuu no Sabata (Japan),AGB-U33J-JPN,12 E3,AGB-E18-02,I,D-1,June/2005,2005,June,,ROM,MR27V12813M,AGB-U33J-0 J2 R27V12813M-0F3 5255218J,OKI,Week 25/2005,2005,,25,EEPROM,9854,9854 5K74W,ROHM,2005,2005,,,RTC,S-3511A,S3511 AVE5 8225,Seiko Instruments Inc.,May/2005,2005,May,,Unknown,,49DK08K 74LV4040A,,,,,,Unknown,,T272C 54M CEF5,,,,,,,,,,,,,,,,,,,,,,Crystal,,,,,,,,CR1616,,,,,,,af453162,fbad88c14dcedefe6c70b06adcd0a0db,2651c5e6875ac60abff734510d152166d211c87c,0b170fc99def2ca5bdebbfd642327e135304adba1e3e0bfd5d66cdd298adb90f
AGB-U33J-0,Entry #1,hdr-1,https://gbhwdb.gekkio.fi/cartridges/AGB-U33J-0/hdr-1.html,HDR,Shin Bokura no Taiyou - Gyakushuu no Sabata (Japan),AGB-U33J-JPN,E3,AGB-E18-02,I,A-6,May/2005,2005,May,,ROM,MX23L12807-12C,M052658-MG MX23L12807-12C AGB-U33J-0 J2 2L709300,Macronix,Week 26/2005,2005,,26,EEPROM,9854,9854 5K73W,ROHM,2005,2005,,,RTC,S-3511A,S3511 AV63 5677,Seiko Instruments Inc.,March/2006,2006,March,,Unknown,,49DK0 4K 74LV4040A,,,,,,Unknown,,T272C 49M C2N9,,,,,,,,,,,,,,,,,,,,,,Crystal,,,,,,,,CR1616,,,,,,,,,,0b170fc99def2ca5bdebbfd642327e135304adba1e3e0bfd5d66cdd298adb90f
AGB-U3IP-0,Entry #1,3615retro-1,https://gbhwdb.gekkio.fi/cartridges/AGB-U3IP-0/3615retro-1.html,3615Retro,"Boktai - The Sun Is in Your Hand (Europe) (En,Fr,De,Es,It)",AGB-U3IP-EUR,22,AGB-E18-01,I,B-1,March/2004,2004,March,,ROM,MX23L12807-12C,M042058-M MX23L12807-12C AGB-U3IP-0 J2 2I819502A1,Macronix,Week 20/2004,2004,,20,EEPROM,9854,9854 4J06W,ROHM,2004,2004,,,RTC,S-3511A,S3511 AV39 4632,Seiko Instruments Inc.,September/2003,2003,September,,Unknown,,39D5LCK 74LV4040A,,,,,,Unknown,,T272C 37M A4E4,,,,,,,,,,,,,,,,,,,,,,Crystal,,,,,,,,CR1616,,,,,,,9686c36b,c8b49c53003b8d9a15d91a5a5d5cc91b,64f7bf0f0560f6e94da33b549d3206678b29f557,214285b09200848d5f8639a688051a627ec4aa648e078ad6d77579633822dd6c
AGB-V49E-0,Entry #1,3615retro-1,https://gbhwdb.gekkio.fi/cartridges/AGB-V49E-0/3615retro-1.html,3615Retro,Drill Dozer (USA),AGB-V49E-USA,09 E3,AGB-ARC-01,I,E-6,December/2005,2005,December,,ROM,MX23L6407-12C1,S055057-MG MX23L6407-12C1 AGB-V49E-0 I2 2N105900A1,Macronix,Week 50/2005,2005,,50,RAM,MB85R256S,JAPAN MB85R256S 0540 M50 E1,Fujitsu,Week 40/2005,2005,,40,,,,,,,,,,,,,,,,,,,,,,,,,,,,,,,,,,,,,,,,,,,,,,,,,,,,,,,,e60ec183,14dab12e795098988d46b96885170538,c1058cc2482b91204100cc8515da99aeb06773f5,95b8a2b69103dcbc6fae3504d6c8d93609f3e228444749670592cefcd6bcf47f
CGB-A22X-0,Entry #1,ikk5-1,https://gbhwdb.gekkio.fi/cartridges/CGB-A22X-0/ikk5-1.html,ikk5,"John Romero's Daikatana (Europe) (En,Fr,It)",CGB-A22X-EUR,11,DMG-A06-01,I,3,July/2000,2000,July,,ROM,MSM538011E,CGB-A22X-0 F1 M538011E-T6 0345427,OKI,Week 34/2000,2000,,34,Mapper,MBC5,07AF68T MBC5 2417,Texas Instruments,July/2000,2000,July,,RAM,LH5164AN-10L,LH5164AN-10L SHARP A0024 7 CB,Sharp,Week 24/2000,2000,,24,Supervisor & Reset,MM1134A,019 134A,Mitsumi,Week 19/2000,2000,,19,,,,,,,,,,,,,,,,,,,,,,,,,,,,,,,,,CR1616,00-07,,July/2000,2000,July,,,,,
CGB-A3HP-0,Entry #1,ikk5-1,https://gbhwdb.gekkio.fi/cartridges/CGB-A3HP-0/ikk5-1.html,ikk5,Konami Winter Games (Europe),CGB-A3HP-EUR,20,DMG-A06-01,A,1,November/1999,1999,November,,ROM,MSM538011E,CGB-A3HP-0 F1 M538011E-D1 001232R,OKI,Week 1/2000,2000,,1,Mapper,MBC5,MBC5 P-1 947U5M,Panasonic,Week 47/1999,1999,,47,RAM,BR6265BF-10SL,BR6265BF-10SL 949 144N,ROHM,Week 49/1999,1999,,49,Supervisor & Reset,MM1134A,949 134A,Mitsumi,Week 49/1999,1999,,49,,,,,,,,,,,,,,,,,,,,,,,,,,,,,,,,,CR1616,99-12,,December/1999,1999,December,,,,,
CGB-AA6P-0,Entry #1,ikk5-1,https://gbhwdb.gekkio.fi/cartridges/CGB-AA6P-0/ikk5-1.html,ikk5,"Asterix - Sur la Trace D'Idefix (Europe) (En,Fr,De,Es,It,Nl)",CGB-AA6P-FAH,22,DMG-A07-01,I,4,October/2003,2003,October,,ROM,MSM538011E,CGB-AA6P-0 F1 M538011E-H6 2365402,OKI,Week 36/2002,2002,,36,Mapper,MBC5,MBC-5 BU3650K 245 H93,ROHM,Week 45/2002,2002,,45,,,,,,,,,,,,,,,,,,,,,,,,,,,,,,,,,,,,,,,,,,,,,,,,,,,,,,,,,,,
CGB-AAUK-0,Entry #1,smelly-ghost-1,https://gbhwdb.gekkio.fi/cartridges/CGB-AAUK-0/smelly-ghost-1.html,Smelly-Ghost,Pocket Monsters Geum (Korea),CGB-AAUK-KOR,22,DMG-KGDU-10,I,2,September/2002,2002,September,,ROM,MX23C1603-12A,E052804-MG MX23C1603-12A CGB-AAUK-0 G2 1D4499A2A1,Macronix,Week 28/2005,2005,,28,Mapper,MBC3B,MBC3 B P-2 134U3D,Panasonic,Week 34/2001,2001,,34,RAM,BS62LV256SCG70,BSI BS62LV256SCG70 S2828CA30125.A D05502 TAIWAN,BSI,Week 50/2005,2005,,50,Supervisor & Reset,BA6735,6735 5721,ROHM,July/2005,2005,July,,,,,,,,,,,,,,,,,,,,,,,,,,Crystal,,,,,,,,CR2025,,,,,,,,,,9c273e86e6120c6a038160ccb0153b8b20425b84fc08a496281c1d1bcac492f6
CGB-AAUK-0,Entry #2,smelly-ghost-2,https://gbhwdb.gekkio.fi/cartridges/CGB-AAUK-0/smelly-ghost-2.html,Smelly-Ghost,Pocket Monsters Geum (Korea),CGB-AAUK-KOR,22,DMG-KGDU-10,I,2,March/2002,2002,March,,ROM,MX23C1603-12A,S021304-M MX23C1603-12A CGB-AAUK-0 G2 1D3118C2B0,Macronix,Week 13/2002,2002,,13,Mapper,MBC3B,MBC-3 B BU3634K 144 H46,ROHM,Week 44/2001,2001,,44,RAM,BS62LV256SC-70,BSI BS62LV256SC-70 S2828W15022 F0140 TAIWAN,BSI,Week 40/2001,2001,,40,Supervisor & Reset,BA6735,6735 1A78,ROHM,October/2001,2001,October,,,,,,,,,,,,,,,,,,,,,,,,,,Crystal,,,,,,,,CR2025,,,,,,,,,,9c273e86e6120c6a038160ccb0153b8b20425b84fc08a496281c1d1bcac492f6
CGB-AAXK-0,Entry #1,smelly-ghost-1,https://gbhwdb.gekkio.fi/cartridges/CGB-AAXK-0/smelly-ghost-1.html,Smelly-Ghost,Pocket Monsters Eun (Korea),CGB-AAXK-KOR,20,DMG-KGDU-10,I,6,September/2002,2002,September,,ROM,MX23C1603-12A,M034204-M MX23C1603-12A CGB-AAXK-0 G2 1D0991A2A0,Macronix,Week 42/2003,2003,,42,Mapper,MBC3B,MBC-3 B BU3634K 148 H68,ROHM,Week 48/2001,2001,,48,RAM,BS62LV256SC-70,BSI BS62LV256SC-70 S2828W13088.1N F0318 TAIWAN,BSI,Week 18/2003,2003,,18,Supervisor & Reset,BA6735,6735 2933,ROHM,September/2002,2002,September,,,,,,,,,,,,,,,,,,,,,,,,,,Crystal,,,,,,,,CR2025,,,,,,,,,,ebbac63c0c4309c82dbb6723e7163369784f962b4fd3e2f486075307c3008a22
CGB-ADME-0,Entry #1,smelly-ghost-1,https://gbhwdb.gekkio.fi/cartridges/CGB-ADME-0/smelly-ghost-1.html,Smelly-Ghost,Game Boy Color (World) (Demo) (Kiosk),DIS-CGB-ADME-USA,22,DMG-A07-01,I,3,September/1998,1998,September,,ROM,MSM534011E,CGB-ADME-0 E1 M534011E-09 841232A,OKI,Week 41/1998,1998,,41,Mapper,MBC5,MBC5 LZ9GB31 9838 A,Sharp,Week 38/1998,1998,,38,,,,,,,,,,,,,,,,,,,,,,,,,,,,,,,,,,,,,,,,,,,,,,,,,,,,,,,,,,,b1b0b2318383440c73bf942ad828debb78713fc5bc3bda44e1c2ae8ffcc49ae3
CGB-AF9P-0,Entry #1,ikk5-1,https://gbhwdb.gekkio.fi/cartridges/CGB-AF9P-0/ikk5-1.html,ikk5,"Casper (Europe) (En,Fr,De)",CGB-AF9P-EUR,22,DMG-Z02-01,I,4,September/2000,2000,September,,ROM,,CGB-AF9P-0 S LHMN8MYA JAPAN F1 0040 E,Sharp,Week 40/2000,2000,,40,Mapper,MBC5,08C598T MBC5 2417,Texas Instruments,August/2000,2000,August,,RAM,BS62LV256SC-70,BSI BS62LV256SC-70 S282721023 F0028 TAIWAN,BSI,Week 28/2000,2000,,28,Supervisor & Reset,BA6735,6735 0898,ROHM,August/2000,2000,August,,,,,,,,,,,,,,,,,,,,,,,,,,,,,,,,,,CR1616,00-08,,August/2000,2000,August,,,,,
CGB-AFIP-0,Entry #1,mattcurrie-1,https://gbhwdb.gekkio.fi/cartridges/CGB-AFIP-0/mattcurrie-1.html,mattcurrie,"F-1 World Grand Prix (Europe) (En,Fr,De,Es)",CGB-AFIP-AUS,34,DMG-A08-01,I,6,June/1999,1999,June,,ROM,,CGB-AFIP-0 S LH537MTJ JAPAN G2 9929 D,Sharp,Week 29/1999,1999,,29,Mapper,MBC5,MBC5 LZ9GB31 9922 A,Sharp,Week 22/1999,1999,,22,RAM,HY6264ALJ-10,HY6264A LJ-10 9814B KOREA,Hyundai,Week 14/1998,1998,,14,Supervisor & Reset,MM1134A,915 134A,Mitsumi,Week 15/1999,1999,,15,,,,,,,,,,,,,,,,,,,,,,,,,,,,,,,,,CR1616,,,,,,,,,,
CGB-AHYE-0,Entry #1,irfon-jones-1,https://gbhwdb.gekkio.fi/cartridges/CGB-AHYE-0/irfon-jones-1.html,Irfon Jones,"Super Mario Bros. Deluxe (USA, Europe)",CGB-AHYE-USA,34,DMG-A06-01,K,6,April/1999,1999,April,,ROM,,CGB-AHYE-0 S LH538WV9 JAPAN F1 9916 D,Sharp,Week 16/1999,1999,,16,Mapper,MBC5,MBC5 P-1 907U3L,Panasonic,Week 7/1999,1999,,7,RAM,HY6264ALLJ-10,HY6264A LLJ-10 9902B KOREA,Hyundai,Week 2/1999,1999,,2,Supervisor & Reset,BA6735,6735 8C19,ROHM,December/1998,1998,December,,,,,,,,,,,,,,,,,,,,,,,,,,,,,,,,,,CR1616,,,,,,,,,,
CGB-AHYE-1,Entry #1,beckybecky125-1,https://gbhwdb.gekkio.fi/cartridges/CGB-AHYE-1/beckybecky125-1.html,beckybecky125,"Super Mario Bros. Deluxe (USA, Europe) (Rev 1)",CGB-AHYE-USA-1,15A,DMG-A06-01,I,2,June/2001,2001,June,,ROM,MSM538011E,CGB-AHYE-1 F1 M538011E-L3 1315426,OKI,Week 31/2001,2001,,31,Mapper,MBC5,13D039T MBC5 2417,Texas Instruments,March/2001,2001,March,,RAM,W2465S-70LL,Winbond W2465S-70LL 120AD20206840-II1RA,Winbond,Week 20/2001,2001,,20,Supervisor & Reset,MM1134A,127 134A,Mitsumi,Week 27/2001,2001,,27,,,,,,,,,,,,,,,,,,,,,,,,,,,,,,,,,CR1616,01-07,,July/2001,2001,July,,90ab047b,1fd75c2b798c04acd4b99ad2f1006280,07295cd60ae44183ebecb013930727e0404169d5,db81dd4acbd0c7a3b9004f169ee278450c764c842ae777abd28073fbedf4078b
CGB-AHYP-1,Entry #1,ikk5-1,https://gbhwdb.gekkio.fi/cartridges/CGB-AHYP-1/ikk5-1.html,ikk5,"Super Mario Bros. Deluxe (USA, Europe) (Rev 1)",CGB-AHYP-EUR-4,11A,DMG-A06-01,NC,4,August/2001,2001,August,,ROM,MX23C8005-12,C013249-M MX23C8005-12 CGB-AHYP-1 F1 1D4530A2,Macronix,Week 32/2001,2001,,32,Mapper,MBC5,14A6X8T MBC5 2417,Texas Instruments,April/2001,2001,April,,RAM,BR6265BF-10SL,BR6265BF-10SL 128 161N,ROHM,Week 28/2001,2001,,28,Supervisor & Reset,BA6735,6735 1841,ROHM,August/2001,2001,August,,,,,,,,,,,,,,,,,,,,,,,,,,,,,,,,,,CR1616,01-07,,July/2001,2001,July,,,,,
CGB-AHYP-2,Entry #1,3615retro-1,https://gbhwdb.gekkio.fi/cartridges/CGB-AHYP-2/3615retro-1.html,3615Retro,Super Mario Bros. Deluxe (Europe) (Rev 2),CGB-AHYP-EUR-4,15B,DMG-A06-01,I,1,September/2002,2002,September,,ROM,MX23C8005-12,S033749-M MX23C8005-12 CGB-AHYP-2 F1 1D1226A4,Macronix,Week 37/2003,2003,,37,Mapper,MBC5,MBC-5 BU3650K 245 H19,ROHM,Week 45/2002,2002,,45,RAM,BR6265BF-10SL,BR6265BF-10SL 322 138N,ROHM,Week 22/2003,2003,,22,Supervisor & Reset,BA6735,6735 2932,ROHM,September/2002,2002,September,,,,,,,,,,,,,,,,,,,,,,,,,,,,,,,,,,CR1616,,,,,,,62bbae83,b5a71128227f5bc953fd55cb0025807f,254f2254e9d54e2501e3e4ebe09491e03573a6a4,c06af1a1c2a804e4169fd9bfd6eee7073545d88c97febc96c345dd10efd77547
CGB-AI2P-0,Entry #1,ikk5-1,https://gbhwdb.gekkio.fi/cartridges/CGB-AI2P-0/ikk5-1.html,ikk5,"Caesars Palace II (USA, Europe)",CGB-AI2P-EUR,11,DMG-A06-01,Y,1,July/1999,1999,July,,ROM,MX23C8005-12,S993449-M MX23C8005-12 CGB-AI2P-0 F1 1A9785A2,Macronix,Week 34/1999,1999,,34,Mapper,MBC5,MBC5 LZ9GB31 9849 A,Sharp,Week 49/1998,1998,,49,RAM,LH5164AN-10L,LH5164AN-10L SHARP JAPAN 9931 1 EB,Sharp,Week 31/1999,1999,,31,Supervisor & Reset,MM1134A,920 134A,Mitsumi,Week 20/1999,1999,,20,,,,,,,,,,,,,,,,,,,,,,,,,,,,,,,,,CR1616,99-08,,August/1999,1999,August,,,,,
CGB-AJOD-0,Entry #1,ikk5-1,https://gbhwdb.gekkio.fi/cartridges/CGB-AJOD-0/ikk5-1.html,ikk5,Janosch - Das grosse Panama-Spiel (Germany),CGB-AJOD-NOE,34,DMG-A07-01,MB,6,February/2000,2000,February,,ROM,,CGB-AJOD-0 S LH538WK7 JAPAN F1 0011 D,Sharp,Week 11/2000,2000,,11,Mapper,MBC5,MBC5 LZ9GB31 AL08 A,Sharp,Week 8/2000,2000,,8,,,,,,,,,,,,,,,,,,,,,,,,,,,,,,,,,,,,,,,,,,,,,,,,,,,,,,,,,,,
CGB-AJUP-0,Entry #1,missingno-force-1,https://gbhwdb.gekkio.fi/cartridges/CGB-AJUP-0/missingno-force-1.html,Missingno_force,"Jeremy McGrath Supercross 2000 (USA, Europe)",CGB-AJUP-EUR,22,DMG-A07-01,MB,6,February/2000,2000,February,,ROM,MX23C8005-12,C001349-M MX23C8005-12 CGB-AJUP-0 F1 1B6601B1,Macronix,Week 13/2000,2000,,13,Mapper,MBC5,MBC-5 BU3650K 006 H37,ROHM,Week 6/2000,2000,,6,,,,,,,,,,,,,,,,,,,,,,,,,,,,,,,,,,,,,,,,,,,,,,,,,,,,,,,,,,,
CGB-ALCP-0,Entry #1,ikk5-1,https://gbhwdb.gekkio.fi/cartridges/CGB-ALCP-0/ikk5-1.html,ikk5,Missile Command (Europe),CGB-ALCP-EUR,22,DMG-A07-01,I,6,September/1999,1999,September,,ROM,μPD23C8001EJGW,CGB-ALCP-0 F1 N-8001EJGW-K11 9940K7003,NEC,Week 40/1999,1999,,40,Mapper,MBC5,MBC5 P-1 939U2M,Panasonic,Week 39/1999,1999,,39,,,,,,,,,,,,,,,,,,,,,,,,,,,,,,,,,,,,,,,,,,,,,,,,,,,,,,,,,,,
CGB-ALMP-0,Entry #1,3615retro-1,https://gbhwdb.gekkio.fi/cartridges/CGB-ALMP-0/3615retro-1.html,3615Retro,"Looney Tunes Collector - Martian Alert! (Europe) (En,Fr,De,Es,It,Nl)",CGB-ALMP-FRA,34,DMG-A08-01,K,4,March/2000,2000,March,,ROM,μPD23C16019WG5,CGB-ALMP-0 G2 N-16019WG5-M42 0012K7011,NEC,Week 12/2000,2000,,12,Mapper,MBC5,MBC5 P-1 007U3M,Panasonic,Week 7/2000,2000,,7,RAM,W2465S-70LL,Winbond W2465S-70LL 008QD20010740-II1RA,Winbond,Week 8/2000,2000,,8,Supervisor & Reset,MM1134A,007 134A,Mitsumi,Week 7/2000,2000,,7,,,,,,,,,,,,,,,,,,,,,,,,,,,,,,,,,CR1616,,,,,,,5d85dfad,9562a0aad16857f2f1a8e4169163c18a,645c4cf67faf33248d2102f137a605de94305796,db7d9b473efdd7580fedd3af50cbd359231201c8d6b5aca75fd2678b9b74a25e
CGB-ALQP-0,Entry #1,3615retro-1,https://gbhwdb.gekkio.fi/cartridges/CGB-ALQP-0/3615retro-1.html,3615Retro,"Lucky Luke (Europe) (En,Fr,De,Es)",CGB-ALQP-FAH,22,DMG-A07-01,MB,5,October/1999,1999,October,,ROM,,CGB-ALQP-0 S LH538WWZ JAPAN F1 9943 D,Sharp,Week 43/1999,1999,,43,Mapper,MBC5,MBC5 LZ9GB31 9936 A,Sharp,Week 36/1999,1999,,36,,,,,,,,,,,,,,,,,,,,,,,,,,,,,,,,,,,,,,,,,,,,,,,,,,,,,,,,412fb57c,eb76fda958f100fb791111b928ffe46f,36b59251751a55285dbedc3bd4b33b2c73b811c9,ebe7df5da026f653a16ef58758d4ba6765246f043d2e7f72571327bb4148ecfa
CGB-AM9P-0,Entry #1,ikk5-1,https://gbhwdb.gekkio.fi/cartridges/CGB-AM9P-0/ikk5-1.html,ikk5,"Moomin's Tale (Europe) (En,Fr,De)",CGB-AM9P-EUR,12,DMG-A07-01,K,1,October/2000,2000,October,,ROM,MSM538011E,CGB-AM9P-0 F1 M538011E-3B 0445415,OKI,Week 44/2000,2000,,44,Mapper,MBC5,MBC-5 BU3650K 042 145,ROHM,Week 42/2000,2000,,42,,,,,,,,,,,,,,,,,,,,,,,,,,,,,,,,,,,,,,,,,,,,,,,,,,,,,,,,,,,
CGB-AOVP-0,Entry #1,gdsn-1,https://gbhwdb.gekkio.fi/cartridges/CGB-AOVP-0/gdsn-1.html,gdsn,"Pong - The Next Level (USA, Europe)",CGB-AOVP-EUR,13,DMG-A07-01,K,6,February/2000,2000,February,,ROM,MX23C8005-12,C001149-M MX23C8005-12 CGB-AOVP-0 F1 1B5780A1,Macronix,Week 11/2000,2000,,11,Mapper,MBC5,MBC5 LZ9GB31 AK52 A,Sharp,Week 52/2000,2000,,52,,,,,,,,,,,,,,,,,,,,,,,,,,,,,,,,,,,,,,,,,,,,,,,,,,,,,,,,,,,
CGB-AOXP-0,Entry #1,ikk5-1,https://gbhwdb.gekkio.fi/cartridges/CGB-AOXP-0/ikk5-1.html,ikk5,"Armorines - Project S.W.A.R.M. (USA, Europe) (En,De)",CGB-AOXP-EUR,09,DMG-A07-01,MB,5,October/1999,1999,October,,ROM,,CGB-AOXP-0 S LH538WL0 JAPAN F1 9949 E,Sharp,Week 49/1999,1999,,49,Mapper,MBC5,MBC5 P-1 944U4M,Panasonic,Week 44/1999,1999,,44,,,,,,,,,,,,,,,,,,,,,,,,,,,,,,,,,,,,,,,,,,,,,,,,,,,,,,,,,,,
CGB-AOZP-0,Entry #1,ikk5-1,https://gbhwdb.gekkio.fi/cartridges/CGB-AOZP-0/ikk5-1.html,ikk5,Dogz (Europe),CGB-AOZP-EUR,22,DMG-A06-01,I,4,February/2000,2000,February,,ROM,MSM538011E,CGB-AOZP-0 F1 M538011E-F3 0112410,OKI,Week 11/2000,2000,,11,Mapper,MBC5,MBC5 LZ9GB31 AL03 A,Sharp,Week 3/2000,2000,,3,RAM,W2465S-70LL,Winbond W2465S-70LL 002SD29265420-II1RA,Winbond,Week 2/2000,2000,,2,Supervisor & Reset,BA6735,6735 0268,ROHM,February/2000,2000,February,,,,,,,,,,,,,,,,,,,,,,,,,,,,,,,,,,CR1616,00-02,,February/2000,2000,February,,,,,
CGB-AQOP-0,Entry #1,gekkio-1,https://gbhwdb.gekkio.fi/cartridges/CGB-AQOP-0/gekkio-1.html,gekkio,Ready 2 Rumble Boxing (Europe),CGB-AQOP-EUR,22,DMG-A09-01,I,5,February/2000,2000,February,,ROM,,CGB-AQOP-0 S LH537MYR JAPAN G2 0009 D,Sharp,Week 9/2000,2000,,9,Mapper,MBC5,MBC5 LZ9GB31 AK50 A,Sharp,Week 50/2000,2000,,50,,,,,,,,,,,,,,,,,,,,,,,,,,,,,,,,,,,,,,,,,,,,,,,,,,,,,,,,,,,
CGB-AQOP-0,Entry #1,ikk5-1,https://gbhwdb.gekkio.fi/cartridges/CGB-AQOP-0/ikk5-1.html,ikk5,Ready 2 Rumble Boxing (Europe),CGB-AQOP-EUU,20,DMG-A09-01,I,4,February/2000,2000,February,,ROM,,CGB-AQOP-0 S LH537MYR JAPAN G2 0009 D,Sharp,Week 9/2000,2000,,9,Mapper,MBC5,MBC-5 BU3650K 004 H93,ROHM,Week 4/2000,2000,,4,,,,,,,,,,,,,,,,,,,,,,,,,,,,,,,,,,,,,,,,,,,,,,,,,,,,,,,,,,,
CGB-AQOP-0,Entry #1,issotm-1,https://gbhwdb.gekkio.fi/cartridges/CGB-AQOP-0/issotm-1.html,ISSOtm,Ready 2 Rumble Boxing (Europe),CGB-AQOP-EUU,20,DMG-A09-01,I,1,January/2000,2000,January,,ROM,,CGB-AQOP-0 S LH537MYR JAPAN G2 0009 D,Sharp,Week 9/2000,2000,,9,Mapper,MBC5,MBC-5 BU3650K 004 H93,ROHM,Week 4/2000,2000,,4,,,,,,,,,,,,,,,,,,,,,,,,,,,,,,,,,,,,,,,,,,,,,,,,,,,,,,,,,,,
CGB-AQYP-0,Entry #1,ikk5-1,https://gbhwdb.gekkio.fi/cartridges/CGB-AQYP-0/ikk5-1.html,ikk5,Qix Adventure (Europe),CGB-AQYP-EUR,22,DMG-Z02-01,NC,2,October/2000,2000,October,,ROM,MSM538011E,CGB-AQYP-0 F1 M538011E-3D 0475417,OKI,Week 47/2000,2000,,47,Mapper,MBC5,MBC5 P 042U1M,Panasonic,Week 42/2000,2000,,42,RAM,GM76C256CLLFW70,HYUNDAI GM76C256CLLFW70 0043 KOREA,Hyundai,Week 43/2000,2000,,43,Supervisor & Reset,BA6735,6735 0A55,ROHM,October/2000,2000,October,,,,,,,,,,,,,,,,,,,,,,,,,,,,,,,,,,CR1616,00-09,,September/2000,2000,September,,,,,
CGB-ARNP-0,Entry #1,ikk5-1,https://gbhwdb.gekkio.fi/cartridges/CGB-ARNP-0/ikk5-1.html,ikk5,"Mickey's Racing Adventure (USA, Europe) (En,Fr,De,Es,It)",CGB-ARNP-EUR,20,DMG-A08-01,MB,1,September/1999,1999,September,,ROM,MX23C3203-12 1,M994495-M MX23C3203-12 1 CGB-ARNP-0 H2 1Q6630A1,Macronix,Week 44/1999,1999,,44,Mapper,MBC5,MBC5 P-1 942U3M,Panasonic,Week 42/1999,1999,,42,RAM,LH5164AN-10L,LH5164AN-10L SHARP JAPAN 9945 3 EB,Sharp,Week 45/1999,1999,,45,Supervisor & Reset,MM1134A,940 134A,Mitsumi,Week 40/1999,1999,,40,,,,,,,,,,,,,,,,,,,,,,,,,,,,,,,,,CR1616,,,,,,,,,,
CGB-ASNP-0,Entry #1,mattcurrie-1,https://gbhwdb.gekkio.fi/cartridges/CGB-ASNP-0/mattcurrie-1.html,mattcurrie,"Smurfs Nightmare, The (Europe) (En,Fr,De,Es)",CGB-ASNP-EUR,22,DMG-A07-01,I,3,January/1999,1999,January,,ROM,MX23C8005-12,S990149-M MX23C8005-12 CGB-ASNP-0 F1 1A3238A1,Macronix,Week 1/1999,1999,,1,Mapper,MBC5,MBC5 P-1 850U5L,Panasonic,Week 50/1998,1998,,50,,,,,,,,,,,,,,,,,,,,,,,,,,,,,,,,,,,,,,,,,,,,,,,,,,,,,,,,,,,
CGB-AT8E-0,Entry #1,mattcurrie-1,https://gbhwdb.gekkio.fi/cartridges/CGB-AT8E-0/mattcurrie-1.html,mattcurrie,"Micro Machines 1 and 2 - Twin Turbo (USA, Europe)",CGB-AT8E-USA,13,DMG-A09-01,I,5,November/1999,1999,November,,ROM,μPD23C16019WG5,CGB-AT8E-0 G2 N-16019WG5-M30 9949K7026,NEC,Week 49/1999,1999,,49,Mapper,MBC5,MBC5 P-1 945U5M,Panasonic,Week 45/1999,1999,,45,,,,,,,,,,,,,,,,,,,,,,,,,,,,,,,,,,,,,,,,,,,,,,,,,,,,,,,,,,,
CGB-AT9P-0,Entry #1,3615retro-1,https://gbhwdb.gekkio.fi/cartridges/CGB-AT9P-0/3615retro-1.html,3615Retro,"Tomb Raider (USA, Europe) (En,Fr,De,Es,It)",CGB-AT9P-EUR-1,,DMG-A08-10,I,3,August/2002,2002,August,,ROM,MX23C3203-12A2,S023695-M MX23C3203-12A2 CGB-AT9P-0 H2 1R5435A1,Macronix,Week 36/2002,2002,,36,Mapper,MBC5,1BAJ86T MBC5 2417,Texas Instruments,November/2001,2001,November,,RAM,BR6265BF-10SL,BR6265BF-10SL 234 120N,ROHM,Week 34/2002,2002,,34,Supervisor & Reset,BA6735,6735 2883,ROHM,August/2002,2002,August,,,,,,,,,,,,,,,,,,,,,,,,,,,,,,,,,,CR1616,,,,,,,2988fc78,74b9b221c2b32147422144b327bd5f30,208b054ca63c43f32befa989c75e8de96847f4fe,ebcba74ab890e56676a4c1720f89719a489b73c7c688d1fd0c6a98074dc7afeb
CGB-AT9P-0,Entry #1,granmastro-1,https://gbhwdb.gekkio.fi/cartridges/CGB-AT9P-0/granmastro-1.html,Granmastro,"Tomb Raider (USA, Europe) (En,Fr,De,Es,It)",CGB-AT9P-EUR,34,DMG-A08-01,K,6,May/2000,2000,May,,ROM,MX23C3203-12 1,M002095-M MX23C3203-12 1 CGB-AT9P-0 H2 1Q9877A1,Macronix,Week 20/2000,2000,,20,Mapper,MBC5,MBC5 LZ9GB31 AL19 A,Sharp,Week 19/2000,2000,,19,RAM,LH5164AN-10L,LH5164AN-10L SHARP A0015 5 CB,Sharp,Week 15/2000,2000,,15,Supervisor & Reset,MM1134A,009 134A,Mitsumi,Week 9/2000,2000,,9,,,,,,,,,,,,,,,,,,,,,,,,,,,,,,,,,CR1616,,,,,,,,,,
CGB-ATHD-0,Entry #1,missingno-force-1,https://gbhwdb.gekkio.fi/cartridges/CGB-ATHD-0/missingno-force-1.html,Missingno_force,Tarzan (Germany),CGB-ATHD-NOE,01,DMG-A09-10,I,5,February/2001,2001,February,,ROM,μPD23C16019WG5,CGB-ATHD-0 G2 N-16019WG5-M21 0107K7005,NEC,Week 7/2001,2001,,7,Mapper,MBC5,11ARNRT MBC5 2417,Texas Instruments,January/2001,2001,January,,,,,,,,,,,,,,,,,,,,,,,,,,,,,,,,,,,,,,,,,,,,,,,,,,,,,,,,,,,,
CGB-ATHE-0,Entry #1,irfon-jones-1,https://gbhwdb.gekkio.fi/cartridges/CGB-ATHE-0/irfon-jones-1.html,Irfon Jones,"Tarzan (USA, Europe)",CGB-ATHE-USA,22,DMG-A09-01,I,2,February/2000,2000,February,,ROM,MX23C1603-12A,S001704-M MX23C1603-12A CGB-ATHE-0 G2 1B6659A1,Macronix,Week 17/2000,2000,,17,Mapper,MBC5,MBC5 P-1 015U5M,Panasonic,Week 15/2000,2000,,15,,,,,,,,,,,,,,,,,,,,,,,,,,,,,,,,,,,,,,,,,,,,,,,,,,,,,,,,,,,
CGB-ATHP-0,Entry #1,granmastro-1,https://gbhwdb.gekkio.fi/cartridges/CGB-ATHP-0/granmastro-1.html,Granmastro,"Tarzan (USA, Europe)",CGB-ATHP-UKV-1,11,DMG-A09-10,I,3,February/2002,2002,February,,ROM,MR531614G,CGB-ATHP-0 G2 R531614G-09 2252412,OKI,Week 25/2002,2002,,25,Mapper,MBC5,MBC-5 BU3650K 211 H44,ROHM,Week 11/2002,2002,,11,,,,,,,,,,,,,,,,,,,,,,,,,,,,,,,,,,,,,,,,,,,,,,,,,,,,,,,,,,,
CGB-ATHP-0,Entry #1,ikk5-1,https://gbhwdb.gekkio.fi/cartridges/CGB-ATHP-0/ikk5-1.html,ikk5,"Tarzan (USA, Europe)",CGB-ATHP-UKV,12,DMG-A09-01,I,2,September/1999,1999,September,,ROM,μPD23C16019WG5,CGB-ATHP-0 G2 N-16019WG5-M23 9937K7032,NEC,Week 37/1999,1999,,37,Mapper,MBC5,MBC-5 BU3650K 933 H55,ROHM,Week 33/1999,1999,,33,,,,,,,,,,,,,,,,,,,,,,,,,,,,,,,,,,,,,,,,,,,,,,,,,,,,,,,,,,,
CGB-ATQP-0,Entry #1,issotm-1,https://gbhwdb.gekkio.fi/cartridges/CGB-ATQP-0/issotm-1.html,ISSOtm,Tonka Raceway (Europe),CGB-ATQP-EUR,12,DMG-A07-01,MB,4,January/2000,2000,January,,ROM,MX23C8005-12,C001249-M MX23C8005-12 CGB-ATQP-0 F1 1B6511A1,Macronix,Week 12/2000,2000,,12,Mapper,MBC5,MBC5 P-1 007U5M,Panasonic,Week 7/2000,2000,,7,,,,,,,,,,,,,,,,,,,,,,,,,,,,,,,,,,,,,,,,,,,,,,,,,,,,,,,,,,,
CGB-ATXE-0,Entry #1,granmastro-1,https://gbhwdb.gekkio.fi/cartridges/CGB-ATXE-0/granmastro-1.html,Granmastro,"Tom and Jerry (USA, Europe)",CGB-ATXE-USA,22,DMG-A07-01,A,2,August/1999,1999,August,,ROM,,CGB-ATXE-0 S LH538WR4 JAPAN F1 9938 E,Sharp,Week 38/1999,1999,,38,Mapper,MBC5,MBC5 LZ9GB31 9933 A,Sharp,Week 33/1999,1999,,33,,,,,,,,,,,,,,,,,,,,,,,,,,,,,,,,,,,,,,,,,,,,,,,,,,,,,,,,,,,
CGB-AVED-0,Entry #1,ikk5-1,https://gbhwdb.gekkio.fi/cartridges/CGB-AVED-0/ikk5-1.html,ikk5,Pumuckls Abenteuer bei den Piraten (Germany),CGB-AVED-NOE,00,DMG-A07-01,K,2,October/1999,1999,October,,ROM,,CGB-AVED-0 S LH538WPS JAPAN F1 9946 D,Sharp,Week 46/1999,1999,,46,Mapper,MBC5,MBC5 LZ9GB31 9938 A,Sharp,Week 38/1999,1999,,38,,,,,,,,,,,,,,,,,,,,,,,,,,,,,,,,,,,,,,,,,,,,,,,,,,,,,,,,,,,
CGB-AVFP-0,Entry #1,ikk5-1,https://gbhwdb.gekkio.fi/cartridges/CGB-AVFP-0/ikk5-1.html,ikk5,"Vegas Games (Europe) (En,Fr,De)",CGB-AVFP-EUR,20,DMG-A07-01,MB,1,February/2000,2000,February,,ROM,MSM538011E,CGB-AVFP-0 F1 M538011E-F8 0115428,OKI,Week 11/2000,2000,,11,Mapper,MBC5,MBC-5 BU3650K 004 H65,ROHM,Week 4/2000,2000,,4,,,,,,,,,,,,,,,,,,,,,,,,,,,,,,,,,,,,,,,,,,,,,,,,,,,,,,,,,,,
CGB-AVYP-0,Entry #1,3615retro-1,https://gbhwdb.gekkio.fi/cartridges/CGB-AVYP-0/3615retro-1.html,3615Retro,"V-Rally - Championship Edition (Europe) (En,Fr,De,Es)",CGB-AVYP-FAH,00,DMG-A07-01,Y,3,February/1999,1999,February,,ROM,,CGB-AVYP-0 S LH538WW5 JAPAN F1 9909 D,Sharp,Week 9/1999,1999,,9,Mapper,MBC5,MBC5 P-1 901U3L,Panasonic,Week 1/1999,1999,,1,,,,,,,,,,,,,,,,,,,,,,,,,,,,,,,,,,,,,,,,,,,,,,,,,,,,,,,,1312b3f7,ec1a1e432cba04e33c408a7dad314997,5447f2c317deee8ca6da8f098a7d78f52b87e0cb,c8468da65762c038208879636fc0757b4f3fa774a97246987a91162261e575ec
CGB-AW8A-0,Entry #1,beckybecky125-1,https://gbhwdb.gekkio.fi/cartridges/CGB-AW8A-0/beckybecky125-1.html,beckybecky125,"Wario Land 3 (World) (En,Ja)",CGB-AW8A-JPN,00,DMG-A03-01,I,1,April/2000,2000,April,,ROM,KM23C16120DT,SEC KM23C16120DT CGB-AW8A-0 G2 K3N5C318GD,Samsung,,,,,Mapper,MBC5,MBC-5 BU3650K 014 H94,ROHM,Week 14/2000,2000,,14,RAM,LC35256FM-70,SANYO LC35256FM-70U JAPAN 0CU1G,Sanyo,March/2000,2000,March,,Supervisor & Reset,MM1134A,008 134A,Mitsumi,Week 8/2000,2000,,8,,,,,,,,,,,,,,,,,,,,,,,,,,,,,,,,,CR1616,00-04,Maxell,April/2000,2000,April,,480d0259,16bb3fb83e8cbbf2c4c510b9f50cf4ee,bb7877309834441fd03adb7fa65738e5d5b2d7ba,b625ed03e7553cc29ebc4203d919838312fc9f9f85915f5d2eddfe14aec77406
CGB-AW8A-0,Entry #1,comrade-claire-1,https://gbhwdb.gekkio.fi/cartridges/CGB-AW8A-0/comrade-claire-1.html,Comrade Claire,"Wario Land 3 (World) (En,Ja)",CGB-AW8A-USA,22,DMG-A03-01,I,5,July/2000,2000,July,,ROM,MX23C1603-12A,E003419-M MX23C1603-12A CGB-AW8A-0 G2 2C926100,Macronix,Week 34/2000,2000,,34,Mapper,MBC5,07D36FT MBC5 2417,Texas Instruments,July/2000,2000,July,,RAM,W24258S-70LE,Winbond W24258S-70LE 020SH200908301AA,Winbond,Week 20/2000,2000,,20,Supervisor & Reset,BA6735,6735 0565,ROHM,May/2000,2000,May,,,,,,,,,,,,,,,,,,,,,,,,,,,,,,,,,,CR1616,,,,,,,,,,
CGB-AW8A-0,Entry #1,gekkio-1,https://gbhwdb.gekkio.fi/cartridges/CGB-AW8A-0/gekkio-1.html,gekkio,"Wario Land 3 (World) (En,Ja)",CGB-AW8A-EUR,09,DMG-A03-10,I,1,September/2000,2000,September,,ROM,μPD23C16019WG5,CGB-AW8A-0 G2 N-16019WG5-M43 0037K7030,NEC,Week 37/2000,2000,,37,Mapper,MBC5,0BAJL5T MBC5 2417,Texas Instruments,November/2000,2000,November,,RAM,LH52256CN-10LL,LH52256CN-10LL SHARP JAPAN 0016 5 SO,Sharp,Week 16/2000,2000,,16,Supervisor & Reset,BA6735,6735 0918,ROHM,September/2000,2000,September,,,,,,,,,,,,,,,,,,,,,,,,,,,,,,,,,,CR1616,00-08,Maxell,August/2000,2000,August,,,,,b625ed03e7553cc29ebc4203d919838312fc9f9f85915f5d2eddfe14aec77406
CGB-AW8A-0,Entry #1,ikk5-1,https://gbhwdb.gekkio.fi/cartridges/CGB-AW8A-0/ikk5-1.html,ikk5,"Wario Land 3 (World) (En,Ja)",CGB-AW8A-EUR,22,DMG-A03-10,MB,4,October/2000,2000,October,,ROM,,CGB-AW8A-0 S LHMN7WT5 JAPAN G2 0044 D,Sharp,Week 44/2000,2000,,44,Mapper,MBC5,MBC5 P-1 041U6M,Panasonic,Week 41/2000,2000,,41,RAM,BS62LV256SC-70,BSI BS62LV256SC-70 S282728009 F0036 TAIWAN,BSI,Week 36/2000,2000,,36,Supervisor & Reset,BA6735,6735 0A53,ROHM,October/2000,2000,October,,,,,,,,,,,,,,,,,,,,,,,,,,,,,,,,,,CR1616,00-09,,September/2000,2000,September,,,,,
CGB-AW8A-0,Entry #1,pokechu22-1,https://gbhwdb.gekkio.fi/cartridges/CGB-AW8A-0/pokechu22-1.html,Pokechu22,"Wario Land 3 (World) (En,Ja)",DIS-CGB-AW8A-USA,,DMG-A03-01,I,3,March/2000,2000,March,,ROM,μPD23C16019WG5,CGB-AW8A-0 G2 N-16019WG5-M43 0013K7015,NEC,Week 13/2000,2000,,13,Mapper,MBC5,MBC5 P-1 011U4M,Panasonic,Week 11/2000,2000,,11,RAM,BR62256F-70LL,BR62256F-70LL 014 151NA,ROHM,Week 14/2000,2000,,14,Supervisor & Reset,MM1134A,007 134A,Mitsumi,Week 7/2000,2000,,7,,,,,,,,,,,,,,,,,,,,,,,,,,,,,,,,,CR1616,,,,,,,,,,
CGB-AW9P-0,Entry #1,granmastro-1,https://gbhwdb.gekkio.fi/cartridges/CGB-AW9P-0/granmastro-1.html,Granmastro,"Wacky Races (Europe) (En,Fr,De,Es,It,Nl)",CGB-AW9P-EUR,,DMG-A07-01,I,5,April/2000,2000,April,,ROM,,CGB-AW9P-0 S LH538WJK JAPAN F1 0020 E,Sharp,Week 20/2000,2000,,20,Mapper,MBC5,MBC-5 BU3650K 013 H86,ROHM,Week 13/2000,2000,,13,,,,,,,,,,,,,,,,,,,,,,,,,,,,,,,,,,,,,,,,,,,,,,,,,,,,,,,,,,,
CGB-AXJP-0,Entry #1,3615retro-1,https://gbhwdb.gekkio.fi/cartridges/CGB-AXJP-0/3615retro-1.html,3615Retro,"Magical Drop (Europe) (En,Fr,De)",CGB-AXJP-EUR,22,DMG-A07-01,I,3,May/2000,2000,May,,ROM,MSM538011E,CGB-AXJP-0 F1 M538011E-L9 0235417,OKI,Week 23/2000,2000,,23,Mapper,MBC5,MBC-5 BU3650K 021 H09,ROHM,Week 21/2000,2000,,21,,,,,,,,,,,,,,,,,,,,,,,,,,,,,,,,,,,,,,,,,,,,,,,,,,,,,,,,ea9ee203,618946a1d8d7154c200fe278ef030140,8ef276f9c6a64d7cec527bcba8d1b7223de0e01c,b3c0503feab7624233654d165318a6bd04ab092ab241e4f338381174db3b3ba4
CGB-AXRP-0,Entry #1,ikk5-1,https://gbhwdb.gekkio.fi/cartridges/CGB-AXRP-0/ikk5-1.html,ikk5,"Suzuki Alstare Extreme Racing (Europe) (En,Fr,De,Es,It,Nl)",CGB-AXRP-EUR,12,DMG-A07-01,I,6,October/1999,1999,October,,ROM,,CGB-AXRP-0 S LHMN4WN8 JAPAN E1 9943 D,Sharp,Week 43/1999,1999,,43,Mapper,MBC5,MBC5 LZ9GB31 9938 A,Sharp,Week 38/1999,1999,,38,,,,,,,,,,,,,,,,,,,,,,,,,,,,,,,,,,,,,,,,,,,,,,,,,,,,,,,,,,,
CGB-AXTP-0,Entry #1,granmastro-1,https://gbhwdb.gekkio.fi/cartridges/CGB-AXTP-0/granmastro-1.html,Granmastro,"Tonic Trouble (Europe) (En,Fr,De,Es,It,Nl)",CGB-AXTP-EUR,11,DMG-A07-01,K,4,January/2000,2000,January,,ROM,KM23C8000DG,SEC KM23C8000DG CGB-AXTP-0 F1 K3N4C938UD,Samsung,,,,,Mapper,MBC5,MBC5 P-1 002U2M,Panasonic,Week 2/2000,2000,,2,,,,,,,,,,,,,,,,,,,,,,,,,,,,,,,,,,,,,,,,,,,,,,,,,,,,,,,,,,,
CGB-AXWP-0,Entry #1,ikk5-1,https://gbhwdb.gekkio.fi/cartridges/CGB-AXWP-0/ikk5-1.html,ikk5,"Supreme Snowboarding (Europe) (En,Fr,De)",CGB-AXWP-FAH,12,DMG-A09-01,I,6,October/1999,1999,October,,ROM,MX23C1603-12,M994295-M MX23C1603-12 CGB-AXWP-0 G2 1Q6543A1,Macronix,Week 42/1999,1999,,42,Mapper,MBC5,MBC5 P-1 939U6L,Panasonic,Week 39/1999,1999,,39,,,,,,,,,,,,,,,,,,,,,,,,,,,,,,,,,,,,,,,,,,,,,,,,,,,,,,,,,,,
CGB-AY9P-0,Entry #1,granmastro-1,https://gbhwdb.gekkio.fi/cartridges/CGB-AY9P-0/granmastro-1.html,Granmastro,"Papyrus (Europe) (En,Fr,De,Es,It,Nl)",CGB-AY9P-EUR,20,DMG-A07-01,A,4,September/1999,1999,September,,ROM,MSM538011E,CGB-AY9P-0 F1 M538011E-95 942238N,OKI,Week 42/1999,1999,,42,Mapper,MBC5,MBC5 LZ9GB31 9937 A,Sharp,Week 37/1999,1999,,37,,,,,,,,,,,,,,,,,,,,,,,,,,,,,,,,,,,,,,,,,,,,,,,,,,,,,,,,,,,
CGB-AY9P-0,Entry #1,ikk5-1,https://gbhwdb.gekkio.fi/cartridges/CGB-AY9P-0/ikk5-1.html,ikk5,"Papyrus (Europe) (En,Fr,De,Es,It,Nl)",CGB-AY9P-EUR,20,DMG-A07-01,K,1,September/1999,1999,September,,ROM,,CGB-AY9P-0 S LH538WRP JAPAN F1 9943 D,Sharp,Week 43/1999,1999,,43,Mapper,MBC5,MBC-5 BU3650K 939 H46,ROHM,Week 39/1999,1999,,39,,,,,,,,,,,,,,,,,,,,,,,,,,,,,,,,,,,,,,,,,,,,,,,,,,,,,,,,,,,
CGB-AYQE-0,Entry #1,ben-black-1,https://gbhwdb.gekkio.fi/cartridges/CGB-AYQE-0/ben-black-1.html,Ben Black,"Rayman (USA) (En,Fr,De,Es,It,Nl)",CGB-AYQE-USA,20,DMG-A09-01,I,3,February/2000,2000,February,,ROM,,CGB-AYQE-0 S LHMN5MTF JAPAN H2 0010 D,Sharp,Week 10/2000,2000,,10,Mapper,MBC5,MBC5 LZ9GB31 AL02 A,Sharp,Week 2/2000,2000,,2,,,,,,,,,,,,,,,,,,,,,,,,,,,,,,,,,,,,,,,,,,,,,,,,,,,,,,,,,,,
CGB-AYQP-0,Entry #1,alex-g-1,https://gbhwdb.gekkio.fi/cartridges/CGB-AYQP-0/alex-g-1.html,Alex G,"Rayman (Europe) (En,Fr,De,Es,It,Nl)",CGB-AYQP-EUR,20,DMG-A09-01,I,4,June/2000,2000,June,,ROM,MX23C3203-12A2,M003495-M MX23C3203-12A2 CGB-AYQP-0 H2 1R2474A1,Macronix,Week 34/2000,2000,,34,Mapper,MBC5,MBC5 P-1 030U1M,Panasonic,Week 30/2000,2000,,30,,,,,,,,,,,,,,,,,,,,,,,,,,,,,,,,,,,,,,,,,,,,,,,,,,,,,,,,c430a89a,,2e2d674426f2d29195a4bfbd82dca4c25416e475,
CGB-AZ7E-0,Entry #1,rhetchid-1,https://gbhwdb.gekkio.fi/cartridges/CGB-AZ7E-0/rhetchid-1.html,Rhetchid,"Legend of Zelda, The - Oracle of Seasons (USA, Australia)",DIS-CGB-AZ7E-USA,12,DMG-A06-01,MB,6,March/2001,2001,March,,ROM,μPD23C8001EJGW,CGB-AZ7E-0 F1 N-8001EJGW-K62 0115K7023,NEC,Week 15/2001,2001,,15,Mapper,MBC5,0CD6FDT MBC5 2417,Texas Instruments,December/2000,2000,December,,RAM,BR6265BF-10SL,BR6265BF-10SL 114 189N,ROHM,Week 14/2001,2001,,14,Supervisor & Reset,BA6735,6735 1109,ROHM,January/2001,2001,January,,,,,,,,,,,,,,,,,,,,,,,,,,,,,,,,,,CR1616,01-01,,January/2001,2001,January,,,,,
CGB-AZ7J-0,Entry #1,gekkio-1,https://gbhwdb.gekkio.fi/cartridges/CGB-AZ7J-0/gekkio-1.html,gekkio,Zelda no Densetsu - Fushigi no Kinomi - Daichi no Shou (Japan),CGB-AZ7J-JPN,11,DMG-A06-01,K,6,January/2001,2001,January,,ROM,MSM538011E,CGB-AZ7J-0 F1 M538011E-1T 1065418,OKI,Week 6/2001,2001,,6,Mapper,MBC5,MBC5 P-2 050U2M,Panasonic,Week 50/2000,2000,,50,RAM,BR6265BF-10SL,BR6265BF-10SL 052 115N,ROHM,Week 52/2000,2000,,52,Supervisor & Reset,BA6735,6735 0C88,ROHM,December/2000,2000,December,,,,,,,,,,,,,,,,,,,,,,,,,,,,,,,,,,CR1616,,,,,,,,,,65404de57219f0ab6eacd63ef326ef8a921b9b4448ebcaa48330f70dca97a49f
CGB-AZ7P-0,Entry #1,gekkio-1,https://gbhwdb.gekkio.fi/cartridges/CGB-AZ7P-0/gekkio-1.html,gekkio,"Legend of Zelda, The - Oracle of Seasons (Europe) (En,Fr,De,Es,It)",CGB-AZ7P-EUR,08,DMG-A08-10,I,5,August/2002,2002,August,,ROM,MX23C1603-12A,S023604-M MX23C1603-12A CGB-AZ7P-0 G2 1D3283A1,Macronix,Week 36/2002,2002,,36,Mapper,MBC5,MBC5 BU3650K 229 H51,ROHM,Week 29/2002,2002,,29,RAM,BR6265BF-10SL,BR6265BF-10SL 230 148N,ROHM,Week 30/2002,2002,,30,Supervisor & Reset,BA6735,6735 2885,ROHM,August/2002,2002,August,,,,,,,,,,,,,,,,,,,,,,,,,,,,,,,,,,CR1616,02-08,Maxell,August/2002,2002,August,,,,,35fd809a21df04c7dac16cf76f7cc5d04017e3beabca102d2e378912a48539d9
CGB-AZ7P-0,Entry #1,granmastro-1,https://gbhwdb.gekkio.fi/cartridges/CGB-AZ7P-0/granmastro-1.html,Granmastro,"Legend of Zelda, The - Oracle of Seasons (Europe) (En,Fr,De,Es,It)",CGB-AZ7P-EUR,,DMG-A08-10,YG,5,September/2001,2001,September,,ROM,MX23C1603-12A,E014504-M MX23C1603-12A CGB-AZ7P-0 G2 1D2664A1,Macronix,Week 45/2001,2001,,45,Mapper,MBC5,MBC5 P-2 141U6M,Panasonic,Week 41/2001,2001,,41,RAM,W2465S-70LL,Winbond W2465S-70LL 141AD21331500-811RA,Winbond,Week 41/2001,2001,,41,Supervisor & Reset,MM1134A,142 134A,Mitsumi,Week 42/2001,2001,,42,,,,,,,,,,,,,,,,,,,,,,,,,,,,,,,,,CR1616,01-09,,September/2001,2001,September,,,,,
CGB-AZ7P-0,Entry #1,ikk5-1,https://gbhwdb.gekkio.fi/cartridges/CGB-AZ7P-0/ikk5-1.html,ikk5,"Legend of Zelda, The - Oracle of Seasons (Europe) (En,Fr,De,Es,It)",CGB-AZ7P-EUR,00,DMG-A08-10,I,2,April/2002,2002,April,,ROM,MX23C1603-12A,E021604-M MX23C1603-12A CGB-AZ7P-0 G2 1D0404A1,Macronix,Week 16/2002,2002,,16,Mapper,MBC5,MBC-5 BU3650K 209 H68,ROHM,Week 9/2002,2002,,9,RAM,BR6265BF-10SL,BR6265BF-10SL 207 111N,ROHM,Week 7/2002,2002,,7,Supervisor & Reset,BA6735,6735 1B01,ROHM,November/2001,2001,November,,,,,,,,,,,,,,,,,,,,,,,,,,,,,,,,,,CR1616,01-11,,November/2001,2001,November,,,,,
CGB-AZ7P-0,Entry #1,kurodo-1,https://gbhwdb.gekkio.fi/cartridges/CGB-AZ7P-0/kurodo-1.html,Kurodo,"Legend of Zelda, The - Oracle of Seasons (Europe) (En,Fr,De,Es,It)",CGB-AZ7P-EUR,11,DMG-A08-10,CM,3,July/2001,2001,July,,ROM,MX23C1603-12A,M013104-M MX23C1603-12A CGB-AZ7P-0 G2 1C9464A1,Macronix,Week 31/2001,2001,,31,Mapper,MBC5,MBC-5 BU3650K 113 H31,ROHM,Week 13/2001,2001,,13,RAM,W2465S-70LL,Winbond W2465S-70LL 127AD21212050-811RA,Winbond,Week 27/2001,2001,,27,Supervisor & Reset,BA6735,6735 1718,ROHM,July/2001,2001,July,,,,,,,,,,,,,,,,,,,,,,,,,,,,,,,,,,CR1616,,,,,,,,,,
CGB-AZ7P-0,Entry #2,kurodo-2,https://gbhwdb.gekkio.fi/cartridges/CGB-AZ7P-0/kurodo-2.html,Kurodo,"Legend of Zelda, The - Oracle of Seasons (Europe) (En,Fr,De,Es,It)",CGB-AZ7P-EUR,41,DMG-A08-10,CM,4,January/2002,2002,January,,ROM,MX23C1603-12A,S020804-M MX23C1603-12A CGB-AZ7P-0 G2 1D2593A2,Macronix,Week 8/2002,2002,,8,Mapper,MBC5,MBC5 P-2 147U4M,Panasonic,Week 47/2001,2001,,47,RAM,BR6265BF-10SL,BR6265BF-10SL 147 180N,ROHM,Week 47/2001,2001,,47,Supervisor & Reset,BA6735,6735 1A78,ROHM,October/2001,2001,October,,,,,,,,,,,,,,,,,,,,,,,,,,,,,,,,,,CR1616,,,,,,,,,,
CGB-AZ8J-0,Entry #1,gdsn-1,https://gbhwdb.gekkio.fi/cartridges/CGB-AZ8J-0/gdsn-1.html,gdsn,Zelda no Densetsu - Fushigi no Kinomi - Jikuu no Shou (Japan),CGB-AZ8J-JPN,41,DMG-A06-01,MB,5,January/2001,2001,January,,ROM,MSM538011E,CGB-AZ8J-0 F1 M538011E-1U 1065453,OKI,Week 6/2001,2001,,6,Mapper,MBC5,MBC5 P-2 050U2M,Panasonic,Week 50/2000,2000,,50,RAM,BR6265BF-10SL,BR6265BF-10SL 103 117N,ROHM,Week 3/2001,2001,,3,Supervisor & Reset,BA6735,6735 0B03,ROHM,November/2000,2000,November,,,,,,,,,,,,,,,,,,,,,,,,,,,,,,,,,,CR1616,00-12,,December/2000,2000,December,,,,,
CGB-AZ8J-0,Entry #1,rhetchid-1,https://gbhwdb.gekkio.fi/cartridges/CGB-AZ8J-0/rhetchid-1.html,Rhetchid,Zelda no Densetsu - Fushigi no Kinomi - Jikuu no Shou (Japan),CGB-AZ8J-JPN,12,DMG-A06-01,MB,4,March/2001,2001,March,,ROM,MX23C8005-12,C011149-M MX23C8005-12 CGB-AZ8J-0 F1 1C7961A1,Macronix,Week 11/2001,2001,,11,Mapper,MBC5,MBC5 P-2 050U7M,Panasonic,Week 50/2000,2000,,50,RAM,LH5164AN-10L,LH5164AN-10L SHARP A0104 7 CB,Sharp,Week 4/2001,2001,,4,Supervisor & Reset,BA6735,6735 0775,ROHM,July/2000,2000,July,,,,,,,,,,,,,,,,,,,,,,,,,,,,,,,,,,CR1616,00-12,,December/2000,2000,December,,,,,
CGB-AZ8P-0,Entry #1,gekkio-1,https://gbhwdb.gekkio.fi/cartridges/CGB-AZ8P-0/gekkio-1.html,gekkio,"Legend of Zelda, The - Oracle of Ages (Europe) (En,Fr,De,Es,It)",CGB-AZ8P-EUR,08,DMG-A08-10,I,6,August/2002,2002,August,,ROM,MX23C1603-12A,E023004-M MX23C1603-12A CGB-AZ8P-0 G2 1D1315A2,Macronix,Week 30/2002,2002,,30,Mapper,MBC5,1CATF1T MBC5 2417,Texas Instruments,December/2001,2001,December,,RAM,BR6265BF-10SL,BR6265BF-10SL 231 118N,ROHM,Week 31/2002,2002,,31,Supervisor & Reset,BA6735,6735 2681,ROHM,June/2002,2002,June,,,,,,,,,,,,,,,,,,,,,,,,,,,,,,,,,,CR1616,02-07,Maxell,July/2002,2002,July,,,,,dbbb897a003654abfef7eadbfd401421e247e0c37319e947e5c80099f8f7ab86
CGB-AZ8P-0,Entry #1,granmastro-1,https://gbhwdb.gekkio.fi/cartridges/CGB-AZ8P-0/granmastro-1.html,Granmastro,"Legend of Zelda, The - Oracle of Ages (Europe) (En,Fr,De,Es,It)",CGB-AZ8P-EUR,,DMG-A08-10,YG,6,June/2001,2001,June,,ROM,MX23C1603-12A,M013304-M MX23C1603-12A CGB-AZ8P-0 G2 1C9221A1,Macronix,Week 33/2001,2001,,33,Mapper,MBC5,14A043T MBC5 2417,Texas Instruments,April/2001,2001,April,,RAM,W2465S-70LL,Winbond W2465S-70LL 128WD21026900-II1RA,Winbond,Week 28/2001,2001,,28,Supervisor & Reset,MM1134A,130 134A,Mitsumi,Week 30/2001,2001,,30,,,,,,,,,,,,,,,,,,,,,,,,,,,,,,,,,CR1616,01-07,,July/2001,2001,July,,,,,
CGB-AZ8P-0,Entry #1,kurodo-1,https://gbhwdb.gekkio.fi/cartridges/CGB-AZ8P-0/kurodo-1.html,Kurodo,"Legend of Zelda, The - Oracle of Ages (Europe) (En,Fr,De,Es,It)",CGB-AZ8P-EUR,12,DMG-A08-10,CM,2,July/2001,2001,July,,ROM,MX23C1603-12A,E013104-M MX23C1603-12A CGB-AZ8P-0 G2 1D3482A1,Macronix,Week 31/2001,2001,,31,Mapper,MBC5,13CF84T MBC5 2417,Texas Instruments,March/2001,2001,March,,RAM,W2465S-70LL,Winbond W2465S-70LL 121AD21012690-II1RA,Winbond,Week 21/2001,2001,,21,Supervisor & Reset,MM1134A,126 134A,Mitsumi,Week 26/2001,2001,,26,,,,,,,,,,,,,,,,,,,,,,,,,,,,,,,,,CR1616,,,,,,,,,,
CGB-AZCP-0,Entry #1,ikk5-1,https://gbhwdb.gekkio.fi/cartridges/CGB-AZCP-0/ikk5-1.html,ikk5,Catz (Europe),CGB-AZCP-EUR,20,DMG-A06-01,I,1,February/2000,2000,February,,ROM,,CGB-AZCP-0 S LHMN8JYC JAPAN F1 0012 E,Sharp,Week 12/2000,2000,,12,Mapper,MBC5,MBC5 LZ9GB31 AL06 A,Sharp,Week 6/2000,2000,,6,RAM,W2465S-70LL,Winbond W2465S-70LL 951QD29387620-511RA,Winbond,Week 51/1999,1999,,51,Supervisor & Reset,MM1134A,005 134A,Mitsumi,Week 5/2000,2000,,5,,,,,,,,,,,,,,,,,,,,,,,,,,,,,,,,,CR1616,00-02,,February/2000,2000,February,,,,,
CGB-AZRP-0,Entry #1,ikk5-1,https://gbhwdb.gekkio.fi/cartridges/CGB-AZRP-0/ikk5-1.html,ikk5,"Mask of Zorro, The (Europe)",CGB-AZRP-EUU,34,DMG-A07-01,MB,2,February/2000,2000,February,,ROM,MX23C8005-12,J001149-M MX23C8005-12 CGB-AZRP-0 F1 1B5740B1A0,Macronix,Week 11/2000,2000,,11,Mapper,MBC5,MBC-5 BU3650K 004 H65,ROHM,Week 4/2000,2000,,4,,,,,,,,,,,,,,,,,,,,,,,,,,,,,,,,,,,,,,,,,,,,,,,,,,,,,,,,,,,
CGB-AZRP-0,Entry #1,issotm-1,https://gbhwdb.gekkio.fi/cartridges/CGB-AZRP-0/issotm-1.html,ISSOtm,"Mask of Zorro, The (Europe)",CGB-AZRP-EUU,34,DMG-A07-01,MB,5,February/2000,2000,February,,ROM,MX23C8005-12,J001149-M MX23C8005-12 CGB-AZRP-0 F1 1B5740B1A0,Macronix,Week 11/2000,2000,,11,Mapper,MBC5,MBC5 LZ9GB31 AL03 A,Sharp,Week 3/2000,2000,,3,,,,,,,,,,,,,,,,,,,,,,,,,,,,,,,,,,,,,,,,,,,,,,,,,,,,,,,,,,,
CGB-B18P-0,Entry #1,ikk5-1,https://gbhwdb.gekkio.fi/cartridges/CGB-B18P-0/ikk5-1.html,ikk5,"F-18 Thunder Strike (USA, Europe)",CGB-B18P-UKV,22,DMG-A07-01,I,4,March/2000,2000,March,,ROM,,CGB-B18P-0 S LH538WJB JAPAN F1 0017 D,Sharp,Week 17/2000,2000,,17,Mapper,MBC5,MBC5 LZ9GB31 AL13 A,Sharp,Week 13/2000,2000,,13,,,,,,,,,,,,,,,,,,,,,,,,,,,,,,,,,,,,,,,,,,,,,,,,,,,,,,,,,,,
CGB-B24P-0,Entry #1,ikk5-1,https://gbhwdb.gekkio.fi/cartridges/CGB-B24P-0/ikk5-1.html,ikk5,"Le Mans 24 Hours (Europe) (En,Fr,De,Es,It)",CGB-B24P-EUR,00,DMG-A06-01,K,4,March/2000,2000,March,,ROM,MSM538011E,CGB-B24P-0 F1 M538011E-H9 0185409,OKI,Week 18/2000,2000,,18,Mapper,MBC5,MBC5 P-1 015U2M,Panasonic,Week 15/2000,2000,,15,RAM,BR6265BF-10SL,BR6265BF-10SL 014 147N,ROHM,Week 14/2000,2000,,14,Supervisor & Reset,BA6735,6735 0321,ROHM,March/2000,2000,March,,,,,,,,,,,,,,,,,,,,,,,,,,,,,,,,,,CR1616,00-04,,April/2000,2000,April,,,,,
CGB-B2SP-0,Entry #1,ikk5-1,https://gbhwdb.gekkio.fi/cartridges/CGB-B2SP-0/ikk5-1.html,ikk5,"Spider-Man 2 - The Sinister Six (USA, Europe)",CGB-B2SP-EUR-1,11,DMG-A07-01,I,2,June/2001,2001,June,,ROM,MSM538011E,CGB-B2SP-0 F1 M538011E-5K 1185407,OKI,Week 18/2001,2001,,18,Mapper,MBC5,MBC5 P-2 104U6M,Panasonic,Week 4/2001,2001,,4,,,,,,,,,,,,,,,,,,,,,,,,,,,,,,,,,,,,,,,,,,,,,,,,,,,,,,,,,,,
CGB-B2XE-0,Entry #1,comrade-claire-1,https://gbhwdb.gekkio.fi/cartridges/CGB-B2XE-0/comrade-claire-1.html,Comrade Claire,"Mega Man Xtreme 2 (USA, Europe)",CGB-B2XE-USA,13,DMG-A06-01,K,1,September/2001,2001,September,,ROM,MSM538011E,CGB-B2XE-0 F1 M538011E-9J 1375431,OKI,Week 37/2001,2001,,37,Mapper,MBC5,MBC5 P-2 136U4M,Panasonic,Week 36/2001,2001,,36,RAM,W2465S-70LL,Winbond W2465S-70LL 129AD21234790-II1RA,Winbond,Week 29/2001,2001,,29,Supervisor & Reset,MM1134A,129 134A,Mitsumi,Week 29/2001,2001,,29,,,,,,,,,,,,,,,,,,,,,,,,,,,,,,,,,CR1616,,,,,,,,,,
CGB-B2XP-0,Entry #1,3615retro-1,https://gbhwdb.gekkio.fi/cartridges/CGB-B2XP-0/3615retro-1.html,3615Retro,"Mega Man Xtreme 2 (USA, Europe)",CGB-B2XP-EUR,41,DMG-A06-01,NC,6,October/2001,2001,October,,ROM,MX23C8005-12,S015149-M MX23C8005-12 CGB-B2XP-0 F1 1D2817A1,Macronix,Week 51/2001,2001,,51,Mapper,MBC5,MBC-5 BU3650K 144 H16,ROHM,Week 44/2001,2001,,44,RAM,BR6265BF-10SL,BR6265BF-10SL 144 144N,ROHM,Week 44/2001,2001,,44,Supervisor & Reset,BA6735,6735 1A98,ROHM,October/2001,2001,October,,,,,,,,,,,,,,,,,,,,,,,,,,,,,,,,,,CR1616,,,,,,,8fedb6d8,1f64989765f605d05cbd013e7ffcc352,cb1811ac8969f6b683df954b57138dd28ebb40ff,e37a14a8e61bd64f2226dacc26a7ee75dd90abfcf88c5016eb97b76ecda0ddca
CGB-B2ZX-0,Entry #1,ikk5-1,https://gbhwdb.gekkio.fi/cartridges/CGB-B2ZX-0/ikk5-1.html,ikk5,"Tweenies - Doodles' Bones (Europe) (En,Nl,Sv,No,Da)",CGB-B2ZX-HOL,11,DMG-A07-01,I,2,March/2002,2002,March,,ROM,MSM538011E,CGB-B2ZX-0 F1 M538011E-CG 2165401,OKI,Week 16/2002,2002,,16,Mapper,MBC5,1ACY46T MBC5 2417,Texas Instruments,October/2001,2001,October,,,,,,,,,,,,,,,,,,,,,,,,,,,,,,,,,,,,,,,,,,,,,,,,,,,,,,,,,,,,
CGB-B3OP-0,Entry #1,ikk5-1,https://gbhwdb.gekkio.fi/cartridges/CGB-B3OP-0/ikk5-1.html,ikk5,"SnowCross (Europe) (En,Fr,De,Es,It,Pt)",CGB-B3OP-EUR,22,DMG-A07-01,Y,2,September/2001,2001,September,,ROM,MSM538011E,CGB-B3OP-0 F1 M538011E-9P 1395408,OKI,Week 39/2001,2001,,39,Mapper,MBC5,16C10DT MBC5 2417,Texas Instruments,June/2001,2001,June,,,,,,,,,,,,,,,,,,,,,,,,,,,,,,,,,,,,,,,,,,,,,,,,,,,,,,,,,,,,
CGB-B3OP-0,Entry #1,issotm-1,https://gbhwdb.gekkio.fi/cartridges/CGB-B3OP-0/issotm-1.html,ISSOtm,"SnowCross (Europe) (En,Fr,De,Es,It,Pt)",CGB-B3OP-EUR,22,DMG-A07-01,K,6,September/2001,2001,September,,ROM,MSM538011E,CGB-B3OP-0 F1 M538011E-9P 1395408,OKI,Week 39/2001,2001,,39,Mapper,MBC5,1AAE8XT MBC5 2417,Texas Instruments,October/2001,2001,October,,,,,,,,,,,,,,,,,,,,,,,,,,,,,,,,,,,,,,,,,,,,,,,,,,,,,,,,,,,,
CGB-B3TP-0,Entry #1,ikk5-1,https://gbhwdb.gekkio.fi/cartridges/CGB-B3TP-0/ikk5-1.html,ikk5,"Tony Hawk's Pro Skater 3 (USA, Europe)",CGB-B3TP-EUR,22,DMG-A06-01,A,6,September/2001,2001,September,,ROM,MSM538011E,CGB-B3TP-0 F1 M538011E-AD 1405439,OKI,Week 40/2001,2001,,40,Mapper,MBC5,1AALE7T MBC5 2417,Texas Instruments,October/2001,2001,October,,RAM,W2465S-70LL,Winbond W2465S-70LL 136WD21290160-II2RA,Winbond,Week 36/2001,2001,,36,Supervisor & Reset,BA6735,6735 1842,ROHM,August/2001,2001,August,,,,,,,,,,,,,,,,,,,,,,,,,,,,,,,,,,CR1616,01-09,,September/2001,2001,September,,,,,
CGB-B4QP-1,Entry #1,mattcurrie-1,https://gbhwdb.gekkio.fi/cartridges/CGB-B4QP-1/mattcurrie-1.html,mattcurrie,"Monsters, Inc. (Europe) (Rev 1)",CGB-B4QP-UKV,00A,DMG-A07-01,I,4,November/2001,2001,November,,ROM,MSM538011E,CGB-B4QP-1 F1 M538011E-BK 1505413,OKI,Week 50/2001,2001,,50,Mapper,MBC5,MBC5 P-2 143U7M,Panasonic,Week 43/2001,2001,,43,,,,,,,,,,,,,,,,,,,,,,,,,,,,,,,,,,,,,,,,,,,,,,,,,,,,,,,,,,,
CGB-B7DP-0,Entry #1,ikk5-1,https://gbhwdb.gekkio.fi/cartridges/CGB-B7DP-0/ikk5-1.html,ikk5,"Snow White and the Seven Dwarfs (Europe) (En,Fr,De,Es,It,Nl,Sv,No,Da)",CGB-B7DP-EUR,20,DMG-A07-01,I,6,December/2003,2003,December,,ROM,MX23C8005-12,S040549-M MX23C8005-12 CGB-B7DP-0 F1 1S1786A3,Macronix,Week 5/2004,2004,,5,Mapper,MBC5,MBC-5 BU3650K 245 H93,ROHM,Week 45/2002,2002,,45,,,,,,,,,,,,,,,,,,,,,,,,,,,,,,,,,,,,,,,,,,,,,,,,,,,,,,,,,,,
CGB-B82J-0,Entry #1,gekkio-1,https://gbhwdb.gekkio.fi/cartridges/CGB-B82J-0/gekkio-1.html,gekkio,Densha de Go! 2 (Japan),CGB-B82J-JPN,22,DMG-A15-10,I,4,October/2000,2000,October,,ROM,MX23C3203-11A2,M004523-M MX23C3203-11A2 CGB-B82J-0 02 H2 2D224301,Macronix,Week 45/2000,2000,,45,Mapper,MBC5,MBC5 P 041U4M,Panasonic,Week 41/2000,2000,,41,RAM,GM76C256CLLFW70,HYUNDAI GM76C256CLLFW70 0033 KOREA,Hyundai,Week 33/2000,2000,,33,Supervisor & Reset,MM1134A,035 134A,Mitsumi,Week 35/2000,2000,,35,ROM,MX23C3203-11A2,M004523-M MX23C3203-11A2 CGB-B82J-0 02 H2 2D151301,Macronix,Week 45/2000,2000,,45,Line decoder,TC7W139FU,7W139 0J,Toshiba,2000,2000,,,,,,,,,,,,,,,,,,,CR1616,00-01,Maxell,January/2000,2000,January,,,,,aaf85dc22020cc7103bfcacb0bdd54568d4b391a0483fd3e11f18cd35c9c05a6
CGB-B86J-0,Entry #1,marcao-cfh-1,https://gbhwdb.gekkio.fi/cartridges/CGB-B86J-0/marcao-cfh-1.html,marcao_cfh,Tottoko Hamutarou 2 - Hamu-chan Zu Daishuugou Dechu (Japan),CGB-B86J-JPN,,DMG-A08-10,I,6,March/2001,2001,March,,ROM,MX23C1603-12A,M011319-M MX23C1603-12A CGB-B86J-0 G2 2E057900,Macronix,Week 13/2001,2001,,13,Mapper,MBC5,11CVNNT MBC5 2417,Texas Instruments,January/2001,2001,January,,RAM,W2465S-70LL,Winbond W2465S-70LL 101AD20484650-II1RA,Winbond,Week 1/2001,2001,,1,Supervisor & Reset,BA6735,6735 0A56,ROHM,October/2000,2000,October,,,,,,,,,,,,,,,,,,,,,,,,,,,,,,,,,,CR1616,01-01,,January/2001,2001,January,,,,,
CGB-B99P-0,Entry #1,ikk5-1,https://gbhwdb.gekkio.fi/cartridges/CGB-B99P-0/ikk5-1.html,ikk5,"102 Dalmatians - Puppies to the Rescue (USA, Europe)",CGB-B99P-UKV,07,DMG-A07-01,K,6,March/2001,2001,March,,ROM,MSM538011E,CGB-B99P-0 F1 M538011E-8E 1095436,OKI,Week 9/2001,2001,,9,Mapper,MBC5,11AHEHT MBC5 2417,Texas Instruments,January/2001,2001,January,,,,,,,,,,,,,,,,,,,,,,,,,,,,,,,,,,,,,,,,,,,,,,,,,,,,,,,,,,,,
CGB-B9AJ-0,Entry #1,gekkio-1,https://gbhwdb.gekkio.fi/cartridges/CGB-B9AJ-0/gekkio-1.html,gekkio,Mobile Trainer (Japan),CGB-B9AJ-JPN,09,DMG-A03-10,I,5,December/2000,2000,December,,ROM,MX23C1603-12A,M010419-M MX23C1603-12A CGB-B9AJ-0 G2 2D547500,Macronix,Week 4/2001,2001,,4,Mapper,MBC5,0CCC6YT MBC5 2417,Texas Instruments,December/2000,2000,December,,RAM,GM76C256CLLFW70,HYUNDAI GM76C256CLLFW70 0047 KOREA,Hyundai,Week 47/2000,2000,,47,Supervisor & Reset,BA6735,6735 0C88,ROHM,December/2000,2000,December,,,,,,,,,,,,,,,,,,,,,,,,,,,,,,,,,,CR1616,00-11,Panasonic,November/2000,2000,November,,,,,6d802e66b54f700aa8c767dd4a3b9df200bae05e07a296fffb16ebf4efc76570
CGB-BADP-0,Entry #1,ikk5-1,https://gbhwdb.gekkio.fi/cartridges/CGB-BADP-0/ikk5-1.html,ikk5,"Aladdin (Europe) (En,Fr,De,Es,It,Nl)",CGB-BADP-EUR,22,DMG-A07-01,I,4,December/2000,2000,December,,ROM,MX23C8005-12,S003849-M MX23C8005-12 CGB-BADP-0 F1 1C1242A1,Macronix,Week 38/2000,2000,,38,Mapper,MBC5,0CAX2NT MBC5 2417,Texas Instruments,December/2000,2000,December,,,,,,,,,,,,,,,,,,,,,,,,,,,,,,,,,,,,,,,,,,,,,,,,,,,,,,,,,,,,
CGB-BAZP-0,Entry #1,ikk5-1,https://gbhwdb.gekkio.fi/cartridges/CGB-BAZP-0/ikk5-1.html,ikk5,"Antz Racing (Europe) (En,Fr,De,Es,It,Nl)",CGB-BAZP-EUR,22,DMG-A07-01,Y,6,December/2000,2000,December,,ROM,MX23C8005-12,C010849-M MX23C8005-12 CGB-BAZP-0 F1 1C4827A1,Macronix,Week 8/2001,2001,,8,Mapper,MBC5,11ADJ5T MBC5 2417,Texas Instruments,January/2001,2001,January,,,,,,,,,,,,,,,,,,,,,,,,,,,,,,,,,,,,,,,,,,,,,,,,,,,,,,,,,,,,
CGB-BB2P-0,Entry #1,ikk5-1,https://gbhwdb.gekkio.fi/cartridges/CGB-BB2P-0/ikk5-1.html,ikk5,"Men in Black 2 - The Series (Europe) (En,Fr,De)",CGB-BB2P-EUR,13,DMG-A07-01,Y,5,November/2000,2000,November,,ROM,MSM538011E,CGB-BB2P-0 F1 M538011E-T8 0512404,OKI,Week 51/2000,2000,,51,Mapper,MBC5,MBC5 P 045U4M,Panasonic,Week 45/2000,2000,,45,,,,,,,,,,,,,,,,,,,,,,,,,,,,,,,,,,,,,,,,,,,,,,,,,,,,,,,,,,,
CGB-BB5D-0,Entry #1,ikk5-1,https://gbhwdb.gekkio.fi/cartridges/CGB-BB5D-0/ikk5-1.html,ikk5,Benjamin Bluemchen - Ein verrueckter Tag im Zoo (Germany),CGB-BB5D-NOE,22,DMG-A09-10,I,5,November/2001,2001,November,,ROM,MR531614G,CGB-BB5D-0 G2 R531614G-75 1502411,OKI,Week 50/2001,2001,,50,Mapper,MBC5,1ACX72T MBC5 2417,Texas Instruments,October/2001,2001,October,,,,,,,,,,,,,,,,,,,,,,,,,,,,,,,,,,,,,,,,,,,,,,,,,,,,,,,,,,,,
CGB-BBHF-0,Entry #1,3615retro-1,https://gbhwdb.gekkio.fi/cartridges/CGB-BBHF-0/3615retro-1.html,3615Retro,"Powerpuff Girls, The - Bulle Contre Lui (France)",CGB-BBHF-FRA,22,DMG-A08-10,I,6,May/2001,2001,May,,ROM,MX23C1603-12A,S012304-M MX23C1603-12A CGB-BBHF-0 G2 1D1064A1,Macronix,Week 23/2001,2001,,23,Mapper,MBC5,12AFJVT MBC5 2417,Texas Instruments,February/2001,2001,February,,RAM,W2465S-70LL,Winbond W2465S-70LL 116AD20531390-II1RA,Winbond,Week 16/2001,2001,,16,Supervisor & Reset,MM1134A,112 134A,Mitsumi,Week 12/2001,2001,,12,,,,,,,,,,,,,,,,,,,,,,,,,,,,,,,,,CR1616,,,,,,,7085270c,fd5d1ad9fa778895fa24d1fe1eca52b7,5c1c53b9c002680c2da8b24aa31d4a247586263d,30c6e2954dcb2d0c2ea3d2319a6dfb8a036823ea141785e4d345c6ca584b49f3
CGB-BBHP-0,Entry #1,ikk5-1,https://gbhwdb.gekkio.fi/cartridges/CGB-BBHP-0/ikk5-1.html,ikk5,"Powerpuff Girls, The - Battle Him (Europe)",CGB-BBHP-UKV,12,DMG-A08-10,I,5,May/2001,2001,May,,ROM,MR531614G,CGB-BBHP-0 G2 R531614G-66 1222408,OKI,Week 22/2001,2001,,22,Mapper,MBC5,MBC5 P-2 102U4M,Panasonic,Week 2/2001,2001,,2,RAM,W2465S-70LL,Winbond W2465S-70LL 117AD21026880-811RA,Winbond,Week 17/2001,2001,,17,Supervisor & Reset,MM1134A,112 134A,Mitsumi,Week 12/2001,2001,,12,,,,,,,,,,,,,,,,,,,,,,,,,,,,,,,,,CR1616,01-01,,January/2001,2001,January,,,,,
CGB-BBNP-0,Entry #1,ikk5-1,https://gbhwdb.gekkio.fi/cartridges/CGB-BBNP-0/ikk5-1.html,ikk5,"Jim Henson's Bear in the Big Blue House (Europe) (En,Fr,De,Es,It,Nl)",CGB-BBNP-EUR,22,DMG-A07-01,Y,4,January/2002,2002,January,,ROM,MSM538011E,CGB-BBNP-0 F1 M538011E-BU 2075413,OKI,Week 7/2002,2002,,7,Mapper,MBC5,MBC-5 BU3650K 150 H82,ROHM,Week 50/2001,2001,,50,,,,,,,,,,,,,,,,,,,,,,,,,,,,,,,,,,,,,,,,,,,,,,,,,,,,,,,,,,,
CGB-BBQP-0,Entry #1,ikk5-1,https://gbhwdb.gekkio.fi/cartridges/CGB-BBQP-0/ikk5-1.html,ikk5,"Bob et Bobette - Les Dompteurs du Temps (Europe) (Fr,Nl)",CGB-BBQP-FAH,00,DMG-A07-01,Y,4,October/2001,2001,October,,ROM,MX23C4005-12,C014238-M MX23C4005-12 CGB-BBQP-0 E1 1P2087A5,Macronix,Week 42/2001,2001,,42,Mapper,MBC5,1ACF2XT MBC5 2417,Texas Instruments,October/2001,2001,October,,,,,,,,,,,,,,,,,,,,,,,,,,,,,,,,,,,,,,,,,,,,,,,,,,,,,,,,,,,,
CGB-BBZI-0,Entry #1,granmastro-1,https://gbhwdb.gekkio.fi/cartridges/CGB-BBZI-0/granmastro-1.html,Granmastro,Dragon Ball Z - I Leggendari Super Guerrieri (Italy),CGB-BBZI-ITA,11,DMG-A08-10,I,4,May/2002,2002,May,,ROM,MX23C1603-12A,S022104-M MX23C1603-12A CGB-BBZI-0 G2 1D0359A1,Macronix,Week 21/2002,2002,,21,Mapper,MBC5,MBC-5 BU3650K 218 H26,ROHM,Week 18/2002,2002,,18,RAM,BR6265BF-10SL,BR6265BF-10SL 207 151N,ROHM,Week 7/2002,2002,,7,Supervisor & Reset,BA6735,6735 1B00,ROHM,November/2001,2001,November,,,,,,,,,,,,,,,,,,,,,,,,,,,,,,,,,,CR1616,,,,,,,,,,
CGB-BBZP-0,Entry #1,ikk5-1,https://gbhwdb.gekkio.fi/cartridges/CGB-BBZP-0/ikk5-1.html,ikk5,Dragon Ball Z - Legendary Super Warriors (Europe),CGB-BBZP-UKV,22,DMG-A08-10,I,3,May/2002,2002,May,,ROM,MX23C1603-12A,S022104-M MX23C1603-12A CGB-BBZP-0 G2 1D0301A1,Macronix,Week 21/2002,2002,,21,Mapper,MBC5,MBC-5 BU3650K 216 H24,ROHM,Week 16/2002,2002,,16,RAM,BR6265BF-10SL,BR6265BF-10SL 216 105N,ROHM,Week 16/2002,2002,,16,Supervisor & Reset,BA6735,6735 1B27,ROHM,November/2001,2001,November,,,,,,,,,,,,,,,,,,,,,,,,,,,,,,,,,,CR1616,02-01,,January/2002,2002,January,,,,,
CGB-BCLP-0,Entry #1,ikk5-1,https://gbhwdb.gekkio.fi/cartridges/CGB-BCLP-0/ikk5-1.html,ikk5,"Carl Lewis Athletics 2000 (Europe) (En,Fr,De,Es,It,Nl)",CGB-BCLP-EUR,01,DMG-A06-01,I,1,June/2000,2000,June,,ROM,MSM538011E,CGB-BCLP-0 F1 M538011E-S5 0332420,OKI,Week 33/2000,2000,,33,Mapper,MBC5,MBC5 P-1 028U1M,Panasonic,Week 28/2000,2000,,28,RAM,LC3564BM-70,SANYO LC3564BM-70 JAPAN 0EUFG,Sanyo,May/2000,2000,May,,Supervisor & Reset,BA6735,6735 0679,ROHM,June/2000,2000,June,,,,,,,,,,,,,,,,,,,,,,,,,,,,,,,,,,CR1616,00-07,,July/2000,2000,July,,,,,
CGB-BCTP-0,Entry #1,ikk5-1,https://gbhwdb.gekkio.fi/cartridges/CGB-BCTP-0/ikk5-1.html,ikk5,"CyberTiger (USA, Europe)",CGB-BCTP-UKV,22,DMG-A07-01,MB,6,September/2000,2000,September,,ROM,MSM538011E,CGB-BCTP-0 F1 M538011E-V3 0395403,OKI,Week 39/2000,2000,,39,Mapper,MBC5,08CHXRT MBC5 2417,Texas Instruments,August/2000,2000,August,,,,,,,,,,,,,,,,,,,,,,,,,,,,,,,,,,,,,,,,,,,,,,,,,,,,,,,,,,,,
CGB-BDCP-0,Entry #1,ikk5-1,https://gbhwdb.gekkio.fi/cartridges/CGB-BDCP-0/ikk5-1.html,ikk5,"Dukes of Hazzard, The - Racing for Home (Europe) (En,Fr,De)",CGB-BDCP-EUR,20,DMG-A08-10,K,6,February/2001,2001,February,,ROM,MR531614G,CGB-BDCP-0 G2 R531614G-59 1082309,OKI,Week 8/2001,2001,,8,Mapper,MBC5,11AED6T MBC5 2417,Texas Instruments,January/2001,2001,January,,RAM,BR6265BF-10SL,BR6265BF-10SL 106 102N,ROHM,Week 6/2001,2001,,6,Supervisor & Reset,MM1134A,040 134A,Mitsumi,Week 40/2000,2000,,40,,,,,,,,,,,,,,,,,,,,,,,,,,,,,,,,,CR1616,00-12,,December/2000,2000,December,,,,,
CGB-BDDE-0,Entry #1,beckybecky125-1,https://gbhwdb.gekkio.fi/cartridges/CGB-BDDE-0/beckybecky125-1.html,beckybecky125,"Donkey Kong Country (USA, Europe) (En,Fr,De,Es,It)",CGB-BDDE-USA,15,DMG-Z03-10,I,5,September/2000,2000,September,,ROM,MX23C3203-12A2,M003595-M MX23C3203-12A2 CGB-BDDE-0 H2 1R2147A2,Macronix,Week 35/2000,2000,,35,Mapper,MBC5,08CEJHT MBC5 2417,Texas Instruments,August/2000,2000,August,,RAM,BR62256F-70LL,BR62256F-70LL 038 167NA,ROHM,Week 38/2000,2000,,38,Supervisor & Reset,BA6735,6735 0919,ROHM,September/2000,2000,September,,,,,,,,,,,,,,,,,,,,,,,,,,,,,,,,,,CR1616,00-08,,August/2000,2000,August,,b1743477,dc94079146ee90d7dd7d72280a3faad5,32522dfce902d564e69348541348afc054307f65,e22324dfd7884a593d265bc3776af6d06c9cf049a060ac7d05613c5303672fca
CGB-BDDJ-0,Entry #1,marcao-cfh-1,https://gbhwdb.gekkio.fi/cartridges/CGB-BDDJ-0/marcao-cfh-1.html,marcao_cfh,Donkey Kong 2001 (Japan),CGB-BDDJ-JPN,,DMG-A08-10,I,6,November/2000,2000,November,,ROM,MX23C3203-12A2,E004723-M MX23C3203-12A2 CGB-BDDJ-0 H2 2D424800,Macronix,Week 47/2000,2000,,47,Mapper,MBC5,0BD544T MBC5 2417,Texas Instruments,November/2000,2000,November,,RAM,LH5164AN-10L,LH5164AN-10L SHARP A0027 5 CB,Sharp,Week 27/2000,2000,,27,Supervisor & Reset,MM1134A,045 134A,Mitsumi,Week 45/2000,2000,,45,,,,,,,,,,,,,,,,,,,,,,,,,,,,,,,,,CR1616,00-11,,November/2000,2000,November,,,,,
CGB-BDDP-0,Entry #1,ikk5-1,https://gbhwdb.gekkio.fi/cartridges/CGB-BDDP-0/ikk5-1.html,ikk5,"Donkey Kong Country (USA, Europe) (En,Fr,De,Es,It)",CGB-BDDP-EUR-1,00,DMG-A08-10,YG,2,September/2001,2001,September,,ROM,MX23C3203-12A2,S013823-M MX23C3203-12A2 CGB-BDDP-0 H2 2D841002,Macronix,Week 38/2001,2001,,38,Mapper,MBC5,1AC0E4T MBC5 2417,Texas Instruments,October/2001,2001,October,,RAM,W2465S-70LL,Winbond W2465S-70LL 138AD21331470-811RA,Winbond,Week 38/2001,2001,,38,Supervisor & Reset,MM1134A,121 134A,Mitsumi,Week 21/2001,2001,,21,,,,,,,,,,,,,,,,,,,,,,,,,,,,,,,,,CR1616,01-09,,September/2001,2001,September,,,,,
CGB-BDED-0,Entry #1,ikk5-1,https://gbhwdb.gekkio.fi/cartridges/CGB-BDED-0/ikk5-1.html,ikk5,Moorhuhn 2 - Die Jagd geht weiter (Germany),CGB-BDED-NOE,22,DMG-A06-01,K,5,March/2001,2001,March,,ROM,MX23C8005-12,S011149-M MX23C8005-12 CGB-BDED-0 F1 1C8719A1,Macronix,Week 11/2001,2001,,11,Mapper,MBC5,12CTKXT MBC5 2417,Texas Instruments,February/2001,2001,February,,RAM,W2465S-70LL,Winbond W2465S-70LL 051SD20110840-II1RA,Winbond,Week 51/2000,2000,,51,Supervisor & Reset,BA6735,6735 0800,ROHM,August/2000,2000,August,,,,,,,,,,,,,,,,,,,,,,,,,,,,,,,,,,CR1616,00-12,,December/2000,2000,December,,,,,
CGB-BDLP-0,Entry #1,3615retro-1,https://gbhwdb.gekkio.fi/cartridges/CGB-BDLP-0/3615retro-1.html,3615Retro,"Deadly Skies (Europe) (En,Fr,De)",CGB-BDLP-EUR,34,DMG-A07-01,MB,6,October/2000,2000,October,,ROM,MSM538011E,CGB-BDLP-0 F1 M538011E-7B 0455412,OKI,Week 45/2000,2000,,45,Mapper,MBC5,09ATFYT MBC5 2417,Texas Instruments,September/2000,2000,September,,,,,,,,,,,,,,,,,,,,,,,,,,,,,,,,,,,,,,,,,,,,,,,,,,,,,,,,,402de378,8e7298d92bd4eaec572a7f1bcb223200,aa9118da41e7d29385352f29593aed8c016329d1,2ceac35a6826a6a86a5b61ab2e9cde26c72b2fc8eaa9a1fde1eff578aa4537af
CGB-BDNP-0,Entry #1,3615retro-1,https://gbhwdb.gekkio.fi/cartridges/CGB-BDNP-0/3615retro-1.html,3615Retro,"Dinosaur (Europe) (En,Fr,De,Es,It)",CGB-BDNP-EUR,01,DMG-A08-01,K,2,July/2000,2000,July,,ROM,MX23C1603-12A,M003419-M MX23C1603-12A CGB-BDNP-0 G2 2C881300,Macronix,Week 34/2000,2000,,34,Mapper,MBC5,MBC5 P-1 027U4M,Panasonic,Week 27/2000,2000,,27,RAM,LH5164AN-10L,LH5164AN-10L SHARP A0022 5 CB,Sharp,Week 22/2000,2000,,22,Supervisor & Reset,MM1134A,025 134A,Mitsumi,Week 25/2000,2000,,25,,,,,,,,,,,,,,,,,,,,,,,,,,,,,,,,,CR1616,,,,,,,0aa8d0cc,6d0d0d7de2730b9f9fdeeb4e202d5115,9123d3528bf295c5cba4284ca276af23a32ec725,00dc2c5d8c462a62088af4593c3d82476c756b165a74fca6ad929bf40030ba74
CGB-BDNP-0,Entry #1,ikk5-1,https://gbhwdb.gekkio.fi/cartridges/CGB-BDNP-0/ikk5-1.html,ikk5,"Dinosaur (Europe) (En,Fr,De,Es,It)",CGB-BDNP-EUR,22,DMG-A08-01,A,6,June/2000,2000,June,,ROM,MX23C1603-12A,S003419-M MX23C1603-12A CGB-BDNP-0 G2 2C892700,Macronix,Week 34/2000,2000,,34,Mapper,MBC5,07AT95T MBC5 2417,Texas Instruments,July/2000,2000,July,,RAM,W2465S-70LL,Winbond W2465S-70LL 024WD20110860-II1RA,Winbond,Week 24/2000,2000,,24,Supervisor & Reset,BA6735,6735 0736,ROHM,July/2000,2000,July,,,,,,,,,,,,,,,,,,,,,,,,,,,,,,,,,,CR1616,00-07,,July/2000,2000,July,,,,,
CGB-BDQP-0,Entry #1,issotm-1,https://gbhwdb.gekkio.fi/cartridges/CGB-BDQP-0/issotm-1.html,ISSOtm,"Tiny Toon Adventures - Dizzy's Candy Quest (Europe) (En,Fr,De,Es,It,Nl)",CGB-BDQP-EUR,,DMG-A07-01,MB,6,May/2001,2001,May,,ROM,MSM538011E,CGB-BDQP-0 F1 M538011E-6R 1235409,OKI,Week 23/2001,2001,,23,Mapper,MBC5,11CH8VT MBC5 2417,Texas Instruments,January/2001,2001,January,,,,,,,,,,,,,,,,,,,,,,,,,,,,,,,,,,,,,,,,,,,,,,,,,,,,,,,,,,,,
CGB-BDSP-0,Entry #1,gekkio-1,https://gbhwdb.gekkio.fi/cartridges/CGB-BDSP-0/gekkio-1.html,gekkio,"Dinosaur'us (Europe) (En,Fr,De,Es,It,Nl)",CGB-BDSP-EUR,01,DMG-A06-01,K,1,November/2000,2000,November,,ROM,MSM538011E,CGB-BDSP-0 F1 M538011E-9E 0535402,OKI,Week 53/2000,2000,,53,Mapper,MBC5,08DFK4T MBC5 2417,Texas Instruments,August/2000,2000,August,,RAM,LH5164AN-10L,LH5164AN-10L SHARP A0027 1 CB,Sharp,Week 27/2000,2000,,27,Supervisor & Reset,MM1134A,047 134A,Mitsumi,Week 47/2000,2000,,47,,,,,,,,,,,,,,,,,,,,,,,,,,,,,,,,,CR1616,00-08,Sony,August/2000,2000,August,,,,,fafb25d3ce6a296060c234e93b9496ac3a8beee3f11b2d7a8bac2f79a2c0c9cc
CGB-BEBP-0,Entry #1,ikk5-1,https://gbhwdb.gekkio.fi/cartridges/CGB-BEBP-0/ikk5-1.html,ikk5,"Extreme Ghostbusters (Europe) (En,Fr,De,Es,It,Pt)",CGB-BEBP-EUR,20,DMG-A07-01,MB,4,September/2001,2001,September,,ROM,MSM538011E,CGB-BEBP-0 F1 M538011E-AK 1425421,OKI,Week 42/2001,2001,,42,Mapper,MBC5,1AC7FJT MBC5 2417,Texas Instruments,October/2001,2001,October,,,,,,,,,,,,,,,,,,,,,,,,,,,,,,,,,,,,,,,,,,,,,,,,,,,,,,,,,,,,
CGB-BECP-0,Entry #1,ikk5-1,https://gbhwdb.gekkio.fi/cartridges/CGB-BECP-0/ikk5-1.html,ikk5,"ECW Hardcore Revolution (USA, Europe)",CGB-BECP-EUR,20,DMG-A07-01,MB,3,December/1999,1999,December,,ROM,,CGB-BECP-0 S LH538WKD JAPAN F1 0007 D,Sharp,Week 7/2000,2000,,7,Mapper,MBC5,MBC5 P-1 002U5M,Panasonic,Week 2/2000,2000,,2,,,,,,,,,,,,,,,,,,,,,,,,,,,,,,,,,,,,,,,,,,,,,,,,,,,,,,,,,,,
CGB-BENP-0,Entry #1,ikk5-1,https://gbhwdb.gekkio.fi/cartridges/CGB-BENP-0/ikk5-1.html,ikk5,"Emperor's New Groove, The (Europe) (En,Fr,De,Es,It)",CGB-BENP-EUR,20,DMG-A08-10,K,3,January/2001,2001,January,,ROM,MX23C1603-12A,M010604-M MX23C1603-12A CGB-BENP-0 G2 1C7456A1,Macronix,Week 6/2001,2001,,6,Mapper,MBC5,0CCTKFT MBC5 2417,Texas Instruments,December/2000,2000,December,,RAM,LH5164AN-10L,LH5164AN-10L SHARP A0045 3 CB,Sharp,Week 45/2000,2000,,45,Supervisor & Reset,BA6735,6735 0C63,ROHM,December/2000,2000,December,,,,,,,,,,,,,,,,,,,,,,,,,,,,,,,,,,CR1616,,,,,,,,,,
CGB-BESP-0,Entry #1,ikk5-1,https://gbhwdb.gekkio.fi/cartridges/CGB-BESP-0/ikk5-1.html,ikk5,"Extreme Sports with the Berenstain Bears (USA, Europe) (En,Fr,De,Es,It)",CGB-BESP-EUR,01,DMG-A07-01,I,4,November/2000,2000,November,,ROM,MSM538011E,CGB-BESP-0 F1 M538011E-2F 0535412,OKI,Week 53/2000,2000,,53,Mapper,MBC5,MBC5 P 047U7M,Panasonic,Week 47/2000,2000,,47,,,,,,,,,,,,,,,,,,,,,,,,,,,,,,,,,,,,,,,,,,,,,,,,,,,,,,,,,,,
CGB-BFSP-0,Entry #1,ikk5-1,https://gbhwdb.gekkio.fi/cartridges/CGB-BFSP-0/ikk5-1.html,ikk5,"Flintstones, The - Burgertime in Bedrock (Europe) (En,Fr,De,Es,It)",CGB-BFSP-EUR,00,DMG-A07-01,Y,6,September/2000,2000,September,,ROM,MSM538011E,CGB-BFSP-0 F1 M538011E-W3 0405422,OKI,Week 40/2000,2000,,40,Mapper,MBC5,MBC5 P-1 036U2M,Panasonic,Week 36/2000,2000,,36,,,,,,,,,,,,,,,,,,,,,,,,,,,,,,,,,,,,,,,,,,,,,,,,,,,,,,,,,,,
CGB-BFUP-0,Entry #1,gekkio-1,https://gbhwdb.gekkio.fi/cartridges/CGB-BFUP-0/gekkio-1.html,gekkio,"Shrek - Fairy Tale Freakdown (USA, Europe) (En,Fr,De,Es,It)",CGB-BFUP-EUR,20,DMG-A09-10,A,2,April/2001,2001,April,,ROM,MX23C1603-12A,E013104-M MX23C1603-12A CGB-BFUP-0 G2 1D2907A1B1,Macronix,Week 31/2001,2001,,31,Mapper,MBC5,13A0V9T MBC5 2417,Texas Instruments,March/2001,2001,March,,,,,,,,,,,,,,,,,,,,,,,,,,,,,,,,,,,,,,,,,,,,,,,,,,,,,,,,,,,,6a4f67f84d3ddd43385aacacdedc38aa58d091912465bf6a5f6b6278a4f3247b
CGB-BFUP-0,Entry #1,ikk5-1,https://gbhwdb.gekkio.fi/cartridges/CGB-BFUP-0/ikk5-1.html,ikk5,"Shrek - Fairy Tale Freakdown (USA, Europe) (En,Fr,De,Es,It)",CGB-BFUP-EUR,11,DMG-A09-10,A,5,April/2001,2001,April,,ROM,MX23C1603-12A,S012104-M MX23C1603-12A CGB-BFUP-0 G2 1D1810A1,Macronix,Week 21/2001,2001,,21,Mapper,MBC5,MBC5 P-2 102U5M,Panasonic,Week 2/2001,2001,,2,,,,,,,,,,,,,,,,,,,,,,,,,,,,,,,,,,,,,,,,,,,,,,,,,,,,,,,,,,,
CGB-BFUP-0,Entry #1,irfon-jones-1,https://gbhwdb.gekkio.fi/cartridges/CGB-BFUP-0/irfon-jones-1.html,Irfon Jones,"Shrek - Fairy Tale Freakdown (USA, Europe) (En,Fr,De,Es,It)",CGB-BFUP-EUR,08,DMG-A09-10,I,2,September/2001,2001,September,,ROM,MX23C1603-12A,S013904-M MX23C1603-12A CGB-BFUP-0 G2 1D2381A1,Macronix,Week 39/2001,2001,,39,Mapper,MBC5,1AAJLHT MBC5 2417,Texas Instruments,October/2001,2001,October,,,,,,,,,,,,,,,,,,,,,,,,,,,,,,,,,,,,,,,,,,,,,,,,,,,,,,,,,,,,
CGB-BFVJ-1,Entry #1,gekkio-1,https://gbhwdb.gekkio.fi/cartridges/CGB-BFVJ-1/gekkio-1.html,gekkio,Monster Traveler (Japan) (Rev 1),CGB-BFVJ-JPN,15A,DMG-A08-10,I,1,January/2002,2002,January,,ROM,MX23C3203-12A2,M020723-M MX23C3203-12A2 CGB-BFVJ-1 H2 2E037500B0,Macronix,Week 7/2002,2002,,7,Mapper,MBC5,MBC5 BU3650K 150 H82,ROHM,Week 50/2001,2001,,50,RAM,W2465S-70LL,Winbond W2465S-70LL 204SD21492550-II1RA,Winbond,Week 4/2002,2002,,4,Supervisor & Reset,BA6735,6735 1A78,ROHM,October/2001,2001,October,,,,,,,,,,,,,,,,,,,,,,,,,,,,,,,,,,CR1616,01-11,,November/2001,2001,November,,,,,5e567dcde1aa5e5e1fb61e9a614b9ca5fdd0c7748993c3687ae78f8eb7216ce9
CGB-BGFP-0,Entry #1,ikk5-1,https://gbhwdb.gekkio.fi/cartridges/CGB-BGFP-0/ikk5-1.html,ikk5,Gift (Europe),CGB-BGFP-EUR,09,DMG-A07-01,MB,4,October/2000,2000,October,,ROM,MX23C8005-12,C004549-M MX23C8005-12 CGB-BGFP-0 F1 1C3693A1,Macronix,Week 45/2000,2000,,45,Mapper,MBC5,MBC5 P 043U4M,Panasonic,Week 43/2000,2000,,43,,,,,,,,,,,,,,,,,,,,,,,,,,,,,,,,,,,,,,,,,,,,,,,,,,,,,,,,,,,
CGB-BGLJ-0,Entry #1,gekkio-1,https://gbhwdb.gekkio.fi/cartridges/CGB-BGLJ-0/gekkio-1.html,gekkio,Super Gals! Kotobuki Ran (Japan),CGB-BGLJ-JPN,07,DMG-A14-10,I,3,April/2001,2001,April,,ROM,MX23C3203-12A2,M012623-M MX23C3203-12A2 CGB-BGLJ-0 H2 2D839200,Macronix,Week 26/2001,2001,,26,Mapper,MBC5,MBC5 P-2 104U4M,Panasonic,Week 4/2001,2001,,4,RAM,HY628100BLLG-70,HYUNDAI KOREA HY628100B 0041A LLG-70,Hyundai,Week 41/2000,2000,,41,Supervisor & Reset,MM1134A,112 134A,Mitsumi,Week 12/2001,2001,,12,,,,,,,,,,,,,,,,,,,,,,,,,,,,,,,,,CR2025,01-06,Maxell,June/2001,2001,June,,,,,50a02181ad93f70427479a90e5206884d8ff48426f2b472877a78e46461f5ba5
CGB-BGUJ-0,Entry #1,marcao-cfh-1,https://gbhwdb.gekkio.fi/cartridges/CGB-BGUJ-0/marcao-cfh-1.html,marcao_cfh,Super Gals! Kotobuki Ran 2 - Miracle Getting (Japan),CGB-BGUJ-JPN,,DMG-A08-10,CM,5,December/2001,2001,December,,ROM,MX23C3203-12A2,M020123-M MX23C3203-12A2 CGB-BGUJ-0 H2 2D758900,Macronix,Week 1/2002,2002,,1,Mapper,MBC5,MBC-5 BU3650K 147 H02,ROHM,Week 47/2001,2001,,47,RAM,W2465S-70LL,Winbond W2465S-70LL 145WD21373450-II1RA,Winbond,Week 45/2001,2001,,45,Supervisor & Reset,BA6735,6735 1B00,ROHM,November/2001,2001,November,,,,,,,,,,,,,,,,,,,,,,,,,,,,,,,,,,CR1616,01-10,,October/2001,2001,October,,,,,
CGB-BH2E-1,Entry #1,ben-black-1,https://gbhwdb.gekkio.fi/cartridges/CGB-BH2E-1/ben-black-1.html,Ben Black,Frogger 2 (USA) (Rev 1),CGB-BH2E-USA,11,DMG-A06-01,MB,6,November/2000,2000,November,,ROM,MX23C8005-12,C005149-M MX23C8005-12 CGB-BH2E-1 F1 1C3786A1,Macronix,Week 51/2000,2000,,51,Mapper,MBC5,MBC-5 BU3650K 049 186,ROHM,Week 49/2000,2000,,49,RAM,LH5164AN-10L,LH5164AN-10L SHARP A0020 7 CB,Sharp,Week 20/2000,2000,,20,Supervisor & Reset,BA6735,6735 0B03,ROHM,November/2000,2000,November,,,,,,,,,,,,,,,,,,,,,,,,,,,,,,,,,,CR1616,,,,,,,,,,
CGB-BH6P-0,Entry #1,3615retro-1,https://gbhwdb.gekkio.fi/cartridges/CGB-BH6P-0/3615retro-1.html,3615Retro,"Harry Potter and the Chamber of Secrets (USA, Europe) (En,Fr,De,Es,It,Nl,Pt,Sv,Da)",CGB-BH6P-EUR,01,DMG-A08-10,I,6,November/2002,2002,November,,ROM,MX23C3203-12A2,S024923-M MX23C3203-12A2 CGB-BH6P-0 H2 2G523101B0,Macronix,Week 49/2002,2002,,49,Mapper,MBC5,MBC-5 BU3650K 242 H89,ROHM,Week 42/2002,2002,,42,RAM,BR6265BF-10SL,BR6265BF-10SL 243 121N,ROHM,Week 43/2002,2002,,43,Supervisor & Reset,MM1134A,236 134A,Mitsumi,Week 36/2002,2002,,36,,,,,,,,,,,,,,,,,,,,,,,,,,,,,,,,,CR1616,,,,,,,136e9d0c,bc60280596bce42d050b764b647dc39b,e3b9b22e3e528efc41e5b57fc9b3dcfa75dcd443,2788df60fc6373bdf7c9fa241a4409da14726f23017953adc1121bb90ad6b99a
CGB-BH6P-0,Entry #1,granmastro-1,https://gbhwdb.gekkio.fi/cartridges/CGB-BH6P-0/granmastro-1.html,Granmastro,"Harry Potter and the Chamber of Secrets (USA, Europe) (En,Fr,De,Es,It,Nl,Pt,Sv,Da)",CGB-BH6P-EUR,,DMG-Z03-10,I,3,September/2002,2002,September,,ROM,MX23C3203-12A2,E024123-M MX23C3203-12A2 CGB-BH6P-0 H2 2D860700,Macronix,Week 41/2002,2002,,41,Mapper,MBC5,MBC-5 BU3650K 237 H67,ROHM,Week 37/2002,2002,,37,RAM,HY62WT081ED70C,hynix 0241A HY62WT081ED70C KOREA,Hynix,Week 41/2002,2002,,41,Supervisor & Reset,BA6735,6735 2988,ROHM,September/2002,2002,September,,,,,,,,,,,,,,,,,,,,,,,,,,,,,,,,,,CR1616,02-10,,October/2002,2002,October,,,,,
CGB-BH6P-0,Entry #1,ikk5-1,https://gbhwdb.gekkio.fi/cartridges/CGB-BH6P-0/ikk5-1.html,ikk5,"Harry Potter and the Chamber of Secrets (USA, Europe) (En,Fr,De,Es,It,Nl,Pt,Sv,Da)",CGB-BH6P-EUR,22,DMG-Z03-10,I,2,October/2002,2002,October,,ROM,MX23C3203-12A2,S024123-M MX23C3203-12A2 CGB-BH6P-0 H2 2G460300,Macronix,Week 41/2002,2002,,41,Mapper,MBC5,MBC-5 BU3650K 238 H68,ROHM,Week 38/2002,2002,,38,RAM,BS62LV256SC-70,BSI BS62LV256SC-70 S2828W12104.1N F0240 TAIWAN,BSI,Week 40/2002,2002,,40,Supervisor & Reset,BA6735,6735 2957,ROHM,September/2002,2002,September,,,,,,,,,,,,,,,,,,,,,,,,,,,,,,,,,,CR1616,02-09,,September/2002,2002,September,,,,,
CGB-BH6P-0,Entry #1,kurodo-1,https://gbhwdb.gekkio.fi/cartridges/CGB-BH6P-0/kurodo-1.html,Kurodo,"Harry Potter and the Chamber of Secrets (USA, Europe) (En,Fr,De,Es,It,Nl,Pt,Sv,Da)",CGB-BH6P-EUR,11,DMG-Z03-10,I,6,October/2002,2002,October,,ROM,MX23C3203-12A2,S024123-M MX23C3203-12A2 CGB-BH6P-0 H2 2G464700,Macronix,Week 41/2002,2002,,41,Mapper,MBC5,2AAJ96T MBC5 2417,Texas Instruments,October/2002,2002,October,,RAM,BS62LV256SC-70,BSI BS62LV256SC-70 S2828W12079.1N D0240 TAIWAN,BSI,Week 40/2002,2002,,40,Supervisor & Reset,MM1134A,234 134A,Mitsumi,Week 34/2002,2002,,34,,,,,,,,,,,,,,,,,,,,,,,,,,,,,,,,,CR1616,,,,,,,,,,
CGB-BH6P-0,Entry #1,mattcurrie-1,https://gbhwdb.gekkio.fi/cartridges/CGB-BH6P-0/mattcurrie-1.html,mattcurrie,"Harry Potter and the Chamber of Secrets (USA, Europe) (En,Fr,De,Es,It,Nl,Pt,Sv,Da)",CGB-BH6P-EUR,22,DMG-A08-10,I,5,October/2002,2002,October,,ROM,MX23C3203-12A2,M024123-M MX23C3203-12A2 CGB-BH6P-0 H2 2G460400,Macronix,Week 41/2002,2002,,41,Mapper,MBC5,MBC-5 BU3650K 239 H76,ROHM,Week 39/2002,2002,,39,RAM,BR6265BF-10SL,BR6265BF-10SL 238 113N,ROHM,Week 38/2002,2002,,38,Supervisor & Reset,BA6735,6735 2957,ROHM,September/2002,2002,September,,,,,,,,,,,,,,,,,,,,,,,,,,,,,,,,,,CR1616,,,,,,,,,,
CGB-BHFE-0,Entry #1,mattcurrie-1,https://gbhwdb.gekkio.fi/cartridges/CGB-BHFE-0/mattcurrie-1.html,mattcurrie,"Mary-Kate and Ashley - Winners Circle (USA, Europe)",CGB-BHFE-USA,11,DMG-A07-01,A,6,November/2000,2000,November,,ROM,MX23C8005-12,C010649-M MX23C8005-12 CGB-BHFE-0 F1 1C5450LB,Macronix,Week 6/2001,2001,,6,Mapper,MBC5,11CE66T MBC5 2417,Texas Instruments,January/2001,2001,January,,,,,,,,,,,,,,,,,,,,,,,,,,,,,,,,,,,,,,,,,,,,,,,,,,,,,,,,,,,,
CGB-BHMJ-0,Entry #1,gekkio-1,https://gbhwdb.gekkio.fi/cartridges/CGB-BHMJ-0/gekkio-1.html,gekkio,Hamster Paradise 2 (Japan),CGB-BHMJ-JPN,00,DMG-A08-01,K,3,February/2000,2000,February,,ROM,KM23C16120DT,SEC KM23C16120DT CGB-BHMJ-0 G2 K3N5C317GD,Samsung,,,,,Mapper,MBC5,MBC5 LZ9GB31 9945 A,Sharp,Week 45/1999,1999,,45,RAM,LC3564BM-70,SANYO LC3564BM-70 JAPAN 9MUBG,Sanyo,December/1999,1999,December,,Supervisor & Reset,MM1134A,004 134A,Mitsumi,Week 4/2000,2000,,4,,,,,,,,,,,,,,,,,,,,,,,,,,,,,,,,,CR1616,00-01,Maxell,January/2000,2000,January,,,,,aa00671d2803d3ef56533577f1d4609572da3cd0c52061ff7262baeb3a060fb1
CGB-BHQP-0,Entry #1,ikk5-1,https://gbhwdb.gekkio.fi/cartridges/CGB-BHQP-0/ikk5-1.html,ikk5,"Hype - The Time Quest (Europe) (En,Fr,De,Es,It,Nl,Sv,Da)",CGB-BHQP-EUR,01,DMG-A07-01,Y,6,June/2000,2000,June,,ROM,MSM538011E,CGB-BHQP-0 F1 M538011E-R3 0322403,OKI,Week 32/2000,2000,,32,Mapper,MBC5,MBC5 P-1 024U4M,Panasonic,Week 24/2000,2000,,24,,,,,,,,,,,,,,,,,,,,,,,,,,,,,,,,,,,,,,,,,,,,,,,,,,,,,,,,,,,
CGB-BHTJ-1,Entry #1,gekkio-1,https://gbhwdb.gekkio.fi/cartridges/CGB-BHTJ-1/gekkio-1.html,gekkio,Tottoko Hamutarou - Tomodachi Daisakusen Dechu (Japan) (Rev 1),CGB-BHTJ-JPN,00A,DMG-KFDN-10,K,5,October/2000,2000,October,,ROM,MX23C8005-12,C004549-M MX23C8005-12 CGB-BHTJ-1 F1 1C4215A1,Macronix,Week 45/2000,2000,,45,Mapper,MBC3B,MBC-3 B BU3634K 042 H88,ROHM,Week 42/2000,2000,,42,RAM,LH52256CN-10LL,LH52256CN-10LL SHARP JAPAN 0041 3 SO,Sharp,Week 41/2000,2000,,41,Supervisor & Reset,MM1134A,041 134A,Mitsumi,Week 41/2000,2000,,41,,,,,,,,,,,,,,,,,,,,,,,,,Crystal,32.768 kHz,32K0X,,2000,2000,,,CR2025,00-01,,January/2000,2000,January,,,,,6f986ed280df86cdd7b01702b64113847c0288708dad2602b06841234c5dfe14
CGB-BHVE-0,Entry #1,lance-kindle-1,https://gbhwdb.gekkio.fi/cartridges/CGB-BHVE-0/lance-kindle-1.html,Lance Kindle,"Harry Potter and the Sorcerer's Stone (USA, Europe) (En,Fr,De,Es,It,Nl,Pt,Sv,No,Da,Fi)",,,DMG-A08-10,A,3,October/2001,2001,October,,ROM,MX23C3203-12A2,M014723-M MX23C3203-12A2 CGB-BHVE-0 H2 2D684000,Macronix,Week 47/2001,2001,,47,Mapper,MBC5,1ACX4XT MBC5 2417,Texas Instruments,October/2001,2001,October,,RAM,W2465S-70LL,Winbond W2465S-70LL 140SD21331480-II1RA,Winbond,Week 40/2001,2001,,40,Supervisor & Reset,MM1134A,145 134A,Mitsumi,Week 45/2001,2001,,45,,,,,,,,,,,,,,,,,,,,,,,,,,,,,,,,,CR1616,,,,,,,,,,
CGB-BHVP-0,Entry #1,granmastro-1,https://gbhwdb.gekkio.fi/cartridges/CGB-BHVP-0/granmastro-1.html,Granmastro,"Harry Potter and the Sorcerer's Stone (USA, Europe) (En,Fr,De,Es,It,Nl,Pt,Sv,No,Da,Fi)",CGB-BHVP-EUR,12,DMG-A08-10,CM,2,November/2001,2001,November,,ROM,MX23C3203-12A2,M015123-M MX23C3203-12A2 CGB-BHVP-0 H2 2D707500,Macronix,Week 51/2001,2001,,51,Mapper,MBC5,MBC-5 BU3650K 149 H81,ROHM,Week 49/2001,2001,,49,RAM,W2465S-70LL,Winbond W2465S-70LL 145AD21373440-811RA,Winbond,Week 45/2001,2001,,45,Supervisor & Reset,MM1134A,145 134A,Mitsumi,Week 45/2001,2001,,45,,,,,,,,,,,,,,,,,,,,,,,,,,,,,,,,,CR1616,01-11,,November/2001,2001,November,,,,,
CGB-BIBD-0,Entry #1,ikk5-1,https://gbhwdb.gekkio.fi/cartridges/CGB-BIBD-0/ikk5-1.html,ikk5,Bibi Blocksberg - Im Bann der Hexenkugel (Germany),CGB-BIBD-NOE,22,DMG-A07-01,Y,5,October/2001,2001,October,,ROM,MSM538011E,CGB-BIBD-0 F1 M538011E-9M 1515404,OKI,Week 51/2001,2001,,51,Mapper,MBC5,MBC5 P-2 143U6M,Panasonic,Week 43/2001,2001,,43,,,,,,,,,,,,,,,,,,,,,,,,,,,,,,,,,,,,,,,,,,,,,,,,,,,,,,,,,,,
CGB-BIKP-0,Entry #1,ikk5-1,https://gbhwdb.gekkio.fi/cartridges/CGB-BIKP-0/ikk5-1.html,ikk5,International Karate 2000 (Europe),CGB-BIKP-EUR,20,DMG-A18-01,I,3,October/2000,2000,October,,ROM,MX23C1605-12A,C004119-M MX23C1605-12A CGB-BIKP-0 G1 2D254000,Macronix,Week 41/2000,2000,,41,Mapper,MBC5,09A8XDT MBC5 2417,Texas Instruments,September/2000,2000,September,,,,,,,,,,,,,,,,,,,,,,,,,,,,,,,,,,,,,,,,,,,,,,,,,,,,,,,,,,,,
CGB-BIOP-0,Entry #1,ikk5-1,https://gbhwdb.gekkio.fi/cartridges/CGB-BIOP-0/ikk5-1.html,ikk5,"Resident Evil Gaiden (Europe) (En,Fr,De,Es,It)",CGB-BIOP-EUR,15,DMG-A08-10,CM,5,September/2001,2001,September,,ROM,MR531614G,CGB-BIOP-0 G2 R531614G-80 1452422,OKI,Week 45/2001,2001,,45,Mapper,MBC5,MBC5 P-2 142U2M,Panasonic,Week 42/2001,2001,,42,RAM,BR6265BF-10SL,BR6265BF-10SL 138 116N,ROHM,Week 38/2001,2001,,38,Supervisor & Reset,BA6735,6735 1A77,ROHM,October/2001,2001,October,,,,,,,,,,,,,,,,,,,,,,,,,,,,,,,,,,CR1616,01-10,,October/2001,2001,October,,,,,
CGB-BISP-0,Entry #1,ikk5-1,https://gbhwdb.gekkio.fi/cartridges/CGB-BISP-0/ikk5-1.html,ikk5,"Rainbow Islands (Europe) (En,Fr,De,Es,It)",CGB-BISP-EUR,09,DMG-A07-01,MB,3,February/2001,2001,February,,ROM,MX23C8005-12,C011049-M MX23C8005-12 CGB-BISP-0 F1 1C9061A1,Macronix,Week 10/2001,2001,,10,Mapper,MBC5,11A0C1T MBC5 2417,Texas Instruments,January/2001,2001,January,,,,,,,,,,,,,,,,,,,,,,,,,,,,,,,,,,,,,,,,,,,,,,,,,,,,,,,,,,,,
CGB-BJGP-0,Entry #1,ikk5-1,https://gbhwdb.gekkio.fi/cartridges/CGB-BJGP-0/ikk5-1.html,ikk5,"Jungle Book, The - Mowgli's Wild Adventure (Europe) (En,Fr,De,Es,It)",CGB-BJGP-EUR-1,20,DMG-A09-10,I,5,September/2003,2003,September,,ROM,MX23C3203-12A2,M033823-M MX23C3203-12A2 CGB-BJGP-0 H2 2G455903,Macronix,Week 38/2003,2003,,38,Mapper,MBC5,MBC-5 BU3650K 245 H70,ROHM,Week 45/2002,2002,,45,,,,,,,,,,,,,,,,,,,,,,,,,,,,,,,,,,,,,,,,,,,,,,,,,,,,,,,,,,,
CGB-BJIP-0,Entry #1,ikk5-1,https://gbhwdb.gekkio.fi/cartridges/CGB-BJIP-0/ikk5-1.html,ikk5,"Stuart Little - The Journey Home (USA, Europe)",CGB-BJIP-UKV,22,DMG-A07-01,Y,3,July/2001,2001,July,,ROM,MSM538011E,CGB-BJIP-0 F1 M538011E-7T 1315402,OKI,Week 31/2001,2001,,31,Mapper,MBC5,13CF8DT MBC5 2417,Texas Instruments,March/2001,2001,March,,,,,,,,,,,,,,,,,,,,,,,,,,,,,,,,,,,,,,,,,,,,,,,,,,,,,,,,,,,,
CGB-BJJE-0,Entry #1,ben-black-1,https://gbhwdb.gekkio.fi/cartridges/CGB-BJJE-0/ben-black-1.html,Ben Black,"Powerpuff Girls, The - Bad Mojo Jojo (USA)",CGB-BJJE-USA-1,00,DMG-A08-10,I,4,November/2000,2000,November,,ROM,MX23C1603-12A,S005219-M MX23C1603-12A CGB-BJJE-0 G2 2D498100,Macronix,Week 52/2000,2000,,52,Mapper,MBC5,0CA7R9T MBC5 2417,Texas Instruments,December/2000,2000,December,,RAM,BR6265BF-10SL,BR6265BF-10SL 050 168N,ROHM,Week 50/2000,2000,,50,Supervisor & Reset,MM1134A,047 134A,Mitsumi,Week 47/2000,2000,,47,,,,,,,,,,,,,,,,,,,,,,,,,,,,,,,,,CR1616,,,,,,,,,,
CGB-BJJP-0,Entry #1,ikk5-1,https://gbhwdb.gekkio.fi/cartridges/CGB-BJJP-0/ikk5-1.html,ikk5,"Powerpuff Girls, The - Bad Mojo Jojo (Europe) (BJJP)",CGB-BJJP-UKV,22,DMG-A08-10,K,6,May/2001,2001,May,,ROM,MX23C1603-12A,M012304-M MX23C1603-12A CGB-BJJP-0 G2 1D2356A1,Macronix,Week 23/2001,2001,,23,Mapper,MBC5,13CK3LT MBC5 2417,Texas Instruments,March/2001,2001,March,,RAM,W2465S-70LL,Winbond W2465S-70LL 115AD20494180-111RA,Winbond,Week 15/2001,2001,,15,Supervisor & Reset,MM1134A,112 134A,Mitsumi,Week 12/2001,2001,,12,,,,,,,,,,,,,,,,,,,,,,,,,,,,,,,,,CR1616,01-05,,May/2001,2001,May,,,,,
CGB-BJWP-0,Entry #1,ikk5-1,https://gbhwdb.gekkio.fi/cartridges/CGB-BJWP-0/ikk5-1.html,ikk5,Jimmy White's Cueball (Europe),CGB-BJWP-EUR,00,DMG-A07-01,MB,4,October/2000,2000,October,,ROM,MSM538011E,CGB-BJWP-0 F1 M538011E-4D 0475408,OKI,Week 47/2000,2000,,47,Mapper,MBC5,MBC5 P 042U2M,Panasonic,Week 42/2000,2000,,42,,,,,,,,,,,,,,,,,,,,,,,,,,,,,,,,,,,,,,,,,,,,,,,,,,,,,,,,,,,
CGB-BJWP-0,Entry #1,issotm-1,https://gbhwdb.gekkio.fi/cartridges/CGB-BJWP-0/issotm-1.html,ISSOtm,Jimmy White's Cueball (Europe),CGB-BJWP-EUR,00,DMG-A07-01,MB,4,October/2000,2000,October,,ROM,MSM538011E,CGB-BJWP-0 F1 M538011E-4D 0475416,OKI,Week 47/2000,2000,,47,Mapper,MBC5,MBC5 P 041U7M,Panasonic,Week 41/2000,2000,,41,,,,,,,,,,,,,,,,,,,,,,,,,,,,,,,,,,,,,,,,,,,,,,,,,,,,,,,,,,,
CGB-BJWP-0,Entry #2,issotm-2,https://gbhwdb.gekkio.fi/cartridges/CGB-BJWP-0/issotm-2.html,ISSOtm,Jimmy White's Cueball (Europe),CGB-BJWP-EUR,00,DMG-A07-01,MB,3,October/2000,2000,October,,ROM,MSM538011E,CGB-BJWP-0 F1 M538011E-4D 0475408,OKI,Week 47/2000,2000,,47,Mapper,MBC5,MBC5 P 042U4M,Panasonic,Week 42/2000,2000,,42,,,,,,,,,,,,,,,,,,,,,,,,,,,,,,,,,,,,,,,,,,,,,,,,,,,,,,,,,,,
CGB-BKIP-0,Entry #1,ikk5-1,https://gbhwdb.gekkio.fi/cartridges/CGB-BKIP-0/ikk5-1.html,ikk5,"Shelly Club (Europe) (En,Fr,De,Es,It)",CGB-BKIP-EUR,22,DMG-A07-01,I,5,October/2001,2001,October,,ROM,MX23C8005-12,C014549-M MX23C8005-12 CGB-BKIP-0 F1 1D6845A2,Macronix,Week 45/2001,2001,,45,Mapper,MBC5,MBC-5 BU3650K 142 H46,ROHM,Week 42/2001,2001,,42,,,,,,,,,,,,,,,,,,,,,,,,,,,,,,,,,,,,,,,,,,,,,,,,,,,,,,,,,,,
CGB-BLBP-0,Entry #1,ikk5-1,https://gbhwdb.gekkio.fi/cartridges/CGB-BLBP-0/ikk5-1.html,ikk5,"Land Before Time, The (Europe) (En,Fr,De,Es,It)",CGB-BLBP-EUR,20,DMG-A07-01,K,3,April/2001,2001,April,,ROM,MX23C8005-12,C012049-M MX23C8005-12 CGB-BLBP-0 F1 1D0981A1,Macronix,Week 20/2001,2001,,20,Mapper,MBC5,12CXTRT MBC5 2417,Texas Instruments,February/2001,2001,February,,,,,,,,,,,,,,,,,,,,,,,,,,,,,,,,,,,,,,,,,,,,,,,,,,,,,,,,,,,,
CGB-BLKP-0,Entry #1,ikk5-1,https://gbhwdb.gekkio.fi/cartridges/CGB-BLKP-0/ikk5-1.html,ikk5,"Lion King, The - Simba's Mighty Adventure (USA, Europe)",CGB-BLKP-UKV,41,DMG-A07-01,I,2,November/2000,2000,November,,ROM,MSM538011E,CGB-BLKP-0 F1 M538011E-1E 0495401,OKI,Week 49/2000,2000,,49,Mapper,MBC5,0ADXVNT MBC5 2417,Texas Instruments,October/2000,2000,October,,,,,,,,,,,,,,,,,,,,,,,,,,,,,,,,,,,,,,,,,,,,,,,,,,,,,,,,,,,,
CGB-BLPP-0,Entry #1,3615retro-1,https://gbhwdb.gekkio.fi/cartridges/CGB-BLPP-0/3615retro-1.html,3615Retro,"LEGO Alpha Team (Europe) (En,Fr,De,Es,It,Nl,Pt,Sv,No,Da)",CGB-BLPP-EUU,20,DMG-Z02-01,I,1,September/2000,2000,September,,ROM,MX23C8005-12,S004149-M MX23C8005-12 CGB-BLPP-0 F1 1C3096A1,Macronix,Week 41/2000,2000,,41,Mapper,MBC5,MBC-5 BU3650K 039 H74,ROHM,Week 39/2000,2000,,39,RAM,LH52256CN-10LL,LH52256CN-10LL SHARP JAPAN 0038 5 LO,Sharp,Week 38/2000,2000,,38,Supervisor & Reset,MM1134A,036 134A,Mitsumi,Week 36/2000,2000,,36,,,,,,,,,,,,,,,,,,,,,,,,,,,,,,,,,CR1616,,,,,,,690c0373,e041a65713ac7070c9d16cb6501e1a6e,4bd3bf401e861fe9991a58b523622c68138274e6,df5f4ddd5c74851c9e02edc2b1de247db9f8978752b09cbfdd3da4a75057e811
CGB-BLQP-0,Entry #1,ikk5-1,https://gbhwdb.gekkio.fi/cartridges/CGB-BLQP-0/ikk5-1.html,ikk5,"Looney Tunes Racing (Europe) (En,Fr,De,Es,It,Nl)",CGB-BLQP-FAH,08,DMG-A06-01,NC,4,April/2001,2001,April,,ROM,MX23C8005-12,J011749-M MX23C8005-12 CGB-BLQP-0 F1 1C9633A1,Macronix,Week 17/2001,2001,,17,Mapper,MBC5,MBC5 P-2 052U2M,Panasonic,Week 52/2000,2000,,52,RAM,BR6265BF-10SL,BR6265BF-10SL 118 140N,ROHM,Week 18/2001,2001,,18,Supervisor & Reset,BA6735,6735 1324,ROHM,March/2001,2001,March,,,,,,,,,,,,,,,,,,,,,,,,,,,,,,,,,,CR1616,00-12,,December/2000,2000,December,,,,,
CGB-BLRP-0,Entry #1,ikk5-1,https://gbhwdb.gekkio.fi/cartridges/CGB-BLRP-0/ikk5-1.html,ikk5,"LEGO Racers (Europe) (En,Fr,De,Es,It,Nl,Pt,Sv,No,Da)",CGB-BLRP-EUR,22,DMG-A06-01,MB,1,November/2000,2000,November,,ROM,MX23C8005-12,S004549-M MX23C8005-12 CGB-BLRP-0 F1 1C3429A1,Macronix,Week 45/2000,2000,,45,Mapper,MBC5,MBC5 P 044U1M,Panasonic,Week 44/2000,2000,,44,RAM,LH5164AN-10L,LH5164AN-10L SHARP A0031 3 CB,Sharp,Week 31/2000,2000,,31,Supervisor & Reset,MM1134A,038 134A,Mitsumi,Week 38/2000,2000,,38,,,,,,,,,,,,,,,,,,,,,,,,,,,,,,,,,CR1616,00-10,,October/2000,2000,October,,,,,
CGB-BLYP-0,Entry #1,max-m-1,https://gbhwdb.gekkio.fi/cartridges/CGB-BLYP-0/max-m-1.html,max-m,"LEGO Stunt Rally (Europe) (En,Fr,De,Es,It,Nl,Pt,Sv,No,Da)",CGB-BLYP-EUR,22,DMG-A06-01,I,2,September/2000,2000,September,,ROM,MSM538011E,CGB-BLYP-0 F1 M538011E-8D 0475428,OKI,Week 47/2000,2000,,47,Mapper,MBC5,MBC-5 BU3650K 045 H36,ROHM,Week 45/2000,2000,,45,RAM,W2465S-70LL,Winbond W2465S-70LL 019WD20084870-II1RA,Winbond,Week 19/2000,2000,,19,Supervisor & Reset,MM1134A,042 134A,Mitsumi,Week 42/2000,2000,,42,,,,,,,,,,,,,,,,,,,,,,,,,,,,,,,,,CR1616,,,,,,,,,,
CGB-BM5E-0,Entry #1,gekkio-1,https://gbhwdb.gekkio.fi/cartridges/CGB-BM5E-0/gekkio-1.html,gekkio,"Mat Hoffman's Pro BMX (USA, Europe)",CGB-BM5E-USA,08,DMG-A07-01,Y,5,August/2002,2002,August,,ROM,MSM538011E,CGB-BM5E-0 F1 M538011E-3L 2375410,OKI,Week 37/2002,2002,,37,Mapper,MBC5,1CA8F4T MBC5 2417,Texas Instruments,December/2001,2001,December,,,,,,,,,,,,,,,,,,,,,,,,,,,,,,,,,,,,,,,,,,,,,,,,,,,,,,,,,,,,
CGB-BM5P-0,Entry #1,ikk5-1,https://gbhwdb.gekkio.fi/cartridges/CGB-BM5P-0/ikk5-1.html,ikk5,"Mat Hoffman's Pro BMX (USA, Europe)",CGB-BM5P-EUR,13,DMG-A07-01,A,5,April/2001,2001,April,,ROM,MX23C8005-12,S011749-M MX23C8005-12 CGB-BM5P-0 F1 1D0757A1,Macronix,Week 17/2001,2001,,17,Mapper,MBC5,MBC-5 BU3650K 109 H20,ROHM,Week 9/2001,2001,,9,,,,,,,,,,,,,,,,,,,,,,,,,,,,,,,,,,,,,,,,,,,,,,,,,,,,,,,,,,,
CGB-BMVJ-0,Entry #1,gekkio-1,https://gbhwdb.gekkio.fi/cartridges/CGB-BMVJ-0/gekkio-1.html,gekkio,Net de Get - Minigame @ 100 (Japan),CGB-BMVJ-JPN,22,CGB-A32-01,I,2,May/2001,2001,May,,Mapper,MBC6,Nintendo MBC6 0103XP014,NEC,Week 3/2001,2001,,3,ROM,MSM538011E,CGB-BMVJ-0 F1 M538011E-6J 1212425,OKI,Week 21/2001,2001,,21,Flash,MX29F008TC-14,E991012 29F008TC-14 21534 TAIWAN,Macronix,Week 10/1999,1999,,10,RAM,W24257S-70LL,Winbond W24257S-70LL 046QB202858301AC,Winbond,Week 46/2000,2000,,46,Supervisor & Reset,MM1134A,112 134A,Mitsumi,Week 12/2001,2001,,12,,,,,,,,,,,,,,,,,,,,,,,,,CR1616,01-05,,May/2001,2001,May,,,,,9fb1e6e4a637796b8624bd2de6c9abaa9e758546b620cb5dc8441b07c288bc63
CGB-BMVJ-0,Entry #2,gekkio-2,https://gbhwdb.gekkio.fi/cartridges/CGB-BMVJ-0/gekkio-2.html,gekkio,Net de Get - Minigame @ 100 (Japan),CGB-BMVJ-JPN,22,CGB-A32-01,I,2,May/2001,2001,May,,Mapper,MBC6,Nintendo MBC6 0103XP006,NEC,Week 3/2001,2001,,3,ROM,MSM538011E,CGB-BMVJ-0 F1 M538011E-6J 1212424,OKI,Week 21/2001,2001,,21,Flash,MX29F008TC-14,E991112 29F008TC-14 21726 TAIWAN,Macronix,Week 11/1999,1999,,11,RAM,W24257S-70LL,Winbond W24257S-70LL 046AB202682001AC,Winbond,Week 46/2000,2000,,46,Supervisor & Reset,MM1134A,106 134A,Mitsumi,Week 6/2001,2001,,6,,,,,,,,,,,,,,,,,,,,,,,,,CR1616,01-05,,May/2001,2001,May,,,,,9fb1e6e4a637796b8624bd2de6c9abaa9e758546b620cb5dc8441b07c288bc63
CGB-BMVJ-0,Entry #3,gekkio-3,https://gbhwdb.gekkio.fi/cartridges/CGB-BMVJ-0/gekkio-3.html,gekkio,Net de Get - Minigame @ 100 (Japan),CGB-BMVJ-JPN,22,CGB-A32-01,I,1,May/2001,2001,May,,Mapper,MBC6,Nintendo MBC6 0102XP025,NEC,Week 2/2001,2001,,2,ROM,MSM538011E,CGB-BMVJ-0 F1 M538011E-6J 1212424,OKI,Week 21/2001,2001,,21,Flash,MX29F008TC-14,E991012 29F008TC-14 21657 TAIWAN,Macronix,Week 10/1999,1999,,10,RAM,W24257S-70LL,Winbond W24257S-70LL 046AB202682001AC,Winbond,Week 46/2000,2000,,46,Supervisor & Reset,MM1134A,106 134A,Mitsumi,Week 6/2001,2001,,6,,,,,,,,,,,,,,,,,,,,,,,,,CR1616,01-05,Maxell,May/2001,2001,May,,,,,9fb1e6e4a637796b8624bd2de6c9abaa9e758546b620cb5dc8441b07c288bc63
CGB-BMZP-0,Entry #1,ikk5-1,https://gbhwdb.gekkio.fi/cartridges/CGB-BMZP-0/ikk5-1.html,ikk5,Microsoft - The Best of Entertainment Pack (Europe),CGB-BMZP-EUR,22,DMG-A07-01,Y,4,October/2000,2000,October,,ROM,MSM538011E,CGB-BMZP-0 F1 M538011E-9C 0455439,OKI,Week 45/2000,2000,,45,Mapper,MBC5,MBC5 P 041U2M,Panasonic,Week 41/2000,2000,,41,,,,,,,,,,,,,,,,,,,,,,,,,,,,,,,,,,,,,,,,,,,,,,,,,,,,,,,,,,,
CGB-BNSE-0,Entry #1,rhetchid-1,https://gbhwdb.gekkio.fi/cartridges/CGB-BNSE-0/rhetchid-1.html,Rhetchid,NSYNC - Get to the Show (USA),CGB-BNSE-USA,01,DMG-A06-01,I,2,November/2001,2001,November,,ROM,MSM538011E,CGB-BNSE-0 F1 M538011E-BE 1525411,OKI,Week 52/2001,2001,,52,Mapper,MBC5,MBC5 P-2 144U6M,Panasonic,Week 44/2001,2001,,44,RAM,W2465S-70LL,Winbond W2465S-70LL 143WD21373590-II1RA,Winbond,Week 43/2001,2001,,43,Supervisor & Reset,MM1134A,145 134A,Mitsumi,Week 45/2001,2001,,45,,,,,,,,,,,,,,,,,,,,,,,,,,,,,,,,,CR1616,01-10,,October/2001,2001,October,,,,,
CGB-BNXP-0,Entry #1,ikk5-1,https://gbhwdb.gekkio.fi/cartridges/CGB-BNXP-0/ikk5-1.html,ikk5,"NYR - New York Race (Europe) (En,Fr,De,Es,It,Pt)",CGB-BNXP-EUR,01,DMG-A07-01,MB,1,September/2001,2001,September,,ROM,MSM538011E,CGB-BNXP-0 F1 M538011E-9N 1385447,OKI,Week 38/2001,2001,,38,Mapper,MBC5,MBC-5 BU3650K 137 H88,ROHM,Week 37/2001,2001,,37,,,,,,,,,,,,,,,,,,,,,,,,,,,,,,,,,,,,,,,,,,,,,,,,,,,,,,,,,,,
CGB-BO7P-0,Entry #1,ikk5-1,https://gbhwdb.gekkio.fi/cartridges/CGB-BO7P-0/ikk5-1.html,ikk5,"007 - The World Is Not Enough (USA, Europe)",CGB-BO7P-EUR,20,DMG-A09-10,I,6,July/2001,2001,July,,ROM,MX23C1603-12A,E013304-M MX23C1603-12A CGB-BO7P-0 G2 1D2469A1,Macronix,Week 33/2001,2001,,33,Mapper,MBC5,MBC-5 BU3650K 131 H32,ROHM,Week 31/2001,2001,,31,,,,,,,,,,,,,,,,,,,,,,,,,,,,,,,,,,,,,,,,,,,,,,,,,,,,,,,,,,,
CGB-BOBP-0,Entry #1,ikk5-1,https://gbhwdb.gekkio.fi/cartridges/CGB-BOBP-0/ikk5-1.html,ikk5,"Bob the Builder - Fix it Fun! (Europe) (En,Fr,De,Es,Nl)",CGB-BOBP-HOL,22,DMG-A07-01,I,3,June/2002,2002,June,,ROM,MX23C8005-12,S022349-M MX23C8005-12 CGB-BOBP-0 F1 1D5788A1,Macronix,Week 23/2002,2002,,23,Mapper,MBC5,MBC-5 BU3650K 211 H44,ROHM,Week 11/2002,2002,,11,,,,,,,,,,,,,,,,,,,,,,,,,,,,,,,,,,,,,,,,,,,,,,,,,,,,,,,,,,,
CGB-BOMD-0,Entry #1,ikk5-1,https://gbhwdb.gekkio.fi/cartridges/CGB-BOMD-0/ikk5-1.html,ikk5,"Original Moorhuhn Jagd, Die (Germany)",CGB-BOMD-NOE,20,DMG-A07-01,I,2,September/2000,2000,September,,ROM,MX23C8005-12,M004049-M MX23C8005-12 CGB-BOMD-0 F1 1C2474A1,Macronix,Week 40/2000,2000,,40,Mapper,MBC5,MBC5 P 036U7M,Panasonic,Week 36/2000,2000,,36,,,,,,,,,,,,,,,,,,,,,,,,,,,,,,,,,,,,,,,,,,,,,,,,,,,,,,,,,,,
CGB-BOMD-0,Entry #1,missingno-force-1,https://gbhwdb.gekkio.fi/cartridges/CGB-BOMD-0/missingno-force-1.html,Missingno_force,"Original Moorhuhn Jagd, Die (Germany)",CGB-BOMD-NOE,22,DMG-A07-01,Y,3,December/2000,2000,December,,ROM,MX23C8005-12,C005349-M MX23C8005-12 CGB-BOMD-0 F1 1C5389A1,Macronix,Week 53/2000,2000,,53,Mapper,MBC5,0BDY96T MBC5 2417,Texas Instruments,November/2000,2000,November,,,,,,,,,,,,,,,,,,,,,,,,,,,,,,,,,,,,,,,,,,,,,,,,,,,,,,,,,,,,
CGB-BP8P-0,Entry #1,ikk5-1,https://gbhwdb.gekkio.fi/cartridges/CGB-BP8P-0/ikk5-1.html,ikk5,"Pooh and Tigger's Hunny Safari (Europe) (En,Fr,De,Es,It,Nl)",CGB-BP8P-EUR,20,DMG-A09-10,I,4,September/2003,2003,September,,ROM,MX23C1603-12A,E040504-M MX23C1603-12A CGB-BP8P-0 G2 1D0623A5,Macronix,Week 5/2004,2004,,5,Mapper,MBC5,MBC-5 BU3650K 245 H94,ROHM,Week 45/2002,2002,,45,,,,,,,,,,,,,,,,,,,,,,,,,,,,,,,,,,,,,,,,,,,,,,,,,,,,,,,,,,,
CGB-BP8P-0,Entry #1,issotm-1,https://gbhwdb.gekkio.fi/cartridges/CGB-BP8P-0/issotm-1.html,ISSOtm,"Pooh and Tigger's Hunny Safari (Europe) (En,Fr,De,Es,It,Nl)",CGB-BP8P-EUR,20,DMG-A09-10,I,3,,,,,ROM,MX23C1603-12A,M023704-M MX23C1603-12A CGB-BP8P-0 G2 1D4560A3,Macronix,Week 37/2002,2002,,37,Mapper,MBC5,MBC-5 BU3650K 221 H50,ROHM,,,,21,,,,,,,,,,,,,,,,,,,,,,,,,,,,,,,,,,,,,,,,,,,,,,,,,,,,,,,,,,,
CGB-BP8P-0,Entry #1,max-m-1,https://gbhwdb.gekkio.fi/cartridges/CGB-BP8P-0/max-m-1.html,max-m,"Pooh and Tigger's Hunny Safari (Europe) (En,Fr,De,Es,It,Nl)",CGB-BP8P-EUR,01,DMG-A09-10,I,2,October/2001,2001,October,,ROM,MX23C1603-12A,M014504-M MX23C1603-12A CGB-BP8P-0 G2 1D5395A1,Macronix,Week 45/2001,2001,,45,Mapper,MBC5,MBC5 P-2 142U2M,Panasonic,Week 42/2001,2001,,42,,,,,,,,,,,,,,,,,,,,,,,,,,,,,,,,,,,,,,,,,,,,,,,,,,,,,,,,,,,
CGB-BPEP-0,Entry #1,ikk5-1,https://gbhwdb.gekkio.fi/cartridges/CGB-BPEP-0/ikk5-1.html,ikk5,"Barbie - Pet Rescue (Europe) (En,Fr,De,Es,It)",CGB-BPEP-EUR,,DMG-A07-01,I,6,January/2002,2002,January,,ROM,MSM538011E,CGB-BPEP-0 F1 M538011E-BF 2095403,OKI,Week 9/2002,2002,,9,Mapper,MBC5,1AD38NT MBC5 2417,Texas Instruments,October/2001,2001,October,,,,,,,,,,,,,,,,,,,,,,,,,,,,,,,,,,,,,,,,,,,,,,,,,,,,,,,,,,,,
CGB-BPLP-0,Entry #1,ikk5-1,https://gbhwdb.gekkio.fi/cartridges/CGB-BPLP-0/ikk5-1.html,ikk5,"Pro Pool (Europe) (En,Fr,De)",CGB-BPLP-EUR,12,DMG-A06-01,I,6,June/2000,2000,June,,ROM,MX23C8005-12,C002749-M MX23C8005-12 CGB-BPLP-0 F1 189541Q1,Macronix,Week 27/2000,2000,,27,Mapper,MBC5,MBC5 P-1 023U2M,Panasonic,Week 23/2000,2000,,23,RAM,LH5164AN-10L,LH5164AN-10L SHARP A0021 3 CB,Sharp,Week 21/2000,2000,,21,Supervisor & Reset,MM1134A,024 134A,Mitsumi,Week 24/2000,2000,,24,,,,,,,,,,,,,,,,,,,,,,,,,,,,,,,,,CR1616,00-06,,June/2000,2000,June,,,,,
CGB-BPNJ-0,Entry #1,granmastro-1,https://gbhwdb.gekkio.fi/cartridges/CGB-BPNJ-0/granmastro-1.html,Granmastro,Pokemon de Panepon (Japan),CGB-BPNJ-JPN,,DMG-A03-10,I,4,September/2000,2000,September,,ROM,MX23C1603-12A,S003619-M MX23C1603-12A CGB-BPNJ-0 G2 2D034900,Macronix,Week 36/2000,2000,,36,Mapper,MBC5,MBC-5 BU3650K 035 174,ROHM,Week 35/2000,2000,,35,RAM,BR62256F-70LL,BR62256F-70LL 033 163NA,ROHM,Week 33/2000,2000,,33,Supervisor & Reset,MM1134A,030 134A,Mitsumi,Week 30/2000,2000,,30,,,,,,,,,,,,,,,,,,,,,,,,,,,,,,,,,CR1616,00-07,,July/2000,2000,July,,,,,
CGB-BPSP-0,Entry #1,granmastro-1,https://gbhwdb.gekkio.fi/cartridges/CGB-BPSP-0/granmastro-1.html,Granmastro,"Pocket Soccer (Europe) (En,Fr,De,Es,It,Pt)",CGB-BPSP-EUR,,DMG-A08-10,I,5,December/2000,2000,December,,ROM,MX23C1603-12A,S010104-M MX23C1603-12A CGB-BPSP-0 G2 1C6545A2,Macronix,Week 1/2001,2001,,1,Mapper,MBC5,0BDREFT MBC5 2417,Texas Instruments,November/2000,2000,November,,RAM,LC3564BM-70,SANYO LC3564BM-70 JAPAN 0MK1G,Sanyo,December/2000,2000,December,,Supervisor & Reset,BA6735,6735 0C16,ROHM,December/2000,2000,December,,,,,,,,,,,,,,,,,,,,,,,,,,,,,,,,,,CR1616,00-12,,December/2000,2000,December,,,,,
CGB-BPTE-0,Entry #1,ben-black-1,https://gbhwdb.gekkio.fi/cartridges/CGB-BPTE-0/ben-black-1.html,Ben Black,"Powerpuff Girls, The - Paint the Townsville Green (USA)",CGB-BPTE-USA,12,DMG-Z03-10,MB,5,October/2000,2000,October,,ROM,MR531614G,CGB-BPTE-0 G2 R531614G-44 044232E,OKI,Week 44/2000,2000,,44,Mapper,MBC5,MBC5 P 037U2M,Panasonic,Week 37/2000,2000,,37,RAM,BS62LV256SC-70,BSI BS62LV256SC-70 S282730015 F0040 TAIWAN,BSI,Week 40/2000,2000,,40,Supervisor & Reset,BA6735,6735 0A94,ROHM,October/2000,2000,October,,,,,,,,,,,,,,,,,,,,,,,,,,,,,,,,,,CR1616,,,,,,,,,,
CGB-BPTP-0,Entry #1,ikk5-1,https://gbhwdb.gekkio.fi/cartridges/CGB-BPTP-0/ikk5-1.html,ikk5,"Powerpuff Girls, The - Paint the Townsville Green (Europe) (BPTP)",CGB-BPTP-UKV,07,DMG-A08-10,I,2,May/2001,2001,May,,ROM,MX23C1603-12A,M012304-M MX23C1603-12A CGB-BPTP-0 G2 1D1064A2,Macronix,Week 23/2001,2001,,23,Mapper,MBC5,13D5X4T MBC5 2417,Texas Instruments,March/2001,2001,March,,RAM,W2465S-70LL,Winbond W2465S-70LL 117AD21026880-811RA,Winbond,Week 17/2001,2001,,17,Supervisor & Reset,MM1134A,106 134A,Mitsumi,Week 6/2001,2001,,6,,,,,,,,,,,,,,,,,,,,,,,,,,,,,,,,,CR1616,01-05,,May/2001,2001,May,,,,,
CGB-BPVP-0,Entry #1,gekkio-1,https://gbhwdb.gekkio.fi/cartridges/CGB-BPVP-0/gekkio-1.html,gekkio,"MTV Sports - Pure Ride (USA, Europe)",CGB-BPVP-EUR,22,DMG-A07-01,K,6,October/2000,2000,October,,ROM,MX23C8005-12,S004149-M MX23C8005-12 CGB-BPVP-0 F1 1C3070A1,Macronix,Week 41/2000,2000,,41,Mapper,MBC5,MBC5 P 039U1M,Panasonic,Week 39/2000,2000,,39,,,,,,,,,,,,,,,,,,,,,,,,,,,,,,,,,,,,,,,,,,,,,,,,,,,,,,,,,,,
CGB-BQAP-0,Entry #1,ikk5-1,https://gbhwdb.gekkio.fi/cartridges/CGB-BQAP-0/ikk5-1.html,ikk5,"Donald Duck - Quack Attack (Europe) (En,Fr,De,Es,It)",CGB-BQAP-EUR-1,20,DMG-A09-10,I,4,August/2003,2003,August,,ROM,MX23C3203-12A2,S033895-M MX23C3203-12A2 CGB-BQAP-0 H2 1R5445A4,Macronix,Week 38/2003,2003,,38,Mapper,MBC5,MBC-5 BU3650K 245 H19,ROHM,Week 45/2002,2002,,45,,,,,,,,,,,,,,,,,,,,,,,,,,,,,,,,,,,,,,,,,,,,,,,,,,,,,,,,,,,
CGB-BQUJ-0,Entry #1,granmastro-1,https://gbhwdb.gekkio.fi/cartridges/CGB-BQUJ-0/granmastro-1.html,Granmastro,Shaman King Card Game - Chou Senjiryakketsu - Funbari Hen (Japan),CGB-BQUJ-JPN,,DMG-A08-10,CM,6,September/2001,2001,September,,ROM,MX23C3203-12A2,M014623-M MX23C3203-12A2 CGB-BQUJ-0 H2 2D827200B0,Macronix,Week 46/2001,2001,,46,Mapper,MBC5,MBC-5 BU3650K 144 H16,ROHM,Week 44/2001,2001,,44,RAM,W2465S-70LL,Winbond W2465S-70LL 141WD21331490-811RA,Winbond,Week 41/2001,2001,,41,Supervisor & Reset,BA6735,6735 1A10,ROHM,October/2001,2001,October,,,,,,,,,,,,,,,,,,,,,,,,,,,,,,,,,,CR1616,01-10,,October/2001,2001,October,,,,,
CGB-BRHP-0,Entry #1,ikk5-1,https://gbhwdb.gekkio.fi/cartridges/CGB-BRHP-0/ikk5-1.html,ikk5,"Robin Hood (Europe) (En,Fr,De,Es,It,Nl)",CGB-BRHP-EUR,19,DMG-A07-01,MB,6,November/2000,2000,November,,ROM,MX23C8005-12,C010849-M MX23C8005-12 CGB-BRHP-0 F1 1C4582A1,Macronix,Week 8/2001,2001,,8,Mapper,MBC5,MBC-5 BU3650K 053 H81,ROHM,Week 53/2000,2000,,53,,,,,,,,,,,,,,,,,,,,,,,,,,,,,,,,,,,,,,,,,,,,,,,,,,,,,,,,,,,
CGB-BROP-0,Entry #1,3615retro-1,https://gbhwdb.gekkio.fi/cartridges/CGB-BROP-0/3615retro-1.html,3615Retro,"Dexter's Laboratory - Robot Rampage (USA, Europe)",CGB-BROP-EUR,20,DMG-A07-01,I,2,May/2001,2001,May,,ROM,MSM538011E,CGB-BROP-0 F1 M538011E-6P 1222442,OKI,Week 22/2001,2001,,22,Mapper,MBC5,13D5X4T MBC5 2417,Texas Instruments,March/2001,2001,March,,,,,,,,,,,,,,,,,,,,,,,,,,,,,,,,,,,,,,,,,,,,,,,,,,,,,,,,,d24d6601,2a147b2d7731ac26a999390c3f5ff2ac,db107af55df07fb8c771c712b05d6aebb175e3c5,4663390575ada987fd7a130545a07c2a00354e0be355e9c97cba93446c5aff7f
CGB-BRUF-0,Entry #1,ikk5-1,https://gbhwdb.gekkio.fi/cartridges/CGB-BRUF-0/ikk5-1.html,ikk5,Rocket Power - La Glisse de l'Extreme (France),CGB-BRUF-FRA,11,DMG-A07-01,A,1,April/2001,2001,April,,ROM,MSM538011E,CGB-BRUF-0 F1 M538011E-5L 1185410,OKI,Week 18/2001,2001,,18,Mapper,MBC5,MBC-5 BU3650K 110 H04,ROHM,Week 10/2001,2001,,10,,,,,,,,,,,,,,,,,,,,,,,,,,,,,,,,,,,,,,,,,,,,,,,,,,,,,,,,,,,
CGB-BSCP-0,Entry #1,ikk5-1,https://gbhwdb.gekkio.fi/cartridges/CGB-BSCP-0/ikk5-1.html,ikk5,"Spirou - The Robot Invasion (Europe) (En,Fr,De,Es,It,Nl,Da)",CGB-BSCP-HOL,13,DMG-A07-01,I,6,March/2000,2000,March,,ROM,MSM538011E,CGB-BSCP-0 F1 M538011E-G6 0145418,OKI,Week 14/2000,2000,,14,Mapper,MBC5,MBC-5 BU3650K 009 H66,ROHM,Week 9/2000,2000,,9,,,,,,,,,,,,,,,,,,,,,,,,,,,,,,,,,,,,,,,,,,,,,,,,,,,,,,,,,,,
CGB-BSEP-0,Entry #1,ikk5-1,https://gbhwdb.gekkio.fi/cartridges/CGB-BSEP-0/ikk5-1.html,ikk5,"Spider-Man (USA, Europe)",CGB-BSEP-UKV,20,DMG-A07-01,I,4,March/2001,2001,March,,ROM,MSM538011E,CGB-BSEP-0 F1 M538011E-S0 1125416,OKI,Week 12/2001,2001,,12,Mapper,MBC5,11C52DT MBC5 2417,Texas Instruments,January/2001,2001,January,,,,,,,,,,,,,,,,,,,,,,,,,,,,,,,,,,,,,,,,,,,,,,,,,,,,,,,,,,,,
CGB-BSFP-0,Entry #1,ikk5-1,https://gbhwdb.gekkio.fi/cartridges/CGB-BSFP-0/ikk5-1.html,ikk5,"Adventures of the Smurfs, The (Europe) (En,Fr,De,Es,It,Nl)",CGB-BSFP-HOL,34,DMG-Z02-01,I,5,September/2000,2000,September,,ROM,,CGB-BSFP-0 S LHMN8MY3 JAPAN F1 0038 D,Sharp,Week 38/2000,2000,,38,Mapper,MBC5,MBC5 P-1 035U4M,Panasonic,Week 35/2000,2000,,35,RAM,BR62256F-70LL,BR62256F-70LL 024 155NA,ROHM,Week 24/2000,2000,,24,Supervisor & Reset,MM1134A,032 134A,Mitsumi,Week 32/2000,2000,,32,,,,,,,,,,,,,,,,,,,,,,,,,,,,,,,,,CR1616,00-08,,August/2000,2000,August,,,,,
CGB-BT2F-0,Entry #1,3615retro-1,https://gbhwdb.gekkio.fi/cartridges/CGB-BT2F-0/3615retro-1.html,3615Retro,Taxi 2 (France),CGB-BT2F-FRA,34,DMG-A07-01,MB,1,August/2000,2000,August,,ROM,MX23C8005-12,C003749-M MX23C8005-12 CGB-BT2F-0 F1 1C1583A1,Macronix,Week 37/2000,2000,,37,Mapper,MBC5,MBC5 P-1 034U6M,Panasonic,Week 34/2000,2000,,34,,,,,,,,,,,,,,,,,,,,,,,,,,,,,,,,,,,,,,,,,,,,,,,,,,,,,,,,0fd9fff0,400d3090f58e68e3fc7d186c370c74be,76927fbf52a4c53dcd58208439eb3f285ec568fb,41740f44fdf1987848996cd3ed29233412527ff160805822e9f033ea75091ebd
CGB-BT2F-0,Entry #2,3615retro-2,https://gbhwdb.gekkio.fi/cartridges/CGB-BT2F-0/3615retro-2.html,3615Retro,Taxi 2 (France),CGB-BT2F-FRA,34,DMG-A07-01,MB,3,August/2000,2000,August,,ROM,MX23C8005-12,C003749-M MX23C8005-12 CGB-BT2F-0 F1 1C1683A1,Macronix,Week 37/2000,2000,,37,Mapper,MBC5,MBC5 P-1 034U7M,Panasonic,Week 34/2000,2000,,34,,,,,,,,,,,,,,,,,,,,,,,,,,,,,,,,,,,,,,,,,,,,,,,,,,,,,,,,0fd9fff0,400d3090f58e68e3fc7d186c370c74be,76927fbf52a4c53dcd58208439eb3f285ec568fb,41740f44fdf1987848996cd3ed29233412527ff160805822e9f033ea75091ebd
CGB-BT2F-0,Entry #1,ikk5-1,https://gbhwdb.gekkio.fi/cartridges/CGB-BT2F-0/ikk5-1.html,ikk5,Taxi 2 (France),CGB-BT2F-FRA,22,DMG-A07-01,Y,1,December/2000,2000,December,,ROM,MX23C8005-12,C005349-M MX23C8005-12 CGB-BT2F-0 F1 1C5961A4,Macronix,Week 53/2000,2000,,53,Mapper,MBC5,MBC5 P 049U3M,Panasonic,Week 49/2000,2000,,49,,,,,,,,,,,,,,,,,,,,,,,,,,,,,,,,,,,,,,,,,,,,,,,,,,,,,,,,,,,
CGB-BT5X-0,Entry #1,kurodo-1,https://gbhwdb.gekkio.fi/cartridges/CGB-BT5X-0/kurodo-1.html,Kurodo,"Toy Story Racer (Europe) (En,Fr,De)",CGB-BT5X-EUU,01,DMG-A09-10,I,5,February/2001,2001,February,,ROM,MR531614G,CGB-BT5X-0 G2 R531614G-58 1072305,OKI,Week 7/2001,2001,,7,Mapper,MBC5,0CD829T MBC5 2417,Texas Instruments,December/2000,2000,December,,,,,,,,,,,,,,,,,,,,,,,,,,,,,,,,,,,,,,,,,,,,,,,,,,,,,,,,,,,,
CGB-BT9P-0,Entry #1,3615retro-1,https://gbhwdb.gekkio.fi/cartridges/CGB-BT9P-0/3615retro-1.html,3615Retro,"Tootuff (Europe) (En,Fr,De,Es,It,Nl)",CGB-BT9P-FRA-1,15,DMG-A07-01,I,6,January/2003,2003,January,,ROM,MX23C8005-12,S030349-M MX23C8005-12 CGB-BT9P-0 F1 1C7688A2,Macronix,Week 3/2003,2003,,3,Mapper,MBC5,MBC-5 BU3650K 240 H44,ROHM,Week 40/2002,2002,,40,,,,,,,,,,,,,,,,,,,,,,,,,,,,,,,,,,,,,,,,,,,,,,,,,,,,,,,,1972cbf7,4639d79e2e02a687a44d19d9c9c3c28a,e38c16213c6bb0c1511ade138e3e8eeabd7b8898,2c858be7f821072dd099673e597282d03d0d85ce7ac7fce39d3740017ef78151
CGB-BT9P-0,Entry #1,gdsn-1,https://gbhwdb.gekkio.fi/cartridges/CGB-BT9P-0/gdsn-1.html,gdsn,"Tootuff (Europe) (En,Fr,De,Es,It,Nl)",CGB-BT9P-FRA,11,DMG-A07-01,I,2,April/2001,2001,April,,ROM,MX23C8005-12,M011849-M MX23C8005-12 CGB-BT9P-0 F1 1D0757A2,Macronix,Week 18/2001,2001,,18,Mapper,MBC5,MBC5 P-2 052U1M,Panasonic,Week 52/2000,2000,,52,,,,,,,,,,,,,,,,,,,,,,,,,,,,,,,,,,,,,,,,,,,,,,,,,,,,,,,,,,,
CGB-BTGP-0,Entry #1,ikk5-1,https://gbhwdb.gekkio.fi/cartridges/CGB-BTGP-0/ikk5-1.html,ikk5,"Tony Hawk's Pro Skater 2 (USA, Europe)",CGB-BTGP-EUR,00,DMG-A09-10,I,2,September/2000,2000,September,,ROM,MX23C1603-12A,S004019-M MX23C1603-12A CGB-BTGP-0 G2 2D140200,Macronix,Week 40/2000,2000,,40,Mapper,MBC5,08CRF0T MBC5 2417,Texas Instruments,August/2000,2000,August,,,,,,,,,,,,,,,,,,,,,,,,,,,,,,,,,,,,,,,,,,,,,,,,,,,,,,,,,,,,
CGB-BTGP-0,Entry #1,issotm-1,https://gbhwdb.gekkio.fi/cartridges/CGB-BTGP-0/issotm-1.html,ISSOtm,"Tony Hawk's Pro Skater 2 (USA, Europe)",CGB-BTGP-EUR,00,DMG-A09-10,I,4,September/2000,2000,September,,ROM,MX23C1603-12A,S004119-M MX23C1603-12A CGB-BTGP-0 G2 2D262101,Macronix,Week 41/2000,2000,,41,Mapper,MBC5,MBC5 LZ9GB31 AL36 A,Sharp,Week 36/2000,2000,,36,,,,,,,,,,,,,,,,,,,,,,,,,,,,,,,,,,,,,,,,,,,,,,,,,,,,,,,,,,,
CGB-BTKP-0,Entry #1,3615retro-1,https://gbhwdb.gekkio.fi/cartridges/CGB-BTKP-0/3615retro-1.html,3615Retro,"Batman of the Future - Return of the Joker (Europe) (En,Fr,De)",CGB-BTKP-EUR,22,DMG-A18-01,I,6,October/2000,2000,October,,ROM,MX23C1605-12A,C004219-M MX23C1605-12A CGB-BTKP-0 G1 2D246301,Macronix,Week 42/2000,2000,,42,Mapper,MBC5,MBC-5 BU3650K 042 H28,ROHM,Week 42/2000,2000,,42,,,,,,,,,,,,,,,,,,,,,,,,,,,,,,,,,,,,,,,,,,,,,,,,,,,,,,,,f9d5b399,19cd9d45c6bb221613101b22c72593b2,102aa62c873b7316b1b019d895989dcdedb776a9,13025d03d201bfb448fc10677bc6c37d91735207e2f79698e99a11a73366c544
CGB-BTQP-0,Entry #1,ikk5-1,https://gbhwdb.gekkio.fi/cartridges/CGB-BTQP-0/ikk5-1.html,ikk5,"Tom and Jerry in - Mouse Attacks! (Europe) (En,Fr,De,Es,It,Nl,Da)",CGB-BTQP-EUR-1,20,DMG-A09-10,I,6,September/2003,2003,September,,ROM,MX23C1603-12A,M040519-M MX23C1603-12A CGB-BTQP-0 G2 2H821106A0,Macronix,Week 5/2004,2004,,5,Mapper,MBC5,MBC-5 BU3650K 246 H94,ROHM,Week 46/2002,2002,,46,,,,,,,,,,,,,,,,,,,,,,,,,,,,,,,,,,,,,,,,,,,,,,,,,,,,,,,,,,,
CGB-BTTP-0,Entry #1,ikk5-1,https://gbhwdb.gekkio.fi/cartridges/CGB-BTTP-0/ikk5-1.html,ikk5,"Tintin - Le Temple Du Soleil (Europe) (En,Fr,De)",CGB-BTTP-FAH,08,DMG-A07-01,Y,4,July/2000,2000,July,,ROM,MSM538011E,CGB-BTTP-0 F1 M538011E-S7 0332425,OKI,Week 33/2000,2000,,33,Mapper,MBC5,MBC5 P-1 026U7M,Panasonic,Week 26/2000,2000,,26,,,,,,,,,,,,,,,,,,,,,,,,,,,,,,,,,,,,,,,,,,,,,,,,,,,,,,,,,,,
CGB-BTUP-0,Entry #1,ikk5-1,https://gbhwdb.gekkio.fi/cartridges/CGB-BTUP-0/ikk5-1.html,ikk5,"Tech Deck Skateboarding (USA, Europe)",CGB-BTUP-EUR,08,DMG-A07-01,MB,5,February/2001,2001,February,,ROM,MX23C8005-12,C010949-M MX23C8005-12 CGB-BTUP-0 F1 1C8993A1,Macronix,Week 9/2001,2001,,9,Mapper,MBC5,11AHENT MBC5 2417,Texas Instruments,January/2001,2001,January,,,,,,,,,,,,,,,,,,,,,,,,,,,,,,,,,,,,,,,,,,,,,,,,,,,,,,,,,,,,
CGB-BTWX-0,Entry #1,ikk5-1,https://gbhwdb.gekkio.fi/cartridges/CGB-BTWX-0/ikk5-1.html,ikk5,"Tweety's High-Flying Adventure (Europe) (En,Fr,De)",CGB-BTWX-EUB,01,DMG-A06-01,I,3,June/2000,2000,June,,ROM,MSM538011E,CGB-BTWX-0 F1 M538011E-T0 0342414,OKI,Week 34/2000,2000,,34,Mapper,MBC5,MBC5 P-1 028U6M,Panasonic,Week 28/2000,2000,,28,RAM,LH5164AN-10L,LH5164AN-10L SHARP A0022 5 CB,Sharp,Week 22/2000,2000,,22,Supervisor & Reset,MM1134A,028 134A,Mitsumi,Week 28/2000,2000,,28,,,,,,,,,,,,,,,,,,,,,,,,,,,,,,,,,CR1616,00-07,,July/2000,2000,July,,,,,
CGB-BUCP-0,Entry #1,ikk5-1,https://gbhwdb.gekkio.fi/cartridges/CGB-BUCP-0/ikk5-1.html,ikk5,Ultimate Fighting Championship (Europe),CGB-BUCP-EUR,22,DMG-A07-01,K,4,December/2000,2000,December,,ROM,MSM538011E,CGB-BUCP-0 F1 M538011E-6F 1025424,OKI,Week 2/2001,2001,,2,Mapper,MBC5,0CAVFXT MBC5 2417,Texas Instruments,December/2000,2000,December,,,,,,,,,,,,,,,,,,,,,,,,,,,,,,,,,,,,,,,,,,,,,,,,,,,,,,,,,,,,
CGB-BUEP-0,Entry #1,ikk5-1,https://gbhwdb.gekkio.fi/cartridges/CGB-BUEP-0/ikk5-1.html,ikk5,"UEFA 2000 (Europe) (En,Fr,De,Es,It,Nl)",CGB-BUEP-EUR,12,DMG-A06-01,K,1,April/2000,2000,April,,ROM,MSM538011E,CGB-BUEP-0 F1 M538011E-L4 0222447,OKI,Week 22/2000,2000,,22,Mapper,MBC5,MBC5 LZ9GB31 AL20 A,Sharp,Week 20/2000,2000,,20,RAM,LH5164AN-10L,LH5164AN-10L SHARP A0015 7 CB,Sharp,Week 15/2000,2000,,15,Supervisor & Reset,BA6735,6735 0320,ROHM,March/2000,2000,March,,,,,,,,,,,,,,,,,,,,,,,,,,,,,,,,,,CR1616,00-04,,April/2000,2000,April,,,,,
CGB-BUIP-0,Entry #1,ikk5-1,https://gbhwdb.gekkio.fi/cartridges/CGB-BUIP-0/ikk5-1.html,ikk5,"O'Leary Manager 2000 (Europe) (En,Fr,De,Es,It,Nl,Ca)",CGB-BUIP-EUR,41,DMG-A06-01,I,2,June/2000,2000,June,,ROM,MSM538011E,CGB-BUIP-0 F1 M538011E-R2 0322401,OKI,Week 32/2000,2000,,32,Mapper,MBC5,MBC5 P-1 025U4M,Panasonic,Week 25/2000,2000,,25,RAM,LH5164AN-10L,LH5164AN-10L SHARP A0020 3 CB,Sharp,Week 20/2000,2000,,20,Supervisor & Reset,MM1134A,022 134A,Mitsumi,Week 22/2000,2000,,22,,,,,,,,,,,,,,,,,,,,,,,,,,,,,,,,,CR1616,00-06,,June/2000,2000,June,,,,,
CGB-BUPP-0,Entry #1,ikk5-1,https://gbhwdb.gekkio.fi/cartridges/CGB-BUPP-0/ikk5-1.html,ikk5,"Ultimate Paintball (USA, Europe)",CGB-BUPP-EUR,22,DMG-A07-01,K,4,March/2000,2000,March,,ROM,,CGB-BUPP-0 S LH538WJD JAPAN F1 0016 E,Sharp,Week 16/2000,2000,,16,Mapper,MBC5,MBC-5 BU3650K 010 H42,ROHM,Week 10/2000,2000,,10,,,,,,,,,,,,,,,,,,,,,,,,,,,,,,,,,,,,,,,,,,,,,,,,,,,,,,,,,,,
CGB-BUZP-0,Entry #1,ikk5-1,https://gbhwdb.gekkio.fi/cartridges/CGB-BUZP-0/ikk5-1.html,ikk5,"Buzz Lightyear of Star Command (USA, Europe)",CGB-BUZP-UKV,07,DMG-A07-01,I,2,November/2000,2000,November,,ROM,,CGB-BUZP-0 S LHMN4WNB JAPAN E1 0052 E,Sharp,Week 52/2000,2000,,52,Mapper,MBC5,MBC5 P 049U4M,Panasonic,Week 49/2000,2000,,49,,,,,,,,,,,,,,,,,,,,,,,,,,,,,,,,,,,,,,,,,,,,,,,,,,,,,,,,,,,
CGB-BVBP-0,Entry #1,ikk5-1,https://gbhwdb.gekkio.fi/cartridges/CGB-BVBP-0/ikk5-1.html,ikk5,"Beach'n Ball (Europe) (En,Fr,De,Es,It)",CGB-BVBP-EUR,13,DMG-A07-01,I,4,February/2001,2001,February,,ROM,MSM538011E,CGB-BVBP-0 F1 M538011E-2Q 1085415,OKI,Week 8/2001,2001,,8,Mapper,MBC5,11A1HJT MBC5 2417,Texas Instruments,January/2001,2001,January,,,,,,,,,,,,,,,,,,,,,,,,,,,,,,,,,,,,,,,,,,,,,,,,,,,,,,,,,,,,
CGB-BVBP-0,Entry #1,issotm-1,https://gbhwdb.gekkio.fi/cartridges/CGB-BVBP-0/issotm-1.html,ISSOtm,"Beach'n Ball (Europe) (En,Fr,De,Es,It)",,19,DMG-A07-01,I,1,February/2001,2001,February,,ROM,MSM538011E,CGB-BVBP-0 F1 M538011E-2Q 1085419,OKI,Week 8/2001,2001,,8,Mapper,,,,,,,,,,,,,,,,,,,,,,,,,,,,,,,,,,,,,,,,,,,,,,,,,,,,,,,,,,,,,,,,,,
CGB-BVPP-0,Entry #1,ikk5-1,https://gbhwdb.gekkio.fi/cartridges/CGB-BVPP-0/ikk5-1.html,ikk5,"3D Pocket Pool (Europe) (En,Fr,De,Es,It,Nl)",CGB-BVPP-EUR,11,DMG-A07-01,A,4,November/2000,2000,November,,ROM,MX23C8005-12,C010949-M MX23C8005-12 CGB-BVPP-0 F1 1C8157A2,Macronix,Week 9/2001,2001,,9,Mapper,MBC5,11ADK5T MBC5 2417,Texas Instruments,January/2001,2001,January,,,,,,,,,,,,,,,,,,,,,,,,,,,,,,,,,,,,,,,,,,,,,,,,,,,,,,,,,,,,
CGB-BWCP-0,Entry #1,ikk5-1,https://gbhwdb.gekkio.fi/cartridges/CGB-BWCP-0/ikk5-1.html,ikk5,"Hands of Time (USA, Europe) (En,Fr,De,Es,It,Nl)",CGB-BWCP-EUR,22,DMG-A07-01,MB,2,April/2001,2001,April,,ROM,MSM538011E,CGB-BWCP-0 F1 M538011E-6L 1222413,OKI,Week 22/2001,2001,,22,Mapper,MBC5,13A5R9T MBC5 2417,Texas Instruments,March/2001,2001,March,,,,,,,,,,,,,,,,,,,,,,,,,,,,,,,,,,,,,,,,,,,,,,,,,,,,,,,,,,,,
CGB-BWGP-0,Entry #1,ikk5-1,https://gbhwdb.gekkio.fi/cartridges/CGB-BWGP-0/ikk5-1.html,ikk5,"Wendy - Every Witch Way (USA, Europe)",CGB-BWGP-EUR,20,DMG-A07-01,A,3,April/2001,2001,April,,ROM,MSM538011E,CGB-BWGP-0 F1 M538011E-8K 1335436,OKI,Week 33/2001,2001,,33,Mapper,MBC5,MBC-5 BU3650K 109 H04,ROHM,Week 9/2001,2001,,9,,,,,,,,,,,,,,,,,,,,,,,,,,,,,,,,,,,,,,,,,,,,,,,,,,,,,,,,,,,
CGB-BWWJ-0,Entry #1,gekkio-1,https://gbhwdb.gekkio.fi/cartridges/CGB-BWWJ-0/gekkio-1.html,gekkio,Game Boy Wars 3 (Japan),CGB-BWWJ-JPN,08,DMG-A16-01,I,2,August/2001,2001,August,,ROM,MSM538011E,CGB-BWWJ-0 F1 M538011E-8J 1335420,OKI,Week 33/2001,2001,,33,Mapper,MBC5,MBC-5 BU3650K 113 H31,ROHM,Week 13/2001,2001,,13,RAM,HY628100BLLG-70,HYUNDAI KOREA HY628100B 0041A LLG-70,Hyundai,Week 41/2000,2000,,41,Supervisor & Reset,MM1134A,129 134A,Mitsumi,Week 29/2001,2001,,29,,,,,,,,,,,,,,,,,,,,,,,,,,,,,,,,,CR2025,,,,,,,,,,ba5e14c23e20ea9003482239ceac6c77bec19b3fcae61fd2863e11c06b345e5e
CGB-BWYD-0,Entry #1,ikk5-1,https://gbhwdb.gekkio.fi/cartridges/CGB-BWYD-0/ikk5-1.html,ikk5,Wendy - Der Traum von Arizona (Germany),CGB-BWYD-NOE,22,DMG-A09-10,I,5,February/2005,2005,February,,ROM,MX23C1603-12A,E050504-MG MX23C1603-12A CGB-BWYD-0 G2 1C9621A4A1,Macronix,Week 5/2005,2005,,5,Mapper,MBC5,MBC-5 BU3650K 246 H94,ROHM,Week 46/2002,2002,,46,,,,,,,,,,,,,,,,,,,,,,,,,,,,,,,,,,,,,,,,,,,,,,,,,,,,,,,,,,,
CGB-BXAP-1,Entry #1,ikk5-1,https://gbhwdb.gekkio.fi/cartridges/CGB-BXAP-1/ikk5-1.html,ikk5,"X-Men - Mutant Academy (USA, Europe) (Rev 1)",CGB-BXAP-UKV,11A,DMG-A07-01,A,1,August/2000,2000,August,,ROM,,CGB-BXAP-1 S LHMN8MY7 JAPAN F1 0039 E,Sharp,Week 39/2000,2000,,39,Mapper,MBC5,08AEJ9T MBC5 2417,Texas Instruments,August/2000,2000,August,,,,,,,,,,,,,,,,,,,,,,,,,,,,,,,,,,,,,,,,,,,,,,,,,,,,,,,,,,,,
CGB-BXIF-0,Entry #1,3615retro-1,https://gbhwdb.gekkio.fi/cartridges/CGB-BXIF-0/3615retro-1.html,3615Retro,Taxi 3 (France),CGB-BXIF-FRA,22,DMG-A07-01,I,3,September/2002,2002,September,,ROM,MX23C8005-12,S024149-M MX23C8005-12 CGB-BXIF-0 F1 1C4711A1B0,Macronix,Week 41/2002,2002,,41,Mapper,MBC5,MBC-5 BU3650K 240 H45,ROHM,Week 40/2002,2002,,40,,,,,,,,,,,,,,,,,,,,,,,,,,,,,,,,,,,,,,,,,,,,,,,,,,,,,,,,2838996f,72b6216fe3094d7798a359b9a4cdf7ed,e43817c673d47b7587f542dcc9f74190c63629ff,670c023f77ba86bcc1205064b5c5282f50731e41e2b33b15e7605a44c444d907
CGB-BXIF-0,Entry #1,ikk5-1,https://gbhwdb.gekkio.fi/cartridges/CGB-BXIF-0/ikk5-1.html,ikk5,Taxi 3 (France),CGB-BXIF-FRA,22,DMG-A07-01,I,4,September/2002,2002,September,,ROM,MX23C8005-12,S024149-M MX23C8005-12 CGB-BXIF-0 F1 1C4711A1B0,Macronix,Week 41/2002,2002,,41,Mapper,MBC5,2AA5CLT MBC5 2417,Texas Instruments,October/2002,2002,October,,,,,,,,,,,,,,,,,,,,,,,,,,,,,,,,,,,,,,,,,,,,,,,,,,,,,,,,,,,,
CGB-BXSP-0,Entry #1,ikk5-1,https://gbhwdb.gekkio.fi/cartridges/CGB-BXSP-0/ikk5-1.html,ikk5,"Road Champs - BXS Stunt Biking (USA, Europe)",CGB-BXSP-EUR,12,DMG-A07-01,I,4,November/2000,2000,November,,ROM,MX23C8005-12,M005149-M MX23C8005-12 CGB-BXSP-0 F1 1C4829A1,Macronix,Week 51/2000,2000,,51,Mapper,MBC5,0BD543T MBC5 2417,Texas Instruments,November/2000,2000,November,,,,,,,,,,,,,,,,,,,,,,,,,,,,,,,,,,,,,,,,,,,,,,,,,,,,,,,,,,,,
CGB-BXTJ-0,Entry #1,gekkio-1,https://gbhwdb.gekkio.fi/cartridges/CGB-BXTJ-0/gekkio-1.html,gekkio,Pocket Monsters - Crystal Version (Japan),CGB-BXTJ-JPN,00,DMG-MHEU-01,I,4,October/2000,2000,October,,ROM,MX23C1603-12A,S004719-M MX23C1603-12A CGB-BXTJ-0 G2 2D369600,Macronix,Week 47/2000,2000,,47,Mapper,MBC30,MBC30 P 047U2M,Panasonic,Week 47/2000,2000,,47,RAM,HY628100BLLG-70,HYUNDAI KOREA HY628100B 0037A LLG-70,Hyundai,Week 37/2000,2000,,37,Supervisor & Reset,BA6735,6735 0B46,ROHM,November/2000,2000,November,,,,,,,,,,,,,,,,,,,,,,,,,,Crystal,32.768 kHz,KDS0J,Daishinku,September/2000,2000,September,,CR2025,00-11,,November/2000,2000,November,,,,,136ada06cb68656b7de475fa4b278d37dbeff8f5257e7dfdf7f4a4aec19a90f3
CGB-BXTJ-0,Entry #2,gekkio-2,https://gbhwdb.gekkio.fi/cartridges/CGB-BXTJ-0/gekkio-2.html,gekkio,Pocket Monsters - Crystal Version (Japan),CGB-BXTJ-JPN,00,DMG-MHEU-01,MB,3,October/2000,2000,October,,ROM,MX23C1603-12A,S004719-M MX23C1603-12A CGB-BXTJ-0 G2 2D366300,Macronix,Week 47/2000,2000,,47,Mapper,MBC30,MBC-30 BU3633AK 046 175,ROHM,Week 46/2000,2000,,46,RAM,HY628100BLLG-70,HYUNDAI KOREA HY628100B 0037A LLG-70,Hyundai,Week 37/2000,2000,,37,Supervisor & Reset,BA6735,6735 0B84,ROHM,November/2000,2000,November,,,,,,,,,,,,,,,,,,,,,,,,,,Crystal,32.768 kHz,KDS0J,Daishinku,September/2000,2000,September,,CR2025,00-11,,November/2000,2000,November,,,,,136ada06cb68656b7de475fa4b278d37dbeff8f5257e7dfdf7f4a4aec19a90f3
CGB-BXTJ-0,Entry #1,hdr-1,https://gbhwdb.gekkio.fi/cartridges/CGB-BXTJ-0/hdr-1.html,HDR,Pocket Monsters - Crystal Version (Japan),CGB-BXTJ-JPN,,DMG-MHEU-01,I,5,November/2000,2000,November,,ROM,MX23C1603-12A,S004719-M MX23C1603-12A CGB-BXTJ-0 G2 2D366300,Macronix,Week 47/2000,2000,,47,Mapper,MBC30,MBC30 P 046U7M,Panasonic,Week 46/2000,2000,,46,RAM,HY628100BLLG-70,HYUNDAI KOREA HY628100B 0037A LLG-70,Hyundai,Week 37/2000,2000,,37,Supervisor & Reset,MM1134A,027 134A,Mitsumi,Week 27/2000,2000,,27,,,,,,,,,,,,,,,,,,,,,,,,,Crystal,32.768 kHz,KDS0K,Daishinku,October/2000,2000,October,,CR2025,,,,,,,,,,
CGB-BXTJ-0,Entry #1,kay-kidoutai-1,https://gbhwdb.gekkio.fi/cartridges/CGB-BXTJ-0/kay-kidoutai-1.html,kay_kidoutai,Pocket Monsters - Crystal Version (Japan),CGB-BXTJ-JPN,,DMG-MHEU-01,K,6,November/2000,2000,November,,ROM,MX23C1603-12A,S004619-M MX23C1603-12A CGB-BXTJ-0 G2 2D325900,Macronix,Week 46/2000,2000,,46,Mapper,MBC30,MBC-30 BU3633AK 048 116,ROHM,Week 48/2000,2000,,48,RAM,HY628100BLLG-70,HYUNDAI KOREA HY628100B 0037A LLG-70,Hyundai,Week 37/2000,2000,,37,Supervisor & Reset,MM1134A,042 134A,Mitsumi,Week 42/2000,2000,,42,,,,,,,,,,,,,,,,,,,,,,,,,Crystal,32.768 kHz,KDS0K,Daishinku,October/2000,2000,October,,CR2025,,,,,,,,,,
CGB-BY3D-0,Entry #1,missingno-force-1,https://gbhwdb.gekkio.fi/cartridges/CGB-BY3D-0/missingno-force-1.html,Missingno_force,Yu-Gi-Oh! - Das Dunkle Duell (Germany),CGB-BY3D-NOE,20,DMG-A08-10,I,2,November/2003,2003,November,,ROM,MX23C3203-12A2,E034623-M MX23C3203-12A2 CGB-BY3D-0 H2 2G513304,Macronix,Week 46/2003,2003,,46,Mapper,MBC5,MBC-5 BU3650K 245 H93,ROHM,Week 45/2002,2002,,45,RAM,BR6265BF-10SL,BR6265BF-10SL 315 136N,ROHM,Week 15/2003,2003,,15,Supervisor & Reset,BA6735,6735 2933,ROHM,September/2002,2002,September,,,,,,,,,,,,,,,,,,,,,,,,,,,,,,,,,,CR1616,,,,,,,,,,
CGB-BY3F-0,Entry #1,3615retro-1,https://gbhwdb.gekkio.fi/cartridges/CGB-BY3F-0/3615retro-1.html,3615Retro,Yu-Gi-Oh! - Duel des Tenebres (France),CGB-BY3F-FRA-1,22,DMG-A08-10,I,4,October/2002,2002,October,,ROM,MX23C3203-12A2,S024923-M MX23C3203-12A2 CGB-BY3F-0 H2 2G518600,Macronix,Week 49/2002,2002,,49,Mapper,MBC5,MBC-5 BU3650K 239 H77,ROHM,Week 39/2002,2002,,39,RAM,BR6265BF-10SL,BR6265BF-10SL 243 120N,ROHM,Week 43/2002,2002,,43,Supervisor & Reset,BA6735,6735 2988,ROHM,September/2002,2002,September,,,,,,,,,,,,,,,,,,,,,,,,,,,,,,,,,,CR1616,,,,,,,5b72bab5,ca9d65eba8af25068242c946c50b6753,566e9c4a02efd2e15c8758d0a6aab4519b6af102,493f10371ae7e15083a197de54e8ee7ba4d2df1aada470271b074f1450e970c8
CGB-BY3F-0,Entry #1,gdsn-1,https://gbhwdb.gekkio.fi/cartridges/CGB-BY3F-0/gdsn-1.html,gdsn,Yu-Gi-Oh! - Duel des Tenebres (France),CGB-BY3F-FRA-1,22,DMG-A08-10,I,2,October/2002,2002,October,,ROM,MX23C3203-12A2,S024623-M MX23C3203-12A2 CGB-BY3F-0 H2 2G517800B0,Macronix,Week 46/2002,2002,,46,Mapper,MBC5,2AAJ9ET MBC5 2417,Texas Instruments,October/2002,2002,October,,RAM,BR6265BF-10SL,BR6265BF-10SL 237 111N,ROHM,Week 37/2002,2002,,37,Supervisor & Reset,MM1134A,238 134A,Mitsumi,Week 38/2002,2002,,38,,,,,,,,,,,,,,,,,,,,,,,,,,,,,,,,,CR1616,,,,,,,,,,
CGB-BY3F-0,Entry #1,gekkio-1,https://gbhwdb.gekkio.fi/cartridges/CGB-BY3F-0/gekkio-1.html,gekkio,Yu-Gi-Oh! - Duel des Tenebres (France),CGB-BY3F-FRA-1,15,DMG-A08-10,I,2,July/2003,2003,July,,ROM,MX23C3203-12A2,S033423-M MX23C3203-12A2 CGB-BY3F-0 H2 2G518100B0,Macronix,Week 34/2003,2003,,34,Mapper,MBC5,MBC-5 BU3650K 244 H19,ROHM,Week 44/2002,2002,,44,RAM,BR6265BF-10SL,BR6265BF-10SL 317 137N,ROHM,Week 17/2003,2003,,17,Supervisor & Reset,BA6735,6735 2932,ROHM,September/2002,2002,September,,,,,,,,,,,,,,,,,,,,,,,,,,,,,,,,,,CR1616,02-11,Maxell,November/2002,2002,November,,,,,
CGB-BY3J-0,Entry #1,gekkio-1,https://gbhwdb.gekkio.fi/cartridges/CGB-BY3J-0/gekkio-1.html,gekkio,Yu-Gi-Oh! Duel Monsters III - Tri Holy God Advant (Japan),CGB-BY3J-JPN,08,DMG-A08-01,I,1,May/2000,2000,May,,ROM,MX23C3203-12 1,M002595-M MX23C3203-12 1 CGB-BY3J-0 H2 1R0833A1,Macronix,Week 25/2000,2000,,25,Mapper,MBC5,MBC5 LZ9GB31 AL23 A,Sharp,Week 23/2000,2000,,23,RAM,W2465S-70LL,Winbond W2465S-70LL 014WD20065430-II1RA,Winbond,Week 14/2000,2000,,14,Supervisor & Reset,MM1134A,019 134A,Mitsumi,Week 19/2000,2000,,19,,,,,,,,,,,,,,,,,,,,,,,,,,,,,,,,,CR1616,00-06,Maxell,June/2000,2000,June,,,,,e2cc3edffd34277ab9af404b4c160431aa1389ddc2c7b15a1273c3a58cd83c70
CGB-BY3J-0,Entry #1,granmastro-1,https://gbhwdb.gekkio.fi/cartridges/CGB-BY3J-0/granmastro-1.html,Granmastro,Yu-Gi-Oh! Duel Monsters III - Tri Holy God Advant (Japan),CGB-BY3J-JPN,,DMG-A08-01,K,4,July/2000,2000,July,,ROM,,CGB-BY3J-0 S LHMN5MTJ JAPAN H2 0033 D,Sharp,Week 33/2000,2000,,33,Mapper,MBC5,MBC5 LZ9GB31 0028 A,Sharp,Week 28/2000,2000,,28,RAM,BR6265BF-10SL,BR6265BF-10SL 029 143N,ROHM,Week 29/2000,2000,,29,Supervisor & Reset,MM1134A,023 134A,Mitsumi,Week 23/2000,2000,,23,,,,,,,,,,,,,,,,,,,,,,,,,,,,,,,,,CR1616,00-06,,June/2000,2000,June,,,,,
CGB-BY3P-0,Entry #1,ikk5-1,https://gbhwdb.gekkio.fi/cartridges/CGB-BY3P-0/ikk5-1.html,ikk5,Yu-Gi-Oh! - Dark Duel Stories (Europe),CGB-BY3P-HOL,20,DMG-A08-10,I,4,September/2003,2003,September,,ROM,MX23C3203-12A2,S033823-M MX23C3203-12A2 CGB-BY3P-0 H2 2G534105,Macronix,Week 38/2003,2003,,38,Mapper,MBC5,MBC-5 BU3650K 245 H70,ROHM,Week 45/2002,2002,,45,RAM,BR6265BF-10SL,BR6265BF-10SL 337 143N,ROHM,Week 37/2003,2003,,37,Supervisor & Reset,BA6735,6735 2932,ROHM,September/2002,2002,September,,,,,,,,,,,,,,,,,,,,,,,,,,,,,,,,,,CR1616,02-11,,November/2002,2002,November,,,,,
CGB-BY4J-0,Entry #1,gekkio-1,https://gbhwdb.gekkio.fi/cartridges/CGB-BY4J-0/gekkio-1.html,gekkio,Yu-Gi-Oh! Duel Monsters 4 - Battle of Great Duelist - Yuugi Deck (Japan),CGB-BY4J-JPN,00,DMG-A08-10,K,1,October/2000,2000,October,,ROM,MX23C3203-12A2,M004223-M MX23C3203-12A2 CGB-BY4J-0 H2 2D117500,Macronix,Week 42/2000,2000,,42,Mapper,MBC5,08DJKXT MBC5 2417,Texas Instruments,August/2000,2000,August,,RAM,LH5164AN-10L,LH5164AN-10L SHARP A0039 5 CB,Sharp,Week 39/2000,2000,,39,Supervisor & Reset,MM1134A,038 134A,Mitsumi,Week 38/2000,2000,,38,,,,,,,,,,,,,,,,,,,,,,,,,,,,,,,,,CR1616,00-08,Maxell,August/2000,2000,August,,,,,5484c00e28a38c7f6feb12ea9e78d912b457036e8672c15cb40ccea2bfc3d85e
CGB-BY4J-0,Entry #1,granmastro-1,https://gbhwdb.gekkio.fi/cartridges/CGB-BY4J-0/granmastro-1.html,Granmastro,Yu-Gi-Oh! Duel Monsters 4 - Battle of Great Duelist - Yuugi Deck (Japan),CGB-BY4J-JPN,,DMG-A08-10,A,3,October/2000,2000,October,,ROM,MX23C3203-12A2,M004323-M MX23C3203-12A2 CGB-BY4J-0 H2 2D125100,Macronix,Week 43/2000,2000,,43,Mapper,MBC5,MBC5 P 041U5M,Panasonic,Week 41/2000,2000,,41,RAM,BR6265BF-10SL,BR6265BF-10SL 044 106N,ROHM,Week 44/2000,2000,,44,Supervisor & Reset,BA6735,6735 0A57,ROHM,October/2000,2000,October,,,,,,,,,,,,,,,,,,,,,,,,,,,,,,,,,,CR1616,00-10,,October/2000,2000,October,,,,,
CGB-BY5J-0,Entry #1,granmastro-1,https://gbhwdb.gekkio.fi/cartridges/CGB-BY5J-0/granmastro-1.html,Granmastro,Yu-Gi-Oh! Duel Monsters 4 - Battle of Great Duelist - Kaiba Deck (Japan),CGB-BY5J-JPN,,DMG-A08-10,A,5,October/2000,2000,October,,ROM,MX23C3203-12A2,E004423-M MX23C3203-12A2 CGB-BY5J-0 H2 2D304700,Macronix,Week 44/2000,2000,,44,Mapper,MBC5,09AH72T MBC5 2417,Texas Instruments,September/2000,2000,September,,RAM,W2465S-70LL,Winbond W2465S-70LL 030AD20192210-811RA,Winbond,Week 30/2000,2000,,30,Supervisor & Reset,MM1134A,041 134A,Mitsumi,Week 41/2000,2000,,41,,,,,,,,,,,,,,,,,,,,,,,,,,,,,,,,,CR1616,00-09,,September/2000,2000,September,,,,,
CGB-BY6J-0,Entry #1,granmastro-1,https://gbhwdb.gekkio.fi/cartridges/CGB-BY6J-0/granmastro-1.html,Granmastro,Yu-Gi-Oh! Duel Monsters 4 - Battle of Great Duelist - Jounouchi Deck (Japan),CGB-BY6J-JPN,01,DMG-A08-10,I,1,October/2000,2000,October,,ROM,MX23C3203-12A2,M004523-M MX23C3203-12A2 CGB-BY6J-0 H2 2D187600,Macronix,Week 45/2000,2000,,45,Mapper,MBC5,MBC5 P 040U2M,Panasonic,Week 40/2000,2000,,40,RAM,LH5164AN-10L,LH5164AN-10L SHARP A0032 1 CB,Sharp,Week 32/2000,2000,,32,Supervisor & Reset,BA6735,6735 0A53,ROHM,October/2000,2000,October,,,,,,,,,,,,,,,,,,,,,,,,,,,,,,,,,,CR1616,00-10,,October/2000,2000,October,,,,,
CGB-BYTD-0,Entry #1,max-m-1,https://gbhwdb.gekkio.fi/cartridges/CGB-BYTD-0/max-m-1.html,max-m,Pokemon - Kristall-Edition (Germany),CGB-BYTD-NOE,34,DMG-KGDU-10,I,6,September/2001,2001,September,,ROM,MX23C1603-12A,M013904-M MX23C1603-12A CGB-BYTD-0 G2 1D4403A1,Macronix,Week 39/2001,2001,,39,Mapper,MBC3B,MBC-3 B BU3634K 135 H48,ROHM,Week 35/2001,2001,,35,RAM,BS62LV256SC-70,BSI BS62LV256SC-70 S2827V53117 D0109 TAIWAN,BSI,Week 9/2001,2001,,9,Supervisor & Reset,MM1134A,131 134A,Mitsumi,Week 31/2001,2001,,31,,,,,,,,,,,,,,,,,,,,,,,,,Crystal,32.768 kHz,KDS1H,Daishinku,August/2001,2001,August,,CR2025,,,,,,,,,,
CGB-BYTE-0,Entry #1,comrade-claire-1,https://gbhwdb.gekkio.fi/cartridges/CGB-BYTE-0/comrade-claire-1.html,Comrade Claire,Pokemon - Crystal Version (USA),CGB-BYTE-USA,00A,DMG-KGDU-10,I,4,June/2001,2001,June,,ROM,MX23C1603-12A,B012304-M MX23C1603-12A CGB-BYTE-0 G2 1C9894A1,Macronix,Week 23/2001,2001,,23,Mapper,MBC3B,MBC-3 B BU3634K 109 H00,ROHM,Week 9/2001,2001,,9,RAM,BS62LV256SC-70,BSI BS62LV256SC-70 S2827V52142 F0105 TAIWAN,BSI,Week 5/2001,2001,,5,Supervisor & Reset,BA6735,6735 1501,ROHM,May/2001,2001,May,,,,,,,,,,,,,,,,,,,,,,,,,,Crystal,,,,,,,,CR2025,,,,,,,,,,
CGB-BYTE-1,Entry #1,pokechu22-1,https://gbhwdb.gekkio.fi/cartridges/CGB-BYTE-1/pokechu22-1.html,Pokechu22,"Pokemon - Crystal Version (USA, Europe) (Rev 1)",CGB-BYTE-USA,00A,DMG-KGDU-10,I,4,August/2002,2002,August,,ROM,MX23C1603-12A,M023404-M MX23C1603-12A CGB-BYTE-1 G2 1D2935A1,Macronix,Week 34/2002,2002,,34,Mapper,MBC3B,MBC-3 B BU3634K 146 H08,ROHM,Week 46/2001,2001,,46,RAM,HY62WT081ED70C,hynix 0231A HY62WT081ED70C KOREA,Hynix,Week 31/2002,2002,,31,Supervisor & Reset,MM1134A,144 134A,Mitsumi,Week 44/2001,2001,,44,,,,,,,,,,,,,,,,,,,,,,,,,Crystal,32.768 kHz,KDS2G,Daishinku,July/2002,2002,July,,CR2025,,,,,,,,,,
CGB-BYTF-0,Entry #1,issotm-1,https://gbhwdb.gekkio.fi/cartridges/CGB-BYTF-0/issotm-1.html,ISSOtm,Pokemon - Version Cristal (France),CGB-BYTF-FRA,08,DMG-KGDU-10,I,1,August/2001,2001,August,,ROM,MX23C1603-12A,M013404-M MX23C1603-12A CGB-BYTF-0 G2 1D4293A1,Macronix,Week 34/2001,2001,,34,Mapper,MBC3B,MBC-3 B BU3634K 131 H28,ROHM,Week 31/2001,2001,,31,RAM,BS62LV256SC-70,BSI BS62LV256SC-70 S2827V52155 A0106 TAIWAN,BSI,Week 6/2001,2001,,6,Supervisor & Reset,BA6735,6735 1B40,ROHM,November/2001,2001,November,,,,,,,,,,,,,,,,,,,,,,,,,,Crystal,32.768 kHz,KDS1C,Daishinku,March/2001,2001,March,,CR2025,,,,,,,,,,
CGB-BYTF-0,Entry #1,kurodo-1,https://gbhwdb.gekkio.fi/cartridges/CGB-BYTF-0/kurodo-1.html,Kurodo,Pokemon - Version Cristal (France),CGB-BYTF-FRA,34,DMG-KGDU-10,I,5,August/2001,2001,August,,ROM,MX23C1603-12A,M013404-M MX23C1603-12A CGB-BYTF-0 G2 1D4293A1,Macronix,Week 34/2001,2001,,34,Mapper,MBC3B,MBC-3 B BU3634K 128 H42,ROHM,Week 28/2001,2001,,28,RAM,BS62LV256SC-70,BSI BS62LV256SC-70 S2827V45169 F0052 TAIWAN,BSI,Week 52/2000,2000,,52,Supervisor & Reset,BA6735,6735 1762,ROHM,July/2001,2001,July,,,,,,,,,,,,,,,,,,,,,,,,,,Crystal,,,,,,,,CR2025,,,,,,,,,,
CGB-BYTF-0,Entry #2,kurodo-2,https://gbhwdb.gekkio.fi/cartridges/CGB-BYTF-0/kurodo-2.html,Kurodo,Pokemon - Version Cristal (France),CGB-BYTF-FRA,07,DMG-KGDU-10,I,3,August/2001,2001,August,,ROM,MX23C1603-12A,S013404-M MX23C1603-12A CGB-BYTF-0 G2 1D2586A2,Macronix,Week 34/2001,2001,,34,Mapper,MBC3B,MBC-3 B BU3634K 132 H80,ROHM,Week 32/2001,2001,,32,RAM,BR62256F-70LL,BR62256F-70LL 126 167NA,ROHM,Week 26/2001,2001,,26,Supervisor & Reset,MM1134A,123 134A,Mitsumi,Week 23/2001,2001,,23,,,,,,,,,,,,,,,,,,,,,,,,,Crystal,,,,,,,,CR2025,,,,,,,,,,
CGB-BYTI-0,Entry #1,granmastro-1,https://gbhwdb.gekkio.fi/cartridges/CGB-BYTI-0/granmastro-1.html,Granmastro,Pokemon - Versione Cristallo (Italy),CGB-BYTI-ITA,00,DMG-KGDU-10,I,5,October/2001,2001,October,,ROM,MX23C1603-12A,E014204-M MX23C1603-12A CGB-BYTI-0 G2 1D4183A1,Macronix,Week 42/2001,2001,,42,Mapper,MBC3B,MBC-3 B BU3634K 138 H10,ROHM,Week 38/2001,2001,,38,RAM,BR62256F-70LL,BR62256F-70LL 133 192NA,ROHM,Week 33/2001,2001,,33,Supervisor & Reset,BA6735,6735 1446,ROHM,April/2001,2001,April,,,,,,,,,,,,,,,,,,,,,,,,,,Crystal,32.768 kHz,KDS1J,Daishinku,September/2001,2001,September,,CR2025,,,,,,,,,,
CGB-BYTI-0,Entry #2,granmastro-2,https://gbhwdb.gekkio.fi/cartridges/CGB-BYTI-0/granmastro-2.html,Granmastro,Pokemon - Versione Cristallo (Italy),CGB-BYTI-ITA,12,DMG-KGDU-10,I,2,September/2001,2001,September,,ROM,MX23C1603-12A,E013804-M MX23C1603-12A CGB-BYTI-0 G2 1D5596A1,Macronix,Week 38/2001,2001,,38,Mapper,MBC3B,MBC-3 B BU3634K 137 H88,ROHM,Week 37/2001,2001,,37,RAM,LC35256FM-70,SANYO LC35256FM-70U JAPAN 1EKNG,Sanyo,May/2001,2001,May,,Supervisor & Reset,MM1134A,130 134A,Mitsumi,Week 30/2001,2001,,30,,,,,,,,,,,,,,,,,,,,,,,,,Crystal,,,,,,,,CR2025,,,,,,,,,,
CGB-BYTP-1,Entry #1,ikk5-1,https://gbhwdb.gekkio.fi/cartridges/CGB-BYTP-1/ikk5-1.html,ikk5,"Pokemon - Crystal Version (USA, Europe) (Rev 1)",CGB-BYTP-EUR,,DMG-KGDU-10,I,2,September/2001,2001,September,,ROM,MX23C1603-12A,M013904-M MX23C1603-12A CGB-BYTP-1 G2 1O4202A1B0,Macronix,Week 39/2001,2001,,39,Mapper,MBC3B,MBC-3 B BU3634K 137 H89,ROHM,Week 37/2001,2001,,37,RAM,BS62LV256SC-70,BSI BS62LV256SC-70 S2827V53117 D0109 TAIWAN,BSI,Week 9/2001,2001,,9,Supervisor & Reset,BA6735,6735 1846,ROHM,August/2001,2001,August,,,,,,,,,,,,,,,,,,,,,,,,,,Crystal,,,,,,,,CR2025,01-09,,September/2001,2001,September,,,,,
CGB-BYTU-0,Entry #1,mattcurrie-1,https://gbhwdb.gekkio.fi/cartridges/CGB-BYTU-0/mattcurrie-1.html,mattcurrie,Pokemon - Crystal Version (Australia),CGB-BYTU-AUS,09,DMG-KGDU-10,I,2,October/2001,2001,October,,ROM,MX23C1603-12A,M014704-M MX23C1603-12A CGB-BYTU-0 G2 1D5311J4,Macronix,Week 47/2001,2001,,47,Mapper,MBC3B,MBC-3 B BU3634K 143 H10,ROHM,Week 43/2001,2001,,43,RAM,BS62LV256SC-70,BSI BS62LV256SC-70 S2828W15022 F0140 TAIWAN,BSI,Week 40/2001,2001,,40,Supervisor & Reset,MM1134A,144 134A,Mitsumi,Week 44/2001,2001,,44,,,,,,,,,,,,,,,,,,,,,,,,,Crystal,32.768 kHz,KDS1J,Daishinku,September/2001,2001,September,,CR2025,,,,,,,,,,
CGB-BZSP-0,Entry #1,3615retro-1,https://gbhwdb.gekkio.fi/cartridges/CGB-BZSP-0/3615retro-1.html,3615Retro,"Zidane - Football Generation (Europe) (En,Fr,De,Es,It)",CGB-BZSP-EUR,05,DMG-A06-01,NC,5,April/2001,2001,April,,ROM,MSM538011E,CGB-BZSP-0 F1 M538011E-4U 1175413,OKI,Week 17/2001,2001,,17,Mapper,MBC5,12C9K3T MBC5 2417,Texas Instruments,February/2001,2001,February,,RAM,LC3564BM-70,SANYO LC3564BM-70 JAPAN 1AK2G,Sanyo,January/2001,2001,January,,Supervisor & Reset,BA6735,6735 1221,ROHM,February/2001,2001,February,,,,,,,,,,,,,,,,,,,,,,,,,,,,,,,,,,CR1616,,,,,,,e96dbfb5,0044c80fb6c6c7c49466dafe6637d61a,06385470bb0b4ef6c743ab6a5e7f8d7a97f6100b,b4f7387b9a74d7501147567be9539007a0baa7f27bdd150a6743984b31f6bb3a
CGB-BZSP-0,Entry #1,ikk5-1,https://gbhwdb.gekkio.fi/cartridges/CGB-BZSP-0/ikk5-1.html,ikk5,"Zidane - Football Generation (Europe) (En,Fr,De,Es,It)",CGB-BZSP-EUR,41,DMG-A06-01,NC,6,April/2001,2001,April,,ROM,MSM538011E,CGB-BZSP-0 F1 M538011E-4U 1175415,OKI,Week 17/2001,2001,,17,Mapper,MBC5,12C40JT MBC5 2417,Texas Instruments,February/2001,2001,February,,RAM,LC3564BM-70,SANYO LC3564BM-70 JAPAN 0FU4G,Sanyo,June/2000,2000,June,,Supervisor & Reset,BA6735,6735 1295,ROHM,February/2001,2001,February,,,,,,,,,,,,,,,,,,,,,,,,,,,,,,,,,,CR1616,00-12,,December/2000,2000,December,,,,,
CGB-HF2J-0,Entry #1,gekkio-1,https://gbhwdb.gekkio.fi/cartridges/CGB-HF2J-0/gekkio-1.html,gekkio,Pocket Family GB 2 (Japan),CGB-HF2J-JPN,22,DMG-UGDU-01,I,6,July/1999,1999,July,,ROM,,CGB-HF2J-0 S LH537MTR JAPAN G2 9929 D,Sharp,Week 29/1999,1999,,29,Mapper,HuC-3,HuC-3 © HUDSON Nintendo 9943 A,Hudson,Week 43/1999,1999,,43,RAM,LH52256CT-10LL,LH52256CT-10LL SHARP JAPAN 9918 1 SO,Sharp,Week 18/1999,1999,,18,Supervisor & Reset,MM1134A,915 134A,Mitsumi,Week 15/1999,1999,,15,Hex inverter,TC74LVX04FT,LVX 04 9 26,Toshiba,Week 26/1999,1999,,26,,,,,,,,,,,,,,,,,Crystal,32.768 kHz,KDS8M,Daishinku,December/1998,1998,December,,CR2025,,,,,,,,,,52fe71ead929f54dd6706d5482becb033fd00fa35433769407136ab1296ec36a
CGB-KCEJ-0,Entry #1,gekkio-1,https://gbhwdb.gekkio.fi/cartridges/CGB-KCEJ-0/gekkio-1.html,gekkio,Command Master (Japan),CGB-KCEJ-JPN,00,DMG-A47-01,MB,6,October/2000,2000,October,,Mapper,MBC7,MBC-7 BU3667KS 041 170,ROHM,Week 41/2000,2000,,41,ROM,MX23C1603-12A,S004219-M MX23C1603-12A CGB-KCEJ-0 G2 2D275401,Macronix,Week 42/2000,2000,,42,EEPROM,LC56,LCS5 040,,Week 40/2000,2000,,40,Accelerometer,ADXL202JQC,3384590167 0036 ADXL202JQC,Analog Devices,Week 36/2000,2000,,36,,,,,,,,,,,,,,,,,,,,,,,,,,,,,,,,,,,,,,,,,,,2870510d3905b626fe0b5016af9699c85018289d8413f16cb5876ddefc860042
CGB-KKKJ-0,Entry #1,gekkio-1,https://gbhwdb.gekkio.fi/cartridges/CGB-KKKJ-0/gekkio-1.html,gekkio,Korokoro Kirby (Japan),CGB-KKKJ-JPN,34,DMG-A40-01,MB,1,August/2000,2000,August,,Mapper,MBC7,MBC-7 BU3667KS 036 151,ROHM,Week 36/2000,2000,,36,ROM,MSM538011E,CGB-KKKJ-0 F1 M538011E-P0 0365423,OKI,Week 36/2000,2000,,36,EEPROM,LC56,LCS5 435 09,,Week 35/2004,2004,,35,Accelerometer,ADXL202JQC,3257920022 0032 ADXL202JQC,Analog Devices,Week 32/2000,2000,,32,,,,,,,,,,,,,,,,,,,,,,,,,,,,,,,,,,,,,,,,,,,04e394c7913be317cc0be27ba8ba84ffafb4e83cd531cc66c5e2a678efe5cef3
CGB-KKKJ-0,Entry #2,gekkio-2,https://gbhwdb.gekkio.fi/cartridges/CGB-KKKJ-0/gekkio-2.html,gekkio,Korokoro Kirby (Japan),CGB-KKKJ-JPN,34,DMG-A40-01,MB,6,June/2000,2000,June,,Mapper,MBC7,MBC-7 BU3667KS 036 147,ROHM,Week 36/2000,2000,,36,ROM,MSM538011E,CGB-KKKJ-0 F1 M538011E-P0 0355413,OKI,Week 35/2000,2000,,35,EEPROM,LC56,LC56 W617 08,,,,,,Accelerometer,ADXL202JQC,2738109451 0028 ADXL202JQC,Analog Devices,Week 28/2000,2000,,28,,,,,,,,,,,,,,,,,,,,,,,,,,,,,,,,,,,,,,,,,,,04e394c7913be317cc0be27ba8ba84ffafb4e83cd531cc66c5e2a678efe5cef3
CGB-KKKJ-0,Entry #1,kai-1,https://gbhwdb.gekkio.fi/cartridges/CGB-KKKJ-0/kai-1.html,Kai,Korokoro Kirby (Japan),CGB-KKKJ-JPN,22,DMG-A40-01,MB,5,July/2000,2000,July,,Mapper,MBC7,MBC-7 BU3667KS 031 118,ROHM,Week 31/2000,2000,,31,ROM,MSM538011E,CGB-KKKJ-0 F1 M538011E-P0 0345401,OKI,Week 34/2000,2000,,34,EEPROM,LC56,LC56 W139 07,,,,,,Accelerometer,ADXL202JQC,2813088718 0025 ADXL202JQC,Analog Devices,Week 25/2000,2000,,25,,,,,,,,,,,,,,,,,,,,,,,,,,,,,,,,,,,,,,,,,,,
CGB-KKKJ-0,Entry #1,kay-kidoutai-1,https://gbhwdb.gekkio.fi/cartridges/CGB-KKKJ-0/kay-kidoutai-1.html,kay_kidoutai,Korokoro Kirby (Japan),CGB-KKKJ-JPN,22,DMG-A40-01,MB,3,August/2000,2000,August,,Mapper,MBC7,MBC-7 BU3667KS 037 154,ROHM,Week 37/2000,2000,,37,ROM,μPD23C8001EJGW,CGB-KKKJ-0 F1 N-8001EJGW-K39 0042K7005,NEC,Week 42/2000,2000,,42,EEPROM,LC56,LC56 U713 08,,,,,,Accelerometer,ADXL202JQC,3307286856 0033 ADXL202JQC,Analog Devices,Week 33/2000,2000,,33,,,,,,,,,,,,,,,,,,,,,,,,,,,,,,,,,,,,,,,,,,,
CGB-KTNE-0,Entry #1,endrift-1,https://gbhwdb.gekkio.fi/cartridges/CGB-KTNE-0/endrift-1.html,endrift,Kirby - Tilt 'n' Tumble (USA),CGB-KTNE-USA,22,DMG-A40-01,MB,5,April/2001,2001,April,,Mapper,MBC7,MBC-7 BU3667KS 105 129,ROHM,Week 5/2001,2001,,5,ROM,MSM538011E,CGB-KTNE-0 F1 M538011E-1J 1185402,OKI,Week 18/2001,2001,,18,EEPROM,LC56,LC56 W242 12,,,,,,Accelerometer,ADXL202JQC,3968550822 0110 ADXL202JQC,Analog Devices,Week 10/2001,2001,,10,,,,,,,,,,,,,,,,,,,,,,,,,,,,,,,,,,,,,,,,,,,
CGB-VCAJ-0,Entry #1,gekkio-1,https://gbhwdb.gekkio.fi/cartridges/CGB-VCAJ-0/gekkio-1.html,gekkio,Chee-Chai Alien (Japan) (Rumble Version),,,DMG-A12-10,MB,4,February/2001,2001,February,,ROM,MX23C3203-12A2,S010623-M MX23C3203-12A2 CGB-VCAJ-0 H2 2D556900,Macronix,Week 6/2001,2001,,6,Mapper,MBC5,0CD2XDT MBC5 2417,Texas Instruments,December/2000,2000,December,,RAM,GM76C256CLLFW70,HYUNDAI GM76C256CLLFW70 0048 KOREA,Hyundai,Week 48/2000,2000,,48,Supervisor & Reset,BA6735,6735 0C14,ROHM,December/2000,2000,December,,,,,,,,,,,,,,,,,,,,,,,,,,,,,,,,,,CR1616,00-12,Maxell,December/2000,2000,December,,,,,
CGB-VGRJ-0,Entry #1,gekkio-1,https://gbhwdb.gekkio.fi/cartridges/CGB-VGRJ-0/gekkio-1.html,gekkio,Top Gear Pocket (Japan) (En) (Rumble Version),CGB-VGRJ-JPN,20,DMG-A10-01,I,3,March/1999,1999,March,,ROM,MSM538011E,CGB-VGRJ-0 F M538011E-42 9125401,OKI,Week 12/1999,1999,,12,Mapper,MBC5,MBC5 P-1 905U6L,Panasonic,Week 5/1999,1999,,5,,,,,,,,,,,,,,,,,,,,,,,,,,,,,,,,,,,,,,,,,,,,,,,,,,,,,,,,,,,
CGB-VYHE-0,Entry #1,ben-black-1,https://gbhwdb.gekkio.fi/cartridges/CGB-VYHE-0/ben-black-1.html,Ben Black,"Star Wars Episode I - Racer (USA, Europe) (Rumble Version)",CGB-VYHE-USA,11,DMG-A11-01,I,4,October/1999,1999,October,,ROM,MX23C1603-12 1,M994395-M MX23C1603-12 1 CGB-VYHE-0 G2 1Q6065A1,Macronix,Week 43/1999,1999,,43,Mapper,MBC5,MBC5 P-1 942U5M,Panasonic,Week 42/1999,1999,,42,RAM,LH5164AN-10L,LH5164AN-10L SHARP JAPAN 9945 1 EB,Sharp,Week 45/1999,1999,,45,Supervisor & Reset,MM1134A,940 134A,Mitsumi,Week 40/1999,1999,,40,,,,,,,,,,,,,,,,,,,,,,,,,,,,,,,,,CR1616,,,,,,,,,,
DMG-A2GJ-0,Entry #1,kay-kidoutai-1,https://gbhwdb.gekkio.fi/cartridges/DMG-A2GJ-0/kay-kidoutai-1.html,kay_kidoutai,Beatmania GB 2 - Gotcha Mix (Japan) (SGB Enhanced) (GB Compatible),DMG-A2GJ-JPN,13,DMG-A07-01,MB,6,October/1999,1999,October,,ROM,,DMG-A2GJ-0 S LH538WP9 JAPAN F1 9946 D,Sharp,Week 46/1999,1999,,46,Mapper,MBC5,MBC5 P-1 942U4M,Panasonic,Week 42/1999,1999,,42,,,,,,,,,,,,,,,,,,,,,,,,,,,,,,,,,,,,,,,,,,,,,,,,,,,,,,,,,,,
DMG-A2GJ-0,Entry #1,mattcurrie-1,https://gbhwdb.gekkio.fi/cartridges/DMG-A2GJ-0/mattcurrie-1.html,mattcurrie,Beatmania GB 2 - Gotcha Mix (Japan) (SGB Enhanced) (GB Compatible),DMG-A2GJ-JPN,13,DMG-A07-01,MB,4,October/1999,1999,October,,ROM,,DMG-A2GJ-0 S LH538WP9 JAPAN F1 9946 D,Sharp,Week 46/1999,1999,,46,Mapper,MBC5,MBC5 LZ9GB31 9939 A,Sharp,Week 39/1999,1999,,39,,,,,,,,,,,,,,,,,,,,,,,,,,,,,,,,,,,,,,,,,,,,,,,,,,,,,,,,,,,
DMG-A2LJ-0,Entry #1,marcao-cfh-1,https://gbhwdb.gekkio.fi/cartridges/DMG-A2LJ-0/marcao-cfh-1.html,marcao_cfh,Megami Tensei Gaiden - Last Bible II (Japan) (SGB Enhanced) (GB Compatible),DMG-A2LJ-JPN,20,DMG-A06-01,A,2,1998,1998,,,ROM,MSM538011E,DMG-A2LJ-0 F1 M538011E-41 9125404,OKI,Week 12/1999,1999,,12,Mapper,MBC5,MBC5 P-1 852U1L,Panasonic,Week 52/1998,1998,,52,RAM,BR6265BF-10SL,BR6265BF-10SL 905 133N,ROHM,Week 5/1999,1999,,5,Supervisor & Reset,MM1134A,849 134A,Mitsumi,Week 49/1998,1998,,49,,,,,,,,,,,,,,,,,,,,,,,,,,,,,,,,,CR1616,,,,,,,,,,
DMG-A3GP-0,Entry #1,issotm-1,https://gbhwdb.gekkio.fi/cartridges/DMG-A3GP-0/issotm-1.html,ISSOtm,"PGA Tour 96 (USA, Europe) (SGB Enhanced)",DMG-A3GP-EUR,22,DMG-BEAN-02,I,5,October/1995,1995,October,,ROM,TC534000DF,TOSHIBA 9546EAI TC534000DF DMG-A3GP-0 E1 N085 JAPAN,Toshiba,Week 46/1995,1995,,46,Mapper,MBC1B,DMG MBC1-B Nintendo P 5'00,Panasonic,October/1995,1995,October,,,,,,,,,,,,,,,,,,,,,,,,,,,,,,,,,,,,,,,,,,,,,,,,,,,,,,,,,,,,
DMG-A3ME-0,Entry #1,beckybecky125-1,https://gbhwdb.gekkio.fi/cartridges/DMG-A3ME-0/beckybecky125-1.html,beckybecky125,"Mortal Kombat 3 (USA, Europe)",DMG-A3ME-USA,00,DMG-BEAN-02,Y,5,October/1995,1995,October,,ROM,TC534000DF,TOSHIBA 9545EAI TC534000DF DMG-A3ME-0 E1 N087 JAPAN,Toshiba,Week 45/1995,1995,,45,Mapper,MBC1B1,DMG MBC1B1 Nintendo S 9544 3 A,Sharp,Week 44/1995,1995,,44,,,,,,,,,,,,,,,,,,,,,,,,,,,,,,,,,,,,,,,,,,,,,,,,,,,,,,,,bf9c65fb,c19d61e31d6aebc12abf80d628a7bd09,b43626e2f20fa865783892ab8a012aa86e1dcee2,6c2733c0a57bbfe5075bec42e0735c685c934780db45b33f899f62dfea549f69
DMG-A3ME-0,Entry #1,mattcurrie-1,https://gbhwdb.gekkio.fi/cartridges/DMG-A3ME-0/mattcurrie-1.html,mattcurrie,"Mortal Kombat 3 (USA, Europe)",DMG-A3MP-EUR,22,DMG-BEAN(K)-02,Hs,1,November/1995,1995,November,,ROM,,DMG-A3ME-0 S LH534MW1 JAPAN E1 9547 E,Sharp,Week 47/1995,1995,,47,Mapper,MBC1B,DMG MBC1-B Nintendo P 5'00,Panasonic,October/1995,1995,October,,,,,,,,,,,,,,,,,,,,,,,,,,,,,,,,,,,,,,,,,,,,,,,,,,,,,,,,,,,,
DMG-A4KP-0,Entry #1,alex-g-1,https://gbhwdb.gekkio.fi/cartridges/DMG-A4KP-0/alex-g-1.html,Alex G,"Mortal Kombat 4 (USA, Europe) (SGB Enhanced) (GB Compatible)",DMG-A4KP-EUU,22,DMG-A07-01,I,5,November/1998,1998,November,,ROM,,DMG-A4KP-0 S LH538WY2 JAPAN F1 9850 D,Sharp,Week 50/1998,1998,,50,Mapper,MBC5,MBC-5 BU3650K 843 146,ROHM,Week 43/1998,1998,,43,,,,,,,,,,,,,,,,,,,,,,,,,,,,,,,,,,,,,,,,,,,,,,,,,,,,,,,,4eb71448,,ea54fb35cd8c4d4cea234423a81f8f953b1d33e4,
DMG-A4RJ-0,Entry #1,gekkio-1,https://gbhwdb.gekkio.fi/cartridges/DMG-A4RJ-0/gekkio-1.html,gekkio,Bakukyuu Renpatsu!! Super B-Daman - Gekitan! Rising Valkyrie!! (Japan) (SGB Enhanced) (GB Compatible),DMG-A4RJ-JPN,34,DMG-A06-01,A,5,December/1999,1999,December,,ROM,,DMG-A4RJ-0 S LHMN8JNU JAPAN F1 0008 E,Sharp,Week 8/2000,2000,,8,Mapper,MBC5,MBC5 P-1 003U6M,Panasonic,Week 3/2000,2000,,3,RAM,LH5164AN-10L,LH5164AN-10L SHARP A0005 3 CB,Sharp,Week 5/2000,2000,,5,Supervisor & Reset,BA6735,6735 0122,ROHM,January/2000,2000,January,,,,,,,,,,,,,,,,,,,,,,,,,,,,,,,,,,CR1616,00-01,Panasonic,January/2000,2000,January,,,,,abfda189356b189abf929609be942cf831eeac16da69766bf34e3090bd0201b3
DMG-A6SP-0,Entry #1,issotm-1,https://gbhwdb.gekkio.fi/cartridges/DMG-A6SP-0/issotm-1.html,ISSOtm,"FIFA Soccer 96 (USA, Europe) (En,Fr,De,Es) (SGB Enhanced)",DMG-A6SP-EUR,22,DMG-BEAN-02,I,1,November/1995,1995,November,,ROM,,DMG-A6SP-0 S LH534MW3 JAPAN E1 9547 E,Sharp,Week 47/1995,1995,,47,Mapper,MBC1B,Nintendo DMG MBC1B N9542B3004,NEC,Week 42/1995,1995,,42,,,,,,,,,,,,,,,,,,,,,,,,,,,,,,,,,,,,,,,,,,,,,,,,,,,,,,,,,,,
DMG-A6W-0,Entry #1,tobiasvl-1,https://gbhwdb.gekkio.fi/cartridges/DMG-A6W-0/tobiasvl-1.html,tobiasvl,Bamse (Sweden),DMG-A6-SCN,00,DMG-BEAN-10,Y,4,February/1997,1997,February,,ROM,LH530800A,DMG-A6W-0 S LH531HF8 JAPAN C1 9709 E,Sharp,Week 9/1997,1997,,9,Mapper,MBC1B1,DMG MBC1B1 Nintendo S 9704 5 A,Sharp,Week 4/1997,1997,,4,,,,,,,,,,,,,,,,,,,,,,,,,,,,,,,,,,,,,,,,,,,,,,,,,,,,,,,,,,,
DMG-A6Y-0,Entry #1,ikk5-1,https://gbhwdb.gekkio.fi/cartridges/DMG-A6Y-0/ikk5-1.html,ikk5,Baby T-Rex (Europe),DMG-A6-NOE,22,DMG-BEAN-02,B,3,January/1993,1993,January,,ROM,LH530800,DMG-A6Y-0 S LH5308WD JAPAN C1 9317 D,Sharp,Week 17/1993,1993,,17,Mapper,MBC1B,Nintendo DMG MBC1B N 9307BA024,NEC,Week 7/1993,1993,,7,,,,,,,,,,,,,,,,,,,,,,,,,,,,,,,,,,,,,,,,,,,,,,,,,,,,,,,,,,,
DMG-A8SP-0,Entry #1,gdsn-1,https://gbhwdb.gekkio.fi/cartridges/DMG-A8SP-0/gdsn-1.html,gdsn,FIFA - Road to World Cup 98 (Europe) (SGB Enhanced),DMG-A8SP-EUR,22,DMG-BEAN-10,K,4,November/1997,1997,November,,ROM,,DMG-A8SP-0 S LH5S4MW7 JAPAN E1 9751 D,Sharp,Week 51/1997,1997,,51,Mapper,MBC1B,DMG MBC1-B Nintendo P 7'N7,Panasonic,November/1997,1997,November,,,,,,,,,,,,,,,,,,,,,,,,,,,,,,,,,,,,,,,,,,,,,,,,,,,,,,,,,,,,
DMG-A8WP-0,Entry #1,issotm-1,https://gbhwdb.gekkio.fi/cartridges/DMG-A8WP-0/issotm-1.html,ISSOtm,"World Cup 98 (USA, Europe) (SGB Enhanced)",DMG-A8WP-EUR,00,DMG-BEAN-10,I,3,April/1998,1998,April,,ROM,,DMG-A8WP-0 S LH5S4MV0 JAPAN E1 9818 D,Sharp,Week 18/1998,1998,,18,Mapper,MBC1B1,DMG MBC1B1 Nintendo S 9751 5 A,Sharp,Week 51/1997,1997,,51,,,,,,,,,,,,,,,,,,,,,,,,,,,,,,,,,,,,,,,,,,,,,,,,,,,,,,,,,,,
DMG-AA7P-0,Entry #1,ikk5-1,https://gbhwdb.gekkio.fi/cartridges/DMG-AA7P-0/ikk5-1.html,ikk5,"720 Degrees (USA, Europe) (GB Compatible)",DMG-AA7P-EUU,34,DMG-A07-01,A,6,January/1999,1999,January,,ROM,MSM538011E,DMG-AA7P-0 F1 M538011E-38 9105403,OKI,Week 10/1999,1999,,10,Mapper,MBC5,MBC5 P-1 901U6L,Panasonic,Week 1/1999,1999,,1,,,,,,,,,,,,,,,,,,,,,,,,,,,,,,,,,,,,,,,,,,,,,,,,,,,,,,,,,,,
DMG-AAMJ-0,Entry #1,gekkio-1,https://gbhwdb.gekkio.fi/cartridges/DMG-AAMJ-0/gekkio-1.html,gekkio,Mini Yonku GB Let's & Go!! - All-Star Battle Max (Japan) (SGB Enhanced),DMG-AAMJ-JPN,22,DMG-LFDN-01,I,1,May/1998,1998,May,,ROM,,DMG-AAMJ-0 S LH538MNG JAPAN F1 9821 D,Sharp,Week 21/1998,1998,,21,Mapper,MBC3,MBC3 BU3631K 803 133,ROHM,Week 3/1998,1998,,3,RAM,BR62256F-70LL,BR62256F-70LL 813 118,ROHM,Week 13/1998,1998,,13,Supervisor & Reset,BA6129A,6129A 8215,ROHM,February/1998,1998,February,,,,,,,,,,,,,,,,,,,,,,,,,,,,,,,,,,CR2025,98-02,Panasonic,February/1998,1998,February,,,,,947961a18107e7a6fb4bbb892858e4ca724e3fd1272df016713440c36a1232a0
DMG-AAUD-0,Entry #1,max-m-1,https://gbhwdb.gekkio.fi/cartridges/DMG-AAUD-0/max-m-1.html,max-m,Pokemon - Goldene Edition (Germany) (SGB Enhanced) (GB Compatible),DMG-AAUD-NOE,09,DMG-KGDU-10,K,3,January/2001,2001,January,,ROM,MX23C1603-12A,E010504-M MX23C1603-12A DMG-AAUD-0 G2 1C5429A1,Macronix,Week 5/2001,2001,,5,Mapper,MBC3B,MBC-3 B BU3634K 103 H55,ROHM,Week 3/2001,2001,,3,RAM,GM76C256CLLFW70,HYUNDAI GM76C256CLLFW70 0049 KOREA,Hyundai,Week 49/2000,2000,,49,Supervisor & Reset,BA6735,6735 0C04,ROHM,December/2000,2000,December,,,,,,,,,,,,,,,,,,,,,,,,,,Crystal,,,,,,,,CR2025,,,,,,,,,,
DMG-AAUD-0,Entry #1,missingno-force-1,https://gbhwdb.gekkio.fi/cartridges/DMG-AAUD-0/missingno-force-1.html,Missingno_force,Pokemon - Goldene Edition (Germany) (SGB Enhanced) (GB Compatible),DMG-AAUD-NOE,08,DMG-KGDU-10,I,3,February/2001,2001,February,,ROM,MX23C1603-12A,E010504-M MX23C1603-12A DMG-AAUD-0 G2 1C7351A1,Macronix,Week 5/2001,2001,,5,Mapper,MBC3B,MBC-3 B BU3634K 103 H18,ROHM,Week 3/2001,2001,,3,RAM,GM76C256CLLFW70,HYUNDAI GM76C256CLLFW70 0046 KOREA,Hyundai,Week 46/2000,2000,,46,Supervisor & Reset,MM1134A,050 134A,Mitsumi,Week 50/2000,2000,,50,,,,,,,,,,,,,,,,,,,,,,,,,Crystal,32.768 kHz,KDS0M,Daishinku,December/2000,2000,December,,CR2025,,,,,,,,,,
DMG-AAUF-0,Entry #1,3615retro-1,https://gbhwdb.gekkio.fi/cartridges/DMG-AAUF-0/3615retro-1.html,3615Retro,Pokemon - Version Or (France) (SGB Enhanced) (GB Compatible),DMG-AAUF-FRA,22,DMG-KGDU-10,I,4,December/2000,2000,December,,ROM,MX23C1603-12A,M010204-M MX23C1603-12A DMG-AAUF-0 G2 1C6597A1,Macronix,Week 2/2001,2001,,2,Mapper,MBC3A,MBC3 A LR38536B 0015 A,Sharp,Week 15/2000,2000,,15,RAM,BR62256F-70LL,BR62256F-70LL 049 142NA,ROHM,Week 49/2000,2000,,49,Supervisor & Reset,MM1134A,041 134A,Mitsumi,Week 41/2000,2000,,41,,,,,,,,,,,,,,,,,,,,,,,,,Crystal,,,,,,,,CR2025,,,,,,,37a70702,9af19423c5fa3dbe4fdcc78d2bc7d1c0,c147c0d8c2b71b7628a7233436f5c052b5b17081,6103cadf2ae505f4b489a8a414c8db27a2307d797ddf8a3a848659b591dd4023
DMG-AAUF-0,Entry #1,alex-g-1,https://gbhwdb.gekkio.fi/cartridges/DMG-AAUF-0/alex-g-1.html,Alex G,Pokemon - Version Or (France) (SGB Enhanced) (GB Compatible),DMG-AAUF-FRA,22,DMG-KGDU-10,MB,1,November/2000,2000,November,,ROM,MX23C1603-12A,E010219-M MX23C1603-12A DMG-AAUF-0 G2 2D515600,Macronix,Week 2/2001,2001,,2,Mapper,MBC3B,MBC-3 B BU3634K 049 H67,ROHM,Week 49/2000,2000,,49,RAM,BR62256F-70LL,BR62256F-70LL 050 180NA,ROHM,Week 50/2000,2000,,50,Supervisor & Reset,BA6735,6735 0C90,ROHM,December/2000,2000,December,,,,,,,,,,,,,,,,,,,,,,,,,,Crystal,,,,,,,,CR2025,,,,,,,37a70702,,c147c0d8c2b71b7628a7233436f5c052b5b17081,
DMG-AAUF-0,Entry #1,gdsn-1,https://gbhwdb.gekkio.fi/cartridges/DMG-AAUF-0/gdsn-1.html,gdsn,Pokemon - Version Or (France) (SGB Enhanced) (GB Compatible),DMG-AAUF-FRA,,DMG-KGDU-10,K,1,January/2001,2001,January,,ROM,MX23C1603-12A,M010604-M MX23C1603-12A DMG-AAUF-0 G2 1C7195A1,Macronix,Week 6/2001,2001,,6,Mapper,MBC3B,MBC-3 B BU3634K 103 H55,ROHM,Week 3/2001,2001,,3,RAM,LH52256CN-10LL,LH52256CN-10LL SHARP JAPAN 0043 7 SO,Sharp,Week 43/2000,2000,,43,Supervisor & Reset,BA6735,6735 0C04,ROHM,December/2000,2000,December,,,,,,,,,,,,,,,,,,,,,,,,,,Crystal,32.768 kHz,KDS0M,Daishinku,December/2000,2000,December,,CR2025,,,,,,,,,,
DMG-AAUF-0,Entry #1,kurodo-1,https://gbhwdb.gekkio.fi/cartridges/DMG-AAUF-0/kurodo-1.html,Kurodo,Pokemon - Version Or (France) (SGB Enhanced) (GB Compatible),DMG-AAUF-FRA,11,DMG-KGDU-10,K,1,May/2001,2001,May,,ROM,MX23C1603-12A,S011819-M MX23C1603-12A DMG-AAUF-0 G2 2D743802,Macronix,Week 18/2001,2001,,18,Mapper,MBC3B,MBC-3 B BU3634K 108 H56,ROHM,Week 8/2001,2001,,8,RAM,BS62LV256SC-70,BSI BS62LV256SC-70 S2827V53118.N A0109 TAIWAN,BSI,Week 9/2001,2001,,9,Supervisor & Reset,MM1134A,041 134A,Mitsumi,Week 41/2000,2000,,41,,,,,,,,,,,,,,,,,,,,,,,,,Crystal,32.768 kHz,32K0Z,,2000,2000,,,CR2025,,,,,,,,,,
DMG-AAUF-0,Entry #2,kurodo-2,https://gbhwdb.gekkio.fi/cartridges/DMG-AAUF-0/kurodo-2.html,Kurodo,Pokemon - Version Or (France) (SGB Enhanced) (GB Compatible),DMG-AAUF-FRA,12,DMG-KGDU-10,MB,5,January/2001,2001,January,,ROM,MX23C1603-12A,M010604-M MX23C1603-12A DMG-AAUF-0 G2 1C6981A3,Macronix,Week 6/2001,2001,,6,Mapper,MBC3B,MBC-3 B BU3634K 105 H58,ROHM,Week 5/2001,2001,,5,RAM,GM76C256CLLFW70,HYUNDAI GM76C256CLLFW70 0051 KOREA,Hyundai,Week 51/2000,2000,,51,Supervisor & Reset,MM1134A,051 134A,Mitsumi,Week 51/2000,2000,,51,,,,,,,,,,,,,,,,,,,,,,,,,Crystal,,,,,,,,CR2025,,,,,,,,,,
DMG-AAUF-0,Entry #1,louhike-1,https://gbhwdb.gekkio.fi/cartridges/DMG-AAUF-0/louhike-1.html,Louhike,Pokemon - Version Or (France) (SGB Enhanced) (GB Compatible),DMG-AAUF-FRA,11,DMG-KGDU-10,I,4,December/2000,2000,December,,ROM,MX23C1603-12A,E010219-M MX23C1603-12A DMG-AAUF-0 G2 2D519002,Macronix,Week 2/2001,2001,,2,Mapper,MBC3B,MBC3 B P-2 037U2E,Panasonic,Week 37/2000,2000,,37,RAM,BR62256F-70LL,BR62256F-70LL 049 165NA,ROHM,Week 49/2000,2000,,49,Supervisor & Reset,BA6735,6735 0C87,ROHM,December/2000,2000,December,,,,,,,,,,,,,,,,,,,,,,,,,,Crystal,,,,,,,,CR2025,00-12,,December/2000,2000,December,,,,,
DMG-AAUI-0,Entry #1,granmastro-1,https://gbhwdb.gekkio.fi/cartridges/DMG-AAUI-0/granmastro-1.html,Granmastro,Pokemon - Versione Oro (Italy) (SGB Enhanced) (GB Compatible),DMG-AAUI-ITA,41,DMG-KGDU-10,I,3,February/2001,2001,February,,ROM,MX23C1603-12A,M010804-M MX23C1603-12A DMG-AAUI-0 G2 1C8052A3,Macronix,Week 8/2001,2001,,8,Mapper,MBC3B,MBC3 B P-2 041U2E,Panasonic,Week 41/2000,2000,,41,RAM,GM76C256CLLFW70,HYUNDAI GM76C256CLLFW70 0049 KOREA,Hyundai,Week 49/2000,2000,,49,Supervisor & Reset,MM1134A,050 134A,Mitsumi,Week 50/2000,2000,,50,,,,,,,,,,,,,,,,,,,,,,,,,Crystal,32.768 kHz,KDS0M,Daishinku,December/2000,2000,December,,CR2025,,,,,,,,,,
DMG-AAUI-0,Entry #2,granmastro-2,https://gbhwdb.gekkio.fi/cartridges/DMG-AAUI-0/granmastro-2.html,Granmastro,Pokemon - Versione Oro (Italy) (SGB Enhanced) (GB Compatible),DMG-AAUI-ITA-1,41,DMG-KGDU-10,I,4,May/2001,2001,May,,ROM,MX23C1603-12A,E012104-M MX23C1603-12A DMG-AAUI-0 G2 1D2204A1,Macronix,Week 21/2001,2001,,21,Mapper,MBC3B,MBC3 B P-2 045U5E,Panasonic,Week 45/2000,2000,,45,RAM,BS62LV256SC-70,BSI BS62LV256SC-70 S2827V53123.N F0110 TAIWAN,BSI,Week 10/2001,2001,,10,Supervisor & Reset,BA6735,6735 1141,ROHM,January/2001,2001,January,,,,,,,,,,,,,,,,,,,,,,,,,,Crystal,,,,,,,,CR2025,,,,,,,,,,
DMG-AAUJ-1,Entry #1,gdsn-1,https://gbhwdb.gekkio.fi/cartridges/DMG-AAUJ-1/gdsn-1.html,gdsn,Pocket Monsters Kin (Japan) (Rev 1) (SGB Enhanced) (GB Compatible),DMG-AAUJ-JPN,22A,DMG-KFDN-10,I,6,January/2000,2000,January,,ROM,,DMG-AAUJ-1 S LHMN8JN2 JAPAN F1 0007 D,Sharp,Week 7/2000,2000,,7,Mapper,MBC3A,MBC-3 A BU3632K 951 H58,ROHM,Week 51/1999,1999,,51,RAM,GM76C256CLLFW70,HYUNDAI GM76C256CLLFW70 0002 KOREA,Hyundai,Week 2/2000,2000,,2,Supervisor & Reset,BA6735,6735 0123,ROHM,January/2000,2000,January,,,,,,,,,,,,,,,,,,,,,,,,,,Crystal,,,,,,,,CR2025,,,,,,,,,,
DMG-AAUJ-1,Entry #1,gekkio-1,https://gbhwdb.gekkio.fi/cartridges/DMG-AAUJ-1/gekkio-1.html,gekkio,Pocket Monsters Kin (Japan) (Rev 1) (SGB Enhanced) (GB Compatible),DMG-AAUJ-JPN,34A,DMG-KFDN-10,K,4,October/1999,1999,October,,ROM,KM23C8000DG,SEC KM23C8000DG DMG-AAUJ-1 F1 KFX331U,Samsung,,,,,Mapper,MBC3A,MBC3 A LR38536B 9935 A,Sharp,Week 35/1999,1999,,35,RAM,LH52256CN-10LL,LH52256CN-10LL SHARP JAPAN 9912 1 SO,Sharp,Week 12/1999,1999,,12,Supervisor & Reset,MM1134A,944 134A,Mitsumi,Week 44/1999,1999,,44,,,,,,,,,,,,,,,,,,,,,,,,,Crystal,32.768 kHz,KDS9H,Daishinku,August/1999,1999,August,,CR2025,99-10,,October/1999,1999,October,,,,,27a07a1d3faf9c6a0b1b60d5e88ee3a4159a751a47b4c46ab09f1202d52bac3e
DMG-AAUP-0,Entry #1,ikk5-1,https://gbhwdb.gekkio.fi/cartridges/DMG-AAUP-0/ikk5-1.html,ikk5,"Pokemon - Gold Version (USA, Europe) (SGB Enhanced) (GB Compatible)",DMG-AAUP-EUR,34,DMG-KGDU-10,K,6,October/2000,2000,October,,ROM,MX23C1603-12A,M005019-M MX23C1603-12A DMG-AAUP-0 G2 2D419400,Macronix,Week 50/2000,2000,,50,Mapper,MBC3B,MBC3 B P-2 037U3E,Panasonic,Week 37/2000,2000,,37,RAM,LH52256CN-10LL,LH52256CN-10LL SHARP JAPAN 0044 5 LO,Sharp,Week 44/2000,2000,,44,Supervisor & Reset,MM1134A,034 134A,Mitsumi,Week 34/2000,2000,,34,,,,,,,,,,,,,,,,,,,,,,,,,Crystal,,,,,,,,CR2025,00-11,,November/2000,2000,November,,,,,
DMG-AAUP-0,Entry #1,mattcurrie-1,https://gbhwdb.gekkio.fi/cartridges/DMG-AAUP-0/mattcurrie-1.html,mattcurrie,"Pokemon - Gold Version (USA, Europe) (SGB Enhanced) (GB Compatible)",DMG-AAUP-AUS,08,DMG-KGDU-10,K,6,July/2000,2000,July,,ROM,MX23C1603-12A,S003319-M MX23C1603-12A DMG-AAUP-0 G2 2C941300,Macronix,Week 33/2000,2000,,33,Mapper,MBC3A,MBC3 A P-2 015U5E,Panasonic,Week 15/2000,2000,,15,RAM,GM76C256CLLFW70,HYUNDAI GM76C256CLLFW70 0025 KOREA,Hyundai,Week 25/2000,2000,,25,Supervisor & Reset,MM1134A,028 134A,Mitsumi,Week 28/2000,2000,,28,,,,,,,,,,,,,,,,,,,,,,,,,Crystal,,,,,,,,CR2025,,,,,,,,,,
DMG-AAXD-0,Entry #1,max-m-1,https://gbhwdb.gekkio.fi/cartridges/DMG-AAXD-0/max-m-1.html,max-m,Pokemon - Silberne Edition (Germany) (SGB Enhanced) (GB Compatible),DMG-AAXD-NOE,00,DMG-KGDU-10,I,6,September/2001,2001,September,,ROM,MX23C1603-12A,M011804-M MX23C1603-12A DMG-AAXD-0 G2 1D1124A1,Macronix,Week 18/2001,2001,,18,Mapper,MBC3B,MBC3 B P-2 134U2D,Panasonic,Week 34/2001,2001,,34,RAM,BS62LV256SC-70,BSI BS62LV256SC-70 S2828W15036 D0133 TAIWAN,BSI,Week 33/2001,2001,,33,Supervisor & Reset,MM1134A,121 134A,Mitsumi,Week 21/2001,2001,,21,,,,,,,,,,,,,,,,,,,,,,,,,Crystal,,,,,,,,CR2025,,,,,,,,,,
DMG-AAXE-0,Entry #1,pokechu22-1,https://gbhwdb.gekkio.fi/cartridges/DMG-AAXE-0/pokechu22-1.html,Pokechu22,"Pokemon - Silver Version (USA, Europe) (SGB Enhanced) (GB Compatible)",DMG-AAXE-USA,34,DMG-KGDU-10,MB,4,September/2000,2000,September,,ROM,MX23C1603-12A,S004019-M MX23C1603-12A DMG-AAXE-0 G2 2D216200,Macronix,Week 40/2000,2000,,40,Mapper,MBC3A,MBC3 A LR38536B 0011 A,Sharp,Week 11/2000,2000,,11,RAM,GM76C256CLLFW70,HYUNDAI GM76C256CLLFW70 0032 KOREA,Hyundai,Week 32/2000,2000,,32,Supervisor & Reset,BA6735,6735 0900,ROHM,September/2000,2000,September,,,,,,,,,,,,,,,,,,,,,,,,,,Crystal,,,,,,,,CR2025,,,,,,,,,,
DMG-AAXE-0,Entry #2,pokechu22-2,https://gbhwdb.gekkio.fi/cartridges/DMG-AAXE-0/pokechu22-2.html,Pokechu22,"Pokemon - Silver Version (USA, Europe) (SGB Enhanced) (GB Compatible)",DMG-AAXE-USA,08,DMG-KGDU-10,CM,4,September/2000,2000,September,,ROM,MX23C1603-12A,M004119-M MX23C1603-12A DMG-AAXE-0 G2 2D231400,Macronix,Week 41/2000,2000,,41,Mapper,MBC3B,MBC-3 B BU3634K 036 H88,ROHM,Week 36/2000,2000,,36,RAM,BR62256F-70LL,BR62256F-70LL 039 130NA,ROHM,Week 39/2000,2000,,39,Supervisor & Reset,MM1134A,036 134A,Mitsumi,Week 36/2000,2000,,36,,,,,,,,,,,,,,,,,,,,,,,,,Crystal,32.768 kHz,32K09,,2000,2000,,,CR2025,,,,,,,,,,
DMG-AAXF-0,Entry #1,3615retro-1,https://gbhwdb.gekkio.fi/cartridges/DMG-AAXF-0/3615retro-1.html,3615Retro,Pokemon - Version Argent (France) (SGB Enhanced) (GB Compatible),DMG-AAXF-FRA,34,DMG-KGDU-10,I,5,October/2001,2001,October,,ROM,MX23C1603-12A,E014004-M MX23C1603-12A DMG-AAXF-0 G2 1D2065L2,Macronix,Week 40/2001,2001,,40,Mapper,MBC3B,MBC-3 B BU3634K 136 H48,ROHM,Week 36/2001,2001,,36,RAM,BS62LV256SC-70,BSI BS62LV256SC-70 S2828W14026 F0133 TAIWAN,BSI,Week 33/2001,2001,,33,Supervisor & Reset,BA6735,6735 1908,ROHM,September/2001,2001,September,,,,,,,,,,,,,,,,,,,,,,,,,,Crystal,32.768 kHz,KDS1J,Daishinku,September/2001,2001,September,,CR2025,,,,,,,e0c216ea,72448fe75f534f70cd90469da95ef76f,a4a7e8079b7a53e4d9ef43382bbb1090b9d45d1a,e120c4ddb0dc3e25b95c9c71b3ffd59ff57ce689cf4d79d04913ba59140c18c2
DMG-AAXF-0,Entry #1,alex-g-1,https://gbhwdb.gekkio.fi/cartridges/DMG-AAXF-0/alex-g-1.html,Alex G,Pokemon - Version Argent (France) (SGB Enhanced) (GB Compatible),DMG-AAXF-FRA,34,DMG-KGDU-10,K,5,December/2000,2000,December,,ROM,MX23C1603-12A,M010204-M MX23C1603-12A DMG-AAXF-0 G2 1C6526A1,Macronix,Week 2/2001,2001,,2,Mapper,MBC3B,MBC3 B P-2 035U5E,Panasonic,Week 35/2000,2000,,35,RAM,BR62256F-70LL,BR62256F-70LL 048 130NA,ROHM,Week 48/2000,2000,,48,Supervisor & Reset,BA6735,6735 0C89,ROHM,December/2000,2000,December,,,,,,,,,,,,,,,,,,,,,,,,,,Crystal,,,,,,,,CR2025,,,,,,,e0c216ea,,a4a7e8079b7a53e4d9ef43382bbb1090b9d45d1a,
DMG-AAXF-0,Entry #1,kurodo-1,https://gbhwdb.gekkio.fi/cartridges/DMG-AAXF-0/kurodo-1.html,Kurodo,Pokemon - Version Argent (France) (SGB Enhanced) (GB Compatible),DMG-AAXF-FRA,34,DMG-KGDU-10,I,4,December/2000,2000,December,,ROM,MX23C1603-12A,M010219-M MX23C1603-12A DMG-AAXF-0 G2 2D522600,Macronix,Week 2/2001,2001,,2,Mapper,MBC3B,MBC3 B P-2 035U7E,Panasonic,Week 35/2000,2000,,35,RAM,BR62256F-70LL,BR62256F-70LL 047 128NA,ROHM,Week 47/2000,2000,,47,Supervisor & Reset,BA6735,6735 0C89,ROHM,December/2000,2000,December,,,,,,,,,,,,,,,,,,,,,,,,,,Crystal,32.768 kHz,KDS0K,Daishinku,October/2000,2000,October,,CR2025,,,,,,,,,,
DMG-AAXF-0,Entry #2,kurodo-2,https://gbhwdb.gekkio.fi/cartridges/DMG-AAXF-0/kurodo-2.html,Kurodo,Pokemon - Version Argent (France) (SGB Enhanced) (GB Compatible),DMG-AAXF-FRA,08,DMG-KGDU-10,I,5,February/2001,2001,February,,ROM,MX23C1603-12A,S010604-M MX23C1603-12A DMG-AAXF-0 G2 1C6875A2,Macronix,Week 6/2001,2001,,6,Mapper,MBC3B,MBC3 B P-2 038U7E,Panasonic,Week 38/2000,2000,,38,RAM,GM76C256CLLFW70,HYUNDAI GM76C256CLLFW70 0046 KOREA,Hyundai,Week 46/2000,2000,,46,Supervisor & Reset,BA6735,6735 0C15,ROHM,December/2000,2000,December,,,,,,,,,,,,,,,,,,,,,,,,,,Crystal,,,,,,,,CR2025,,,,,,,,,,
DMG-AAXI-0,Entry #1,granmastro-1,https://gbhwdb.gekkio.fi/cartridges/DMG-AAXI-0/granmastro-1.html,Granmastro,Pokemon - Versione Argento (Italy) (SGB Enhanced) (GB Compatible),DMG-AAXI-ITA-1,22,DMG-KGDU-10,I,6,September/2001,2001,September,,ROM,MX23C1603-12A,E014004-M MX23C1603-12A DMG-AAXI-0 G2 1D2503A2,Macronix,Week 40/2001,2001,,40,Mapper,MBC3B,MBC-3 B BU3634K 138 H11,ROHM,Week 38/2001,2001,,38,RAM,BR62256F-70LL,BR62256F-70LL 129 170NA,ROHM,Week 29/2001,2001,,29,Supervisor & Reset,MM1134A,123 134A,Mitsumi,Week 23/2001,2001,,23,,,,,,,,,,,,,,,,,,,,,,,,,Crystal,32.768 kHz,KDS1H,Daishinku,August/2001,2001,August,,CR2025,,,,,,,,,,
DMG-AAXI-0,Entry #2,granmastro-2,https://gbhwdb.gekkio.fi/cartridges/DMG-AAXI-0/granmastro-2.html,Granmastro,Pokemon - Versione Argento (Italy) (SGB Enhanced) (GB Compatible),DMG-AAXI-ITA,,DMG-KGDU-10,MB,5,February/2001,2001,February,,ROM,MX23C1603-12A,M010804-M MX23C1603-12A DMG-AAXI-0 G2 1C8293A1,Macronix,Week 8/2001,2001,,8,Mapper,MBC3B,MBC3 B P-2 043U2E,Panasonic,Week 43/2000,2000,,43,RAM,GM76C256CLLFW70,HYUNDAI GM76C256CLLFW70 0048 KOREA,Hyundai,Week 48/2000,2000,,48,Supervisor & Reset,MM1134A,041 134A,Mitsumi,Week 41/2000,2000,,41,,,,,,,,,,,,,,,,,,,,,,,,,Crystal,,,,,,,,CR2025,,,,,,,,,,
DMG-AAXJ-0,Entry #1,gdsn-1,https://gbhwdb.gekkio.fi/cartridges/DMG-AAXJ-0/gdsn-1.html,gdsn,Pocket Monsters Gin (Japan) (SGB Enhanced) (GB Compatible),DMG-AAXJ-JPN,12,DMG-KFDN-10,I,6,September/1999,1999,September,,ROM,,DMG-AAXJ-0 S LH538WPJ JAPAN F1 9945 D,Sharp,Week 45/1999,1999,,45,Mapper,MBC3A,MBC-3 A BU3632K 919 H54,ROHM,Week 19/1999,1999,,19,RAM,GM76C256CLLFW70,HYUNDAI GM76C256CLLFW70 9938 KOREA,Hyundai,Week 38/1999,1999,,38,Supervisor & Reset,BA6735,6735 9948,ROHM,September/1999,1999,September,,,,,,,,,,,,,,,,,,,,,,,,,,Crystal,32.768 kHz,32K95,,1999,1999,,,CR2025,,,,,,,,,,
DMG-AAXP-0,Entry #1,ikk5-1,https://gbhwdb.gekkio.fi/cartridges/DMG-AAXP-0/ikk5-1.html,ikk5,"Pokemon - Silver Version (USA, Europe) (SGB Enhanced) (GB Compatible)",DMG-AAXP-EUR,12,DMG-KGDU-10,MB,2,November/2000,2000,November,,ROM,MX23C1603-12A,E005019-M MX23C1603-12A DMG-AAXP-0 G2 2D443000,Macronix,Week 50/2000,2000,,50,Mapper,MBC3B,MBC3 B P-2 034U7E,Panasonic,Week 34/2000,2000,,34,RAM,LH52256CN-10LL,LH52256CN-10LL SHARP JAPAN 0024 5 SO,Sharp,Week 24/2000,2000,,24,Supervisor & Reset,BA6735,6735 0B03,ROHM,November/2000,2000,November,,,,,,,,,,,,,,,,,,,,,,,,,,Crystal,32.768 kHz,32K0Y,,2000,2000,,,CR2025,,,,,,,,,,
DMG-AAXP-0,Entry #2,ikk5-2,https://gbhwdb.gekkio.fi/cartridges/DMG-AAXP-0/ikk5-2.html,ikk5,"Pokemon - Silver Version (USA, Europe) (SGB Enhanced) (GB Compatible)",DMG-AAXP-EUR,,DMG-KGDU-10,I,4,December/2000,2000,December,,ROM,MX23C1603-12A,S005019-M MX23C1603-12A DMG-AAXP-0 G2 2D434700,Macronix,Week 50/2000,2000,,50,Mapper,MBC3A,MBC3 A LR38536B 9810 A,Sharp,Week 10/1998,1998,,10,RAM,LH52256CN-10LL,LH52256CN-10LL SHARP A0040 5 EO,Sharp,Week 40/2000,2000,,40,Supervisor & Reset,MM1134A,046 134A,Mitsumi,Week 46/2000,2000,,46,,,,,,,,,,,,,,,,,,,,,,,,,Crystal,,,,,,,,CR2025,,,,,,,,,,
DMG-AB2E-0,Entry #1,beckybecky125-1,https://gbhwdb.gekkio.fi/cartridges/DMG-AB2E-0/beckybecky125-1.html,beckybecky125,"Bomberman GB (USA, Europe) (SGB Enhanced)",DMG-AB2E-USA,22,DMG-BEAN-10,Y,2,November/1997,1997,November,,ROM,,DMG-AB2E-0 S LH532MP3 JAPAN D1 9832 E,Sharp,Week 32/1998,1998,,32,Mapper,MBC1B,DMG MBC1-B Nintendo P 8'44,Panasonic,April/1998,1998,April,,,,,,,,,,,,,,,,,,,,,,,,,,,,,,,,,,,,,,,,,,,,,,,,,,,,,,,,,f372d175,7e4c9c3620bea7b633394beb67e9680b,f7058f31ddaec63f3b9c45ee9caf3c8e2cae1ca8,16d6a4650566ede0ec9e3e23a85544737faab4154d6381668e8547047340eee6
DMG-AB6P-0,Entry #1,gekkio-1,https://gbhwdb.gekkio.fi/cartridges/DMG-AB6P-0/gekkio-1.html,gekkio,"Bugs Bunny - Crazy Castle 3 (USA, Europe) (GB Compatible)",DMG-AB6P-EUR,34,DMG-A07-01,A,4,April/1999,1999,April,,ROM,,DMG-AB6P-0 S LH538WY5 JAPAN F1 9923 D,Sharp,Week 23/1999,1999,,23,Mapper,MBC5,MBC5 P-1 914U5L,Panasonic,Week 14/1999,1999,,14,,,,,,,,,,,,,,,,,,,,,,,,,,,,,,,,,,,,,,,,,,,,,,,,,,,,,,,,,,,89e43fdc94ec1d2a67aaab39d72afa50dd01df4323df7bf3d0909247cc490c24
DMG-ABEJ-0,Entry #1,gekkio-1,https://gbhwdb.gekkio.fi/cartridges/DMG-ABEJ-0/gekkio-1.html,gekkio,Barcode Taisen Bardigun (Japan) (SGB Enhanced) (GB Compatible),DMG-ABEJ-JPN,22,DMG-KFDN-01,M,1,November/1998,1998,November,,ROM,,DMG-ABEJ-0 S LH538WNL JAPAN F1 9848 E,Sharp,Week 48/1998,1998,,48,Mapper,MBC3A,MBC3 A P-2 834U4E,Panasonic,Week 34/1998,1998,,34,RAM,BR62256F-70LL,BR62256F-70LL 842 166A,ROHM,Week 42/1998,1998,,42,Supervisor & Reset,MM1026A,843 26A,Mitsumi,1998,1998,,,,,,,,,,,,,,,,,,,,,,,,,,,Crystal,32.768 kHz,KDS8K,Daishinku,October/1998,1998,October,,CR2025,,,,,,,,,,253a0a339ec0192033cd69d9fb66b32f680c357002f1106477789db9d10bb3cf
DMG-ABEJ-1,Entry #1,gekkio-1,https://gbhwdb.gekkio.fi/cartridges/DMG-ABEJ-1/gekkio-1.html,gekkio,Barcode Taisen Bardigun (Japan) (Rev 1) (SGB Enhanced) (GB Compatible),DMG-ABEJ-JPN-1,22A,DMG-KFDN-10,I,2,March/1999,1999,March,,ROM,,DMG-ABEJ-1 S LH538WWY JAPAN F1 9914 E,Sharp,Week 14/1999,1999,,14,Mapper,MBC3A,MBC3 A P-2 842U3E,Panasonic,Week 42/1998,1998,,42,RAM,LH52256CN-10LL,LH52256CN-10LL SHARP JAPAN 9907 3 SO,Sharp,Week 7/1999,1999,,7,Supervisor & Reset,MM1134A,850 134A,Mitsumi,Week 50/1998,1998,,50,,,,,,,,,,,,,,,,,,,,,,,,,Crystal,32.768 kHz,KDS8L,Daishinku,November/1998,1998,November,,CR2025,,,,,,,,,,f2019318a6cf41848dc38a0f42a9db6cb0f101c886af3eb7a943713b0d59acef
DMG-ABLP-0,Entry #1,3615retro-1,https://gbhwdb.gekkio.fi/cartridges/DMG-ABLP-0/3615retro-1.html,3615Retro,"Bugs Bunny & Lola Bunny - Operation Carrot Patch (Europe) (En,Fr,De,Es,It,Nl) (GB Compatible)",DMG-ABLP-FRA,00,DMG-A07-01,Y,3,July/2000,2000,July,,ROM,,DMG-ABLP-0 S LH538WY4 JAPAN F1 0033 D,Sharp,Week 33/2000,2000,,33,Mapper,MBC5,MBC5 LZ9GB31 AL31 A,Sharp,Week 31/2000,2000,,31,,,,,,,,,,,,,,,,,,,,,,,,,,,,,,,,,,,,,,,,,,,,,,,,,,,,,,,,f0cc407f,d5a558f3f63771ac1e40d53976e090ef,ba004fac4524b82fd74a9037a37734d0aba07e50,6c8a53796be79a934f1393c668057cad38e857922cd552bc52fdf8f3ebdd2cc6
DMG-ABPJ-0,Entry #1,gekkio-1,https://gbhwdb.gekkio.fi/cartridges/DMG-ABPJ-0/gekkio-1.html,gekkio,Super Black Bass Pocket (Japan) (SGB Enhanced),DMG-ABPJ-JPN,22,DMG-DFCN-01,I,1,December/1996,1996,December,,ROM,,DMG-ABPJ-0 S LH538MN7 JAPAN F1 9650 E,Sharp,Week 50/1996,1996,,50,Mapper,MBC1B1,DMG MBC1B1 Nintendo S 9648 5 A,Sharp,Week 48/1996,1996,,48,RAM,LH5268ANF-10PLL,LH5268ANF-10PLL MOSEL-VITELIC JAPAN N647 01 BC,Mosel-Vitelic,Week 47/1996,1996,,47,Supervisor & Reset,MM1026A,646 26A,Mitsumi,1996,1996,,,,,,,,,,,,,,,,,,,,,,,,,,,,,,,,,,,CR1616,96-11,Maxell,November/1996,1996,November,,,,,
DMG-ABUP-0,Entry #1,gekkio-1,https://gbhwdb.gekkio.fi/cartridges/DMG-ABUP-0/gekkio-1.html,gekkio,"Bust-A-Move 2 - Arcade Edition (USA, Europe)",DMG-ABUP-EUR,22,DMG-BEAN-10,K,3,January/1998,1998,January,,ROM,LH530800A,DMG-ABUP-0 S LH531HSD JAPAN C1 9807 E,Sharp,Week 7/1998,1998,,7,Mapper,MBC1B,DMG MBC1-B Nintendo P 7'D8,Panasonic,December/1997,1997,December,,,,,,,,,,,,,,,,,,,,,,,,,,,,,,,,,,,,,,,,,,,,,,,,,,,,,,,,,,,,ebb1f595136c3954bb6797505af09693c438ea7afff1bba4f1d47093e226698c
DMG-ABZP-0,Entry #1,ikk5-1,https://gbhwdb.gekkio.fi/cartridges/DMG-ABZP-0/ikk5-1.html,ikk5,"NFL Blitz (USA, Europe) (GB Compatible)",DMG-ABZP-EUU,12,DMG-A07-01,K,2,November/1998,1998,November,,ROM,,DMG-ABZP-0 S LHMN4WN4 JAPAN E1 9850 D,Sharp,Week 50/1998,1998,,50,Mapper,MBC5,MBC5 P-1 847U2L,Panasonic,Week 47/1998,1998,,47,,,,,,,,,,,,,,,,,,,,,,,,,,,,,,,,,,,,,,,,,,,,,,,,,,,,,,,,,,,
DMG-ACE-0,Entry #1,granmastro-1,https://gbhwdb.gekkio.fi/cartridges/DMG-ACE-0/granmastro-1.html,Granmastro,"NBA All-Star Challenge (USA, Europe)",DMG-AC-NOE,22,DMG-BEAN(K)-02,Hs,2,September/1995,1995,September,,ROM,LH53517,DMG-ACE-0 S LH5317YA JAPAN B1 9541 E,Sharp,Week 41/1995,1995,,41,Mapper,MBC1B,DMG MBC1-B Nintendo P 5'90,Panasonic,September/1995,1995,September,,,,,,,,,,,,,,,,,,,,,,,,,,,,,,,,,,,,,,,,,,,,,,,,,,,,,,,,,,,,
DMG-ACGP-0,Entry #1,ikk5-1,https://gbhwdb.gekkio.fi/cartridges/DMG-ACGP-0/ikk5-1.html,ikk5,Pinocchio (Europe),DMG-ACGP-EUR,00,DMG-BEAN(K)-02,Hs,6,January/1996,1996,January,,ROM,,DMG-ACGP-0 S LH532MVD JAPAN D1 9614 D,Sharp,Week 14/1996,1996,,14,Mapper,MBC1B,DMG MBC1-B Nintendo P 6'26,Panasonic,February/1996,1996,February,,,,,,,,,,,,,,,,,,,,,,,,,,,,,,,,,,,,,,,,,,,,,,,,,,,,,,,,,,,,
DMG-ACPE-0,Entry #1,beckybecky125-1,https://gbhwdb.gekkio.fi/cartridges/DMG-ACPE-0/beckybecky125-1.html,beckybecky125,"Arcade Classic No. 2 - Centipede & Millipede (USA, Europe) (SGB Enhanced)",DMG-ACPE-USA,22,DMG-BEAN(K)-02,Hs,5,November/1995,1995,November,,ROM,LH530800A,DMG-ACPE-0 S LH531HRK JAPAN C1 9606 D,Sharp,Week 6/1996,1996,,6,Mapper,MBC1B1,DMG MBC1B1 Nintendo S 9546 3 A,Sharp,Week 46/1995,1995,,46,,,,,,,,,,,,,,,,,,,,,,,,,,,,,,,,,,,,,,,,,,,,,,,,,,,,,,,,b14c3b31,516085555e451966b9dd5166dfe6c728,405bc3736cfbea3f2259ad3e53a9d64c6523de4a,7cebe1e446c56061f71e94b99cf6dfb7267cac0e21cb37b0f9a8118d5a127eb0
DMG-ACRE-0,Entry #1,beckybecky125-1,https://gbhwdb.gekkio.fi/cartridges/DMG-ACRE-0/beckybecky125-1.html,beckybecky125,"Conker's Pocket Tales (USA, Europe) (En,Fr,De) (SGB Enhanced) (GB Compatible)",DMG-ACRE-USA,00,DMG-A08-01,CM,4,July/1999,1999,July,,ROM,μPD23C16019WG5,DMG-ACRE-0 G2 N-16019WG5-M08 9934K7014,NEC,Week 34/1999,1999,,34,Mapper,MBC5,MBC5 LZ9GB31 9932 A,Sharp,Week 32/1999,1999,,32,RAM,LH5164AN-10L,LH5164AN-10L SHARP JAPAN 9931 3 EB,Sharp,Week 31/1999,1999,,31,Supervisor & Reset,BA6735,6735 9799,ROHM,July/1999,1999,July,,,,,,,,,,,,,,,,,,,,,,,,,,,,,,,,,,CR1616,99-08,,August/1999,1999,August,,a50be9a8,fee6336f969c9e72e9b78be53d512c1e,e9c3b1bb20ea74f363191ea9144009d1b13246bb,a06e5fb235a54ae62d2d969312ffbca4289c4969cb53f476b0996e5046ff4d13
DMG-ACRP-0,Entry #1,ikk5-1,https://gbhwdb.gekkio.fi/cartridges/DMG-ACRP-0/ikk5-1.html,ikk5,"Conker's Pocket Tales (USA, Europe) (En,Fr,De) (SGB Enhanced) (GB Compatible)",DMG-ACRP-EUR,04,DMG-A08-01,I,2,April/1999,1999,April,,ROM,μPD23C16019WG5,DMG-ACRP-0 G2 N-16019WG5-M09 9918K7036,NEC,Week 18/1999,1999,,18,Mapper,MBC5,MBC5 LZ9GB31 9851 A,Sharp,Week 51/1998,1998,,51,RAM,LC3564BM-70,SANYO LC3564BM-70 JAPAN 8HUBG,Sanyo,August/1998,1998,August,,Supervisor & Reset,BA6735,6735 9442,ROHM,April/1999,1999,April,,,,,,,,,,,,,,,,,,,,,,,,,,,,,,,,,,CR1616,99-01,,January/1999,1999,January,,,,,
DMG-ACRP-0,Entry #2,ikk5-2,https://gbhwdb.gekkio.fi/cartridges/DMG-ACRP-0/ikk5-2.html,ikk5,"Conker's Pocket Tales (USA, Europe) (En,Fr,De) (SGB Enhanced) (GB Compatible)",DMG-ACRP-EUR,34,DMG-A08-01,I,6,April/1999,1999,April,,ROM,μPD23C16019WG5,DMG-ACRP-0 G2 N-16019WG5-M09 9918K7044,NEC,Week 18/1999,1999,,18,Mapper,MBC5,MBC5 LZ9GB31 9850 A,Sharp,Week 50/1998,1998,,50,RAM,HY6264ALJ-10,HY6264A LJ-10 9605B KOREA,Hyundai,Week 5/1996,1996,,5,Supervisor & Reset,BA6735,6735 9442,ROHM,April/1999,1999,April,,,,,,,,,,,,,,,,,,,,,,,,,,,,,,,,,,CR1616,,,,,,,,,,
DMG-ACRP-0,Entry #1,tobiasvl-1,https://gbhwdb.gekkio.fi/cartridges/DMG-ACRP-0/tobiasvl-1.html,tobiasvl,"Conker's Pocket Tales (USA, Europe) (En,Fr,De) (SGB Enhanced) (GB Compatible)",DMG-ACRP-EUR,34,DMG-A08-01,I,3,April/1999,1999,April,,ROM,,DMG-ACRP-0 S LH537MTF JAPAN G2 9920 D,Sharp,Week 20/1999,1999,,20,Mapper,MBC5,MBC5 LZ9GB31 9837 A,Sharp,Week 37/1998,1998,,37,RAM,LC3564BM-70,SANYO LC3564BM-70 JAPAN 8HU1G,Sanyo,August/1998,1998,August,,Supervisor & Reset,BA6735,6735 9443,ROHM,April/1999,1999,April,,,,,,,,,,,,,,,,,,,,,,,,,,,,,,,,,,CR1616,,,,,,,,,,
DMG-ACTJ-0,Entry #1,marcao-cfh-1,https://gbhwdb.gekkio.fi/cartridges/DMG-ACTJ-0/marcao-cfh-1.html,marcao_cfh,Captain Tsubasa J - Zenkoku Seiha e no Chousen (Japan) (SGB Enhanced),DMG-ACTJ-JPN,23,DMG-BEAN-02,Y,2,July/1995,1995,July,,ROM,,DMG-ACTJ-0 S LH534MYJ JAPAN E1 9532 D,Sharp,Week 32/1995,1995,,32,Mapper,MBC1B1,DMG MBC1B1 Nintendo S 9531 7 A,Sharp,Week 31/1995,1995,,31,,,,,,,,,,,,,,,,,,,,,,,,,,,,,,,,,,,,,,,,,,,,,,,,,,,,,,,,,,,
DMG-ACXJ-0,Entry #1,gekkio-1,https://gbhwdb.gekkio.fi/cartridges/DMG-ACXJ-0/gekkio-1.html,gekkio,Pokemon Card GB (Japan) (SGB Enhanced) (GB Compatible),DMG-ACXJ-JPN,00,DMG-TFDN-01,I,6,November/1998,1998,November,,ROM,KM23C8000DG,SEC KM23C8000DG DMG-ACXJ-0 F1 KFX312U,Samsung,,,,,Mapper,HuC-1A,HuC1A © HUDSON Nintendo 9845 A,Hudson,Week 45/1998,1998,,45,RAM,LH52256CN-10LL,LH52256CN-10LL SHARP JAPAN 9838 1 SN,Sharp,Week 38/1998,1998,,38,Supervisor & Reset,MM1134A,846 134A,Mitsumi,Week 46/1998,1998,,46,,,,,,,,,,,,,,,,,,,,,,,,,,,,,,,,,CR1616,98-11,Maxell,November/1998,1998,November,,,,,89eb164c0102792c5f340bc299c215c1a40376b8de7589ef0d86be1e3861cec1
DMG-ACXJ-0,Entry #2,gekkio-2,https://gbhwdb.gekkio.fi/cartridges/DMG-ACXJ-0/gekkio-2.html,gekkio,Pokemon Card GB (Japan) (SGB Enhanced) (GB Compatible),DMG-ACXJ-JPN,20,DMG-TFDN-01,K,2,November/1998,1998,November,,ROM,KM23C8000DG,SEC KM23C8000DG DMG-ACXJ-0 F1 KFX312U,Samsung,,,,,Mapper,HuC-1A,HuC1A © HUDSON Nintendo 9846 A,Hudson,Week 46/1998,1998,,46,RAM,GM76C256CLLFW70,LGS GM76C256CLLFW70 9814 KOREA,Lucky GoldStar,Week 14/1998,1998,,14,Supervisor & Reset,MM1134A,844 134A,Mitsumi,Week 44/1998,1998,,44,,,,,,,,,,,,,,,,,,,,,,,,,,,,,,,,,CR1616,98-11,Maxell,November/1998,1998,November,,,,,89eb164c0102792c5f340bc299c215c1a40376b8de7589ef0d86be1e3861cec1
DMG-ACXJ-0,Entry #1,granmastro-1,https://gbhwdb.gekkio.fi/cartridges/DMG-ACXJ-0/granmastro-1.html,Granmastro,Pokemon Card GB (Japan) (SGB Enhanced) (GB Compatible),DMG-ACXJ-JPN,44,DMG-TFDN-01,K,5,November/1998,1998,November,,ROM,,DMG-ACXJ-0 S LH5S8MN1 JAPAN F1 9849 D,Sharp,Week 49/1998,1998,,49,Mapper,HuC-1A,HuC1A © HUDSON Nintendo 9846 A,Hudson,Week 46/1998,1998,,46,RAM,GM76C256CLLFW70,LGS GM76C256CLLFW70 9824 KOREA,Lucky GoldStar,Week 24/1998,1998,,24,Supervisor & Reset,MM1134A,846 134A,Mitsumi,Week 46/1998,1998,,46,,,,,,,,,,,,,,,,,,,,,,,,,,,,,,,,,CR1616,98-11,,November/1998,1998,November,,,,,
DMG-ACXJ-0,Entry #1,hdr-1,https://gbhwdb.gekkio.fi/cartridges/DMG-ACXJ-0/hdr-1.html,HDR,Pokemon Card GB (Japan) (SGB Enhanced) (GB Compatible),DMG-ACXJ-JPN,20,DMG-TFDN-01,K,5,November/1998,1998,November,,ROM,MX23C8003-20,J984749-M MX23C8003-20 DMG-ACXJ-0 F1 23335ZA1,Macronix,Week 47/1998,1998,,47,Mapper,HuC-1A,HuC1A © HUDSON Nintendo 9846 A,Hudson,Week 46/1998,1998,,46,RAM,GM76C256CLLFW70,LGS GM76C256CLLFW70 9842 KOREA,Lucky GoldStar,Week 42/1998,1998,,42,Supervisor & Reset,MM1134A,847 134A,Mitsumi,Week 47/1998,1998,,47,,,,,,,,,,,,,,,,,,,,,,,,,,,,,,,,,CR1616,,,,,,,,,,
DMG-ACXJ-0,Entry #1,kay-kidoutai-1,https://gbhwdb.gekkio.fi/cartridges/DMG-ACXJ-0/kay-kidoutai-1.html,kay_kidoutai,Pokemon Card GB (Japan) (SGB Enhanced) (GB Compatible),DMG-ACXJ-JPN,22,DMG-TFDN-01,I,3,November/1998,1998,November,,ROM,,DMG-ACXJ-0 S LH5S8MN1 JAPAN F1 9847 D,Sharp,Week 47/1998,1998,,47,Mapper,HuC-1A,HuC1A © HUDSON Nintendo 9846 A,Hudson,Week 46/1998,1998,,46,RAM,GM76C256CLLFW70,LGS GM76C256CLLFW70 9830 KOREA,Lucky GoldStar,Week 30/1998,1998,,30,Supervisor & Reset,MM1134A,843 134A,Mitsumi,Week 43/1998,1998,,43,,,,,,,,,,,,,,,,,,,,,,,,,,,,,,,,,CR1616,,,,,,,,,,
DMG-ACXJ-0,Entry #2,kay-kidoutai-2,https://gbhwdb.gekkio.fi/cartridges/DMG-ACXJ-0/kay-kidoutai-2.html,kay_kidoutai,Pokemon Card GB (Japan) (SGB Enhanced) (GB Compatible),DMG-ACXJ-JPN,20,DMG-TFDN-01,K,6,November/1998,1998,November,,ROM,KM23C8000DG,SEC KM23C8000DG DMG-ACXJ-0 F1 KFX312U,Samsung,,,,,Mapper,HuC-1A,HuC1A © HUDSON Nintendo 9848 A,Hudson,Week 48/1998,1998,,48,RAM,LH52256CN-10LL,LH52256CN-10LL SHARP JAPAN 9837 1 SO,Sharp,Week 37/1998,1998,,37,Supervisor & Reset,MM1134A,848 134A,Mitsumi,Week 48/1998,1998,,48,,,,,,,,,,,,,,,,,,,,,,,,,,,,,,,,,CR1616,,,,,,,,,,
DMG-AD3E-1,Entry #1,beckybecky125-1,https://gbhwdb.gekkio.fi/cartridges/DMG-AD3E-1/beckybecky125-1.html,beckybecky125,"Donkey Kong Land III (USA, Europe) (Rev 1) (SGB Enhanced)",DMG-AD3E-USA,12A,DMG-DECN-10,K,2,August/1998,1998,August,,ROM,MX23C4002-20,C983938-M MX23C4002-20 DMG-AD3E-1 E1 1P0221Y3,Macronix,Week 39/1998,1998,,39,Mapper,MBC1B1,DMG MBC1B1 Nintendo S 9838 5 A,Sharp,Week 38/1998,1998,,38,RAM,LH5164AN-10L,LH5164AN-10L SHARP JAPAN 9820 3 DB,Sharp,Week 20/1998,1998,,20,Supervisor & Reset,BA6129A,6129A 8914,ROHM,September/1998,1998,September,,,,,,,,,,,,,,,,,,,,,,,,,,,,,,,,,,CR1616,98-09,,September/1998,1998,September,,a19acdb6,333444e90c0bfb99c4ff89fdcb920fe4,a6ce883727212e1afb45b48431a46cfbc6f7f6ef,d5162631a4e9be122013fb491f2a3d04b72476cc4c052607d3bc9e9e5250e850
DMG-AD3P-1,Entry #1,gekkio-1,https://gbhwdb.gekkio.fi/cartridges/DMG-AD3P-1/gekkio-1.html,gekkio,"Donkey Kong Land III (USA, Europe) (Rev 1) (SGB Enhanced)",DMG-AD3P-EUR,22A,DMG-DECN-10,I,6,July/1998,1998,July,,ROM,MX23C4002-20,J983638-M MX23C4002-20 DMG-AD3P-1 E1 1P0410Y1,Macronix,Week 36/1998,1998,,36,Mapper,MBC1B,DMG MBC1B Nintendo S 9749 1 A,Sharp,Week 49/1997,1997,,49,RAM,LH5164AN-10L,LH5164AN-10L SHARP JAPAN 9821 5 DB,Sharp,Week 21/1998,1998,,21,Supervisor & Reset,MM1026A,835 26A,Mitsumi,1998,1998,,,,,,,,,,,,,,,,,,,,,,,,,,,,,,,,,,,CR1616,97-05,Maxell,May/1997,1997,May,,,,,d5162631a4e9be122013fb491f2a3d04b72476cc4c052607d3bc9e9e5250e850
DMG-AD3P-1,Entry #1,granmastro-1,https://gbhwdb.gekkio.fi/cartridges/DMG-AD3P-1/granmastro-1.html,Granmastro,"Donkey Kong Land III (USA, Europe) (Rev 1) (SGB Enhanced)",DMG-AD3P-EUR,,DMG-DECN-10,I,2,May/1998,1998,May,,ROM,MX23C4002-20,C9821-M MX23C4002-20 DMG-AD3P-1 E1 1P0032Y3,Macronix,Week 21/1998,1998,,21,Mapper,MBC1B1,DMG MBC1B1 Nintendo S 9822 5 A,Sharp,Week 22/1998,1998,,22,RAM,BR6265BF-10SL,BR6265BF-10SL 815 147N,ROHM,Week 15/1998,1998,,15,Supervisor & Reset,BA6129A,6129A 8317,ROHM,March/1998,1998,March,,,,,,,,,,,,,,,,,,,,,,,,,,,,,,,,,,CR1616,98-01,,January/1998,1998,January,,,,,
DMG-AD3P-1,Entry #1,mattcurrie-1,https://gbhwdb.gekkio.fi/cartridges/DMG-AD3P-1/mattcurrie-1.html,mattcurrie,"Donkey Kong Land III (USA, Europe) (Rev 1) (SGB Enhanced)",DMG-AD3P-AUS,,DMG-DECN-10,I,3,July/1998,1998,July,,ROM,MX23C4002-20,C983638-M MX23C4002-20 DMG-AD3P-1 E1 1P0443Y1,Macronix,Week 36/1998,1998,,36,Mapper,MBC1B1,DMG MBC1B1 Nintendo S 9837 3 A,Sharp,Week 37/1998,1998,,37,RAM,HY6264ALLJ-10,HY6264A LLJ-10 9824B KOREA,Hyundai,Week 24/1998,1998,,24,Supervisor & Reset,MM1026A,836 26A,Mitsumi,1998,1998,,,,,,,,,,,,,,,,,,,,,,,,,,,,,,,,,,,CR1616,,,,,,,,,,
DMG-AD3P-1,Entry #1,missingno-force-1,https://gbhwdb.gekkio.fi/cartridges/DMG-AD3P-1/missingno-force-1.html,Missingno_force,"Donkey Kong Land III (USA, Europe) (Rev 1) (SGB Enhanced)",DMG-AD3P-EUR,22A,DMG-DECN-20,I,4,June/1999,1999,June,,ROM,MX23C4002-20,C992838-M MX23C4002-20 DMG-AD3P-1 E1 1P0872A1,Macronix,Week 28/1999,1999,,28,Mapper,MBC1B,DMG MBC1-B Nintendo P 9'22,Panasonic,February/1999,1999,February,,RAM,BR6265BF-10SL,BR6265BF-10SL 924 133N,ROHM,Week 24/1999,1999,,24,Supervisor & Reset,BA6735,6735 9506,ROHM,May/1999,1999,May,,,,,,,,,,,,,,,,,,,,,,,,,,,,,,,,,,CR1616,,,,,,,,,,
DMG-AD4P-0,Entry #1,gekkio-1,https://gbhwdb.gekkio.fi/cartridges/DMG-AD4P-0/gekkio-1.html,gekkio,Dropzone (Europe) (GB Compatible),DMG-AD4P-EUR,11,DMG-A07-01,K,2,March/1999,1999,March,,ROM,,DMG-AD4P-0 S LHMN2EN2 JAPAN D1 9915 D,Sharp,Week 15/1999,1999,,15,Mapper,MBC5,MBC5 P-1 906U2L,Panasonic,Week 6/1999,1999,,6,,,,,,,,,,,,,,,,,,,,,,,,,,,,,,,,,,,,,,,,,,,,,,,,,,,,,,,,,,,7693f5a868d01a2618666aa70c27699525b9e1123fe08e8e729a20573d80d08c
DMG-ADBJ-0,Entry #1,marcao-cfh-1,https://gbhwdb.gekkio.fi/cartridges/DMG-ADBJ-0/marcao-cfh-1.html,marcao_cfh,Dragon Ball Z - Gokuu Hishouden (Japan) (SGB Enhanced),DMG-ADBJ-JPN,,DMG-GDAN-03,I,2,October/1994,1994,October,,ROM,μPD23C2001EGW,DMG-ADBJ-0 D1 N-2001EGW-J74 9442X9015,NEC,Week 42/1994,1994,,42,Mapper,MBC2A,DMG MBC2-A Nintendo P 4'46,Panasonic,April/1994,1994,April,,Supervisor & Reset,MM1026A,422 26A,Mitsumi,1994,1994,,,,,,,,,,,,,,,,,,,,,,,,,,,,,,,,,,,,,,,,,,,CR1616,,,,,,,,,,
DMG-ADDE-0,Entry #1,beckybecky125-1,https://gbhwdb.gekkio.fi/cartridges/DMG-ADDE-0/beckybecky125-1.html,beckybecky125,"Donkey Kong Land 2 (USA, Europe) (SGB Enhanced)",DMG-ADDE-USA-2,22,DMG-DECN-20,I,4,October/1999,1999,October,,ROM,,DMG-ADDE-0 S LH5S4MVC JAPAN E1 9949 E,Sharp,Week 49/1999,1999,,49,Mapper,MBC1B1,DMG MBC1B1 Nintendo S 9910 5 A,Sharp,Week 10/1999,1999,,10,RAM,LH5164AN-10L,LH5164AN-10L SHARP JAPAN 9946 5 EB,Sharp,Week 46/1999,1999,,46,Supervisor & Reset,BA6735,6735 9A06,ROHM,October/1999,1999,October,,,,,,,,,,,,,,,,,,,,,,,,,,,,,,,,,,CR1616,,,,,,,2827e5d4,6e30394fd7ef4a4dc3fe1edd9fc69f72,89cc4f01653a6105ee5c00e10fc65aa1437fd320,7722555df42413c6fd5434b717e82ba4a842cc0df3ef02fd0cd9b45b1bb5f2ca
DMG-ADDJ-0,Entry #1,gekkio-1,https://gbhwdb.gekkio.fi/cartridges/DMG-ADDJ-0/gekkio-1.html,gekkio,Donkey Kong Land (Japan) (SGB Enhanced),DMG-ADDJ-JPN,22,DMG-DECN-02,I,6,November/1996,1996,November,,ROM,,DMG-ADDJ-0 S LH534MVN JAPAN E1 9648 E,Sharp,Week 48/1996,1996,,48,Mapper,MBC1B,DMG MBC1-B Nintendo P 6'N8,Panasonic,November/1996,1996,November,,RAM,HY6264ALLJ-10,HY6264A LLJ-10 9640B KOREA,Hyundai,Week 40/1996,1996,,40,Supervisor & Reset,MM1026A,646 26A,Mitsumi,1996,1996,,,,,,,,,,,,,,,,,,,,,,,,,,,,,,,,,,,CR1616,96-11,Panasonic,November/1996,1996,November,,,,,b7b3495da7d367efb3c67cca1bf5241068789efb7420c28806fbf2cea45e77a3
DMG-ADDP-0,Entry #1,gekkio-1,https://gbhwdb.gekkio.fi/cartridges/DMG-ADDP-0/gekkio-1.html,gekkio,"Donkey Kong Land 2 (USA, Europe) (SGB Enhanced)",DMG-ADDP-EUR-1,00,DMG-DECN(K)-02,Hs,4,August/1996,1996,August,,ROM,,DMG-ADDP-0 S LH534MVA JAPAN E1 9640 D,Sharp,Week 40/1996,1996,,40,Mapper,MBC1B1,DMG MBC1B1 Nintendo S 9639 3 A,Sharp,Week 39/1996,1996,,39,RAM,LH5268ANF-10PLL,LH5268ANF-10PLL MOSEL-VITELIC JAPAN N633 0A BC,Mosel-Vitelic,Week 33/1996,1996,,33,Supervisor & Reset,BA6129A,6129A 6942,ROHM,September/1996,1996,September,,,,,,,,,,,,,,,,,,,,,,,,,,,,,,,,,,CR1616,,,,,,,,,,7722555df42413c6fd5434b717e82ba4a842cc0df3ef02fd0cd9b45b1bb5f2ca
DMG-ADDP-0,Entry #1,kurodo-1,https://gbhwdb.gekkio.fi/cartridges/DMG-ADDP-0/kurodo-1.html,Kurodo,"Donkey Kong Land 2 (USA, Europe) (SGB Enhanced)",DMG-ADDP-EUR-1,22,DMG-DECN-10,I,2,July/1998,1998,July,,ROM,MX23C4002-20,C983738-M MX23C4002-20 DMG-ADDP-0 E1 1P0444Y1,Macronix,Week 37/1998,1998,,37,Mapper,MBC1B,DMG MBC1-B Nintendo P 8'73,Panasonic,July/1998,1998,July,,RAM,BR6265BF-10SL,BR6265BF-10SL 830 169N,ROHM,Week 30/1998,1998,,30,Supervisor & Reset,MM1026A,837 26A,Mitsumi,1998,1998,,,,,,,,,,,,,,,,,,,,,,,,,,,,,,,,,,,CR1616,,,,,,,,,,
DMG-ADDP-0,Entry #1,tobiasvl-1,https://gbhwdb.gekkio.fi/cartridges/DMG-ADDP-0/tobiasvl-1.html,tobiasvl,"Donkey Kong Land 2 (USA, Europe) (SGB Enhanced)",DMG-ADDP-EUR-1,22,DMG-DECN-02,Y,2,October/1996,1996,October,,ROM,,DMG-ADDP-0 S LH534MVA JAPAN E1 9644 D,Sharp,Week 44/1996,1996,,44,Mapper,MBC1B1,DMG MBC1B1 Nintendo S 9643 7 A,Sharp,Week 43/1996,1996,,43,RAM,XLJ6265BF-10SL,XLJ6265BF-10SL 636 112N,ROHM,Week 36/1996,1996,,36,Supervisor & Reset,,,,,,,,,,,,,,,,,,,,,,,,,,,,,,,,,,,,,,,,CR1616,,,,,,,,,,
DMG-ADJE-0,Entry #1,beckybecky125-1,https://gbhwdb.gekkio.fi/cartridges/DMG-ADJE-0/beckybecky125-1.html,beckybecky125,"Arcade Classic No. 4 - Defender & Joust (USA, Europe) (SGB Enhanced)",DMG-ADJE-USA,22,DMG-BEAN(K)-02,RB,1,August/1995,1995,August,,ROM,LH530800A,DMG-ADJE-0 S LH531HP2 JAPAN C1 9537 E,Sharp,Week 37/1995,1995,,37,Mapper,MBC1B1,DMG MBC1B1 Nintendo S 9535 1 A,Sharp,Week 35/1995,1995,,35,,,,,,,,,,,,,,,,,,,,,,,,,,,,,,,,,,,,,,,,,,,,,,,,,,,,,,,,1c829ce3,211a15218fa66e4a09bc253ae064991c,6b046ca1e15e6cecb29e086a5b23eb0019419936,abc01ace274760d0a963cf01b8e5d2d220dc971fd72ce252e1897aeab9b9aa41
DMG-ADMP-0,Entry #1,ikk5-1,https://gbhwdb.gekkio.fi/cartridges/DMG-ADMP-0/ikk5-1.html,ikk5,"Maus, Die (Europe) (En,Fr,De,Es)",DMG-ADMP-NOE,22,DMG-BEAN-10,K,5,October/1997,1997,October,,ROM,,DMG-ADMP-0 S LH532MRC JAPAN D1 9747 D,Sharp,Week 47/1997,1997,,47,Mapper,MBC1B,DMG MBC1-B Nintendo P 7'N2,Panasonic,November/1997,1997,November,,,,,,,,,,,,,,,,,,,,,,,,,,,,,,,,,,,,,,,,,,,,,,,,,,,,,,,,,,,,
DMG-ADNP-0,Entry #1,3615retro-1,https://gbhwdb.gekkio.fi/cartridges/DMG-ADNP-0/3615retro-1.html,3615Retro,"Castlevania Legends (USA, Europe) (SGB Enhanced)",DMG-ADNP-EUR,12,DMG-BEAN-10,K,3,December/1997,1997,December,,ROM,,DMG-ADNP-0 S LH532MRS JAPAN D1 9806 E,Sharp,Week 6/1998,1998,,6,Mapper,MBC1B1,DMG MBC1B1 Nintendo S 9751 5 A,Sharp,Week 51/1997,1997,,51,,,,,,,,,,,,,,,,,,,,,,,,,,,,,,,,,,,,,,,,,,,,,,,,,,,,,,,,ad9c17fb,1475824e7262c0d6359f43c287e034a5,91a8e49bf6eac5fe62ec2cc5e6decbd08ce9b515,56d3dee063b8801704a284bd1bc229b94f15a3a448f485d347f04283d9bd16d7
DMG-ADQJ-0,Entry #1,gekkio-1,https://gbhwdb.gekkio.fi/cartridges/DMG-ADQJ-0/gekkio-1.html,gekkio,Dragon Quest Monsters - Terry no Wonderland (Japan) (SGB Enhanced) (GB Compatible),DMG-ADQJ-JPN,20,DMG-DGCU-01,Y,5,August/1998,1998,August,,ROM,KM23C16120T,SEC KM23C16120T DMG-ADQJ-0 G2 KF6402G,Samsung,,,,,Mapper,MBC1B1,DMG MBC1B1 Nintendo S 9829 3 A,Sharp,Week 29/1998,1998,,29,RAM,BR6265BF-10SL,BR6265BF-10SL 821 148N,ROHM,Week 21/1998,1998,,21,Supervisor & Reset,MM1026A,748 26A,Mitsumi,1997,1997,,,,,,,,,,,,,,,,,,,,,,,,,,,,,,,,,,,CR1616,98-05,Panasonic,May/1998,1998,May,,,,,2f2081e6907ae0ac5d171ceb977b5367fc6c5842b0eb73528733a7fa1e42d55b
DMG-ADQJ-0,Entry #2,gekkio-2,https://gbhwdb.gekkio.fi/cartridges/DMG-ADQJ-0/gekkio-2.html,gekkio,Dragon Quest Monsters - Terry no Wonderland (Japan) (SGB Enhanced) (GB Compatible),DMG-ADQJ-JPN,22,DMG-DGCU-01,I,6,August/1998,1998,August,,ROM,,DMG-ADQJ-0 S LH537MT2 JAPAN G2 9836 E,Sharp,Week 36/1998,1998,,36,Mapper,MBC1B,DMG MBC1-B Nintendo P 8'47,Panasonic,April/1998,1998,April,,RAM,LH5164AN-10L,LH5164AN-10L SHARP JAPAN 9820 1 DB,Sharp,Week 20/1998,1998,,20,Supervisor & Reset,BA6129A,6129A 8Q12,ROHM,1998,1998,,,,,,,,,,,,,,,,,,,,,,,,,,,,,,,,,,,CR1616,98-08,Maxell,August/1998,1998,August,,,,,2f2081e6907ae0ac5d171ceb977b5367fc6c5842b0eb73528733a7fa1e42d55b
DMG-ADQJ-0,Entry #1,kay-kidoutai-1,https://gbhwdb.gekkio.fi/cartridges/DMG-ADQJ-0/kay-kidoutai-1.html,kay_kidoutai,Dragon Quest Monsters - Terry no Wonderland (Japan) (SGB Enhanced) (GB Compatible),DMG-ADQJ-JPN,12,DMG-DGCU-01,I,2,August/1998,1998,August,,ROM,,DMG-ADQJ-0 S LH537MT2 JAPAN G2 9835 D,Sharp,Week 35/1998,1998,,35,Mapper,MBC1B1,DMG MBC1B1 Nintendo S 9747 1 A,Sharp,Week 47/1997,1997,,47,RAM,LH5168N-10L,LH5168N-10L SHARP JAPAN 9818 1 CG,Sharp,Week 18/1998,1998,,18,Supervisor & Reset,MM1026A,751 26A,Mitsumi,1997,1997,,,,,,,,,,,,,,,,,,,,,,,,,,,,,,,,,,,CR1616,,,,,,,,,,
DMG-ADQJ-1,Entry #1,kay-kidoutai-1,https://gbhwdb.gekkio.fi/cartridges/DMG-ADQJ-1/kay-kidoutai-1.html,kay_kidoutai,Dragon Quest Monsters - Terry no Wonderland (Japan) (Rev 1) (SGB Enhanced) (GB Compatible),DMG-ADQJ-JPN,22A,DMG-DGCU-10,I,2,September/1999,1999,September,,ROM,,DMG-ADQJ-1 S LH537MT4 JAPAN G2 9939 D,Sharp,Week 39/1999,1999,,39,Mapper,MBC1B1,DMG MBC1B1 Nintendo S 9910 1 A,Sharp,Week 10/1999,1999,,10,RAM,LH5164AN-10L,LH5164AN-10L SHARP A9848 5 CB,Sharp,Week 48/1998,1998,,48,Supervisor & Reset,BA6735,6735 9989,ROHM,September/1999,1999,September,,,,,,,,,,,,,,,,,,,,,,,,,,,,,,,,,,CR1616,,,,,,,,,,
DMG-ADSP-0,Entry #1,ikk5-1,https://gbhwdb.gekkio.fi/cartridges/DMG-ADSP-0/ikk5-1.html,ikk5,Desert Strike - Return to the Gulf (Europe) (SGB Enhanced),DMG-ADSP-UKV,23,DMG-BEAN-02,I,2,October/1994,1994,October,,ROM,,DMG-ADSP-0 D1 © 1994 Nintendo 9444 R04,Fujitsu,Week 44/1994,1994,,44,Mapper,MBC1B1,DMG MBC1B1 Nintendo S 9440 1 A,Sharp,Week 40/1994,1994,,40,,,,,,,,,,,,,,,,,,,,,,,,,,,,,,,,,,,,,,,,,,,,,,,,,,,,,,,,,,,
DMG-ADYD-0,Entry #1,missingno-force-1,https://gbhwdb.gekkio.fi/cartridges/DMG-ADYD-0/missingno-force-1.html,Missingno_force,Barbie - Meeres Abenteuer (Germany) (GB Compatible),DMG-ADYD-NOE,22,DMG-A07-01,MB,5,October/1999,1999,October,,ROM,MX23C8005-12,J994449-M MX23C8005-12 DMG-ADYD-0 F1 1B2129LB,Macronix,Week 44/1999,1999,,44,Mapper,MBC5,MBC-5 BU3650K 942 H82,ROHM,Week 42/1999,1999,,42,,,,,,,,,,,,,,,,,,,,,,,,,,,,,,,,,,,,,,,,,,,,,,,,,,,,,,,,,,,
DMG-ADYP-0,Entry #1,irfon-jones-1,https://gbhwdb.gekkio.fi/cartridges/DMG-ADYP-0/irfon-jones-1.html,Irfon Jones,Barbie - Ocean Discovery (United Kingdom) (GB Compatible),DMG-ADYP-UKV,20,DMG-A07-01,A,3,October/1999,1999,October,,ROM,,DMG-ADYP-0 S LH538WPD JAPAN F1 9945 D,Sharp,Week 45/1999,1999,,45,Mapper,MBC5,MBC5 P-1 942U5M,Panasonic,Week 42/1999,1999,,42,,,,,,,,,,,,,,,,,,,,,,,,,,,,,,,,,,,,,,,,,,,,,,,,,,,,,,,,,,,
DMG-AEAP-0,Entry #1,ikk5-1,https://gbhwdb.gekkio.fi/cartridges/DMG-AEAP-0/ikk5-1.html,ikk5,Sesame Street - Elmo's ABCs (Europe) (GB Compatible),DMG-AEAP-EUR,41,DMG-A07-01,I,5,December/2000,2000,December,,ROM,MSM538011E,DMG-AEAP-0 F1 M538011E-7F 1045409,OKI,Week 4/2001,2001,,4,Mapper,MBC5,0CAX37T MBC5 2417,Texas Instruments,December/2000,2000,December,,,,,,,,,,,,,,,,,,,,,,,,,,,,,,,,,,,,,,,,,,,,,,,,,,,,,,,,,,,,
DMG-AEDJ-0,Entry #1,marcao-cfh-1,https://gbhwdb.gekkio.fi/cartridges/DMG-AEDJ-0/marcao-cfh-1.html,marcao_cfh,Dragon Quest I & II (Japan) (SGB Enhanced) (GB Compatible),DMG-AEDJ-JPN,,DMG-A08-01,MB,5,November/1999,1999,November,,ROM,μPD23C16019WG5,DMG-AEDJ-0 G2 N-16019WG5-M18 9946K7002,NEC,Week 46/1999,1999,,46,Mapper,MBC5,MBC5 LZ9GB31 9942 A,Sharp,Week 42/1999,1999,,42,RAM,LH5164AN-10L,LH5164AN-10L SHARP JAPAN 9948 5 EB,Sharp,Week 48/1999,1999,,48,Supervisor & Reset,MM1134A,944 134A,Mitsumi,Week 44/1999,1999,,44,,,,,,,,,,,,,,,,,,,,,,,,,,,,,,,,,CR1616,,,,,,,,,,
DMG-AEMP-0,Entry #1,issotm-1,https://gbhwdb.gekkio.fi/cartridges/DMG-AEMP-0/issotm-1.html,ISSOtm,"Madden NFL 2000 (USA, Europe) (SGB Enhanced) (GB Compatible)",DMG-AEMP-EUR,22,DMG-A07-01,K,6,November/1999,1999,November,,ROM,MX23C8005-12,S994649-M MX23C8005-12 DMG-AEMP-0 F1 1B2728A1,Macronix,Week 46/1999,1999,,46,Mapper,MBC5,MBC5 LZ9GB31 9944 A,Sharp,Week 44/1999,1999,,44,,,,,,,,,,,,,,,,,,,,,,,,,,,,,,,,,,,,,,,,,,,,,,,,,,,,,,,,,,,
DMG-AEXP-0,Entry #1,ikk5-1,https://gbhwdb.gekkio.fi/cartridges/DMG-AEXP-0/ikk5-1.html,ikk5,"Gex - Enter the Gecko (USA, Europe) (GB Compatible)",DMG-AEXP-EUR,34,DMG-A07-01,I,3,January/1999,1999,January,,ROM,,DMG-AEXP-0 S LH538WYR JAPAN F1 9905 E,Sharp,Week 5/1999,1999,,5,Mapper,MBC5,MBC-5 BU3650K 848 H48,ROHM,Week 48/1998,1998,,48,,,,,,,,,,,,,,,,,,,,,,,,,,,,,,,,,,,,,,,,,,,,,,,,,,,,,,,,,,,
DMG-AF5P-0,Entry #1,3615retro-1,https://gbhwdb.gekkio.fi/cartridges/DMG-AF5P-0/3615retro-1.html,3615Retro,Konami GB Collection Vol.1 (Europe) (GB Compatible),DMG-AF5P-EUR,22,DMG-A07-01,I,4,November/1999,1999,November,,ROM,,DMG-AF5P-0 S LH538WPT JAPAN F1 9947 D,Sharp,Week 47/1999,1999,,47,Mapper,MBC5,MBC5 LZ9GB31 9943 A,Sharp,Week 43/1999,1999,,43,,,,,,,,,,,,,,,,,,,,,,,,,,,,,,,,,,,,,,,,,,,,,,,,,,,,,,,,203f8727,70ccaf1c458dc09b7c703191ef9b8541,760abb9e3950f39bf01320e414a4f4d516e04c83,04101e6b6aa9ed4098cabc91e07e087fe03349bd18a82834f3e9987986120717
DMG-AF6P-0,Entry #1,3615retro-1,https://gbhwdb.gekkio.fi/cartridges/DMG-AF6P-0/3615retro-1.html,3615Retro,Konami GB Collection Vol.2 (Europe) (GB Compatible),DMG-AF6P-EUR,34,DMG-A07-01,A,1,December/1999,1999,December,,ROM,,DMG-AF6P-0 S LHMN8JNV JAPAN F1 0007 D,Sharp,Week 7/2000,2000,,7,Mapper,MBC5,MBC5 P-1 001U2M,Panasonic,Week 1/2000,2000,,1,,,,,,,,,,,,,,,,,,,,,,,,,,,,,,,,,,,,,,,,,,,,,,,,,,,,,,,,a6499792,ed679655b3721327ea36c857c554427a,7a726cac1d459986edebd2cc8f4a84d7369353dd,fb5a36968e09be051c15b697f899f08c3e5ca356f6a946b3723572c59660c3a2
DMG-AF6P-0,Entry #1,ikk5-1,https://gbhwdb.gekkio.fi/cartridges/DMG-AF6P-0/ikk5-1.html,ikk5,Konami GB Collection Vol.2 (Europe) (GB Compatible),DMG-AF6P-EUR,34,DMG-A07-01,Y,3,January/2000,2000,January,,ROM,,DMG-AF6P-0 S LHMN8JNV JAPAN F1 0007 D,Sharp,Week 7/2000,2000,,7,Mapper,MBC5,MBC5 P-1 003U1M,Panasonic,Week 3/2000,2000,,3,,,,,,,,,,,,,,,,,,,,,,,,,,,,,,,,,,,,,,,,,,,,,,,,,,,,,,,,,,,
DMG-AF7P-0,Entry #1,3615retro-1,https://gbhwdb.gekkio.fi/cartridges/DMG-AF7P-0/3615retro-1.html,3615Retro,Konami GB Collection Vol.3 (Europe) (GB Compatible),DMG-AF7P-EUR,09,DMG-A07-01,MB,3,February/2000,2000,February,,ROM,MX23C8005-12,S001349-M MX23C8005-12 DMG-AF7P-0 F1 1B6539A1,Macronix,Week 13/2000,2000,,13,Mapper,MBC5,MBC5 P-1 007U5M,Panasonic,Week 7/2000,2000,,7,,,,,,,,,,,,,,,,,,,,,,,,,,,,,,,,,,,,,,,,,,,,,,,,,,,,,,,,d4d6243d,98f7778539e22307d074cf0abb37d05c,748248b0f837b89f00a8af868f2262d27302eb5c,738e6c60bea513db4e80b02b8a4ff894a8060fa1740f5021c8bc8049c42eb256
DMG-AF8P-0,Entry #1,3615retro-1,https://gbhwdb.gekkio.fi/cartridges/DMG-AF8P-0/3615retro-1.html,3615Retro,Konami GB Collection Vol.4 (Europe) (GB Compatible),DMG-AF8P-EUR,22,DMG-A07-01,A,2,May/2000,2000,May,,ROM,MSM538011E,DMG-AF8P-0 F1 M538011E-N2 0265401,OKI,Week 26/2000,2000,,26,Mapper,MBC5,MBC5 P-1 022U3M,Panasonic,Week 22/2000,2000,,22,,,,,,,,,,,,,,,,,,,,,,,,,,,,,,,,,,,,,,,,,,,,,,,,,,,,,,,,8800f1c9,f3414d53473e2cc43347774cc5f40495,4c0c9e9cba36bfe5588e2a2dc799d207afd1321e,9c19f5d5e94ec9c2215d7d5505cfbb6d13b256143723c641a41b314ad19572b3
DMG-AF8P-0,Entry #1,ikk5-1,https://gbhwdb.gekkio.fi/cartridges/DMG-AF8P-0/ikk5-1.html,ikk5,Konami GB Collection Vol.4 (Europe) (GB Compatible),DMG-AF8P-EUR,22,DMG-A07-01,Y,3,May/2000,2000,May,,ROM,MSM538011E,DMG-AF8P-0 F1 M538011E-N2 0265401,OKI,Week 26/2000,2000,,26,Mapper,MBC5,MBC5 P-1 022U1M,Panasonic,Week 22/2000,2000,,22,,,,,,,,,,,,,,,,,,,,,,,,,,,,,,,,,,,,,,,,,,,,,,,,,,,,,,,,,,,
DMG-AFE-0,Entry #1,kurodo-1,https://gbhwdb.gekkio.fi/cartridges/DMG-AFE-0/kurodo-1.html,Kurodo,"Addams Family, The (USA)",DMG-AF-USA,22,DMG-BEAN-02,I,6,June/1992,1992,June,,ROM,TC531001CF,TOSHIBA 9227EAI TC531001CF DMG-AFE-0 C1 J638 JAPAN,Toshiba,Week 27/1992,1992,,27,Mapper,MBC1B,DMG MBC1B Nintendo J9226BR,Motorola,Week 26/1992,1992,,26,,,,,,,,,,,,,,,,,,,,,,,,,,,,,,,,,,,,,,,,,,,,,,,,,,,,,,,,,,,
DMG-AFFJ-0,Entry #1,gekkio-1,https://gbhwdb.gekkio.fi/cartridges/DMG-AFFJ-0/gekkio-1.html,gekkio,Super Chinese Fighter GB (Japan) (SGB Enhanced),DMG-AFFJ-JPN,00,DMG-BFAN-01,Y,5,December/1996,1996,December,,ROM,,DMG-AFFJ-0 S LH538MN8 JAPAN F1 9651 D,Sharp,Week 51/1996,1996,,51,Mapper,MBC1B,DMG MBC1-B Nintendo P 6'D6,Panasonic,December/1996,1996,December,,,,,,,,,,,,,,,,,,,,,,,,,,,,,,,,,,,,,,,,,,,,,,,,,,,,,,,,,,,,137bac4650f234b571eef67fcb05cc137ef0aca4300389c2b6e5aa96fe9497fe
DMG-AFGE-0,Entry #1,gekkio-1,https://gbhwdb.gekkio.fi/cartridges/DMG-AFGE-0/gekkio-1.html,gekkio,Frogger (USA),DMG-AFGE-USA,22,DMG-BEAN-10,I,6,September/1998,1998,September,,ROM,LH530800A,DMG-AFGE-0 S LH531HZW JAPAN C1 9840 E,Sharp,Week 40/1998,1998,,40,Mapper,MBC1B,DMG MBC1-B Nintendo P 8'57,Panasonic,May/1998,1998,May,,,,,,,,,,,,,,,,,,,,,,,,,,,,,,,,,,,,,,,,,,,,,,,,,,,,,,,,,,,,f07e6f63023d997a83066b422024242d6a7b61cee1af0c1fc41e6fbf4b54b65b
DMG-AFLP-0,Entry #1,ikk5-1,https://gbhwdb.gekkio.fi/cartridges/DMG-AFLP-0/ikk5-1.html,ikk5,"Pitfall - Beyond the Jungle (USA, Europe) (GB Compatible)",DMG-AFLP-EUR,22,DMG-A07-01,A,2,January/1999,1999,January,,ROM,KM23C8000DG,SEC KM23C8000DG DMG-AFLP-0 F1 KFX324U,Samsung,,,,,Mapper,MBC5,MBC5 LZ9GB31 9849 A,Sharp,Week 49/1998,1998,,49,,,,,,,,,,,,,,,,,,,,,,,,,,,,,,,,,,,,,,,,,,,,,,,,,,,,,,,,,,,
DMG-AFOP-0,Entry #1,issotm-1,https://gbhwdb.gekkio.fi/cartridges/DMG-AFOP-0/issotm-1.html,ISSOtm,"FIFA 2000 (USA, Europe) (SGB Enhanced) (GB Compatible)",DMG-AFOP-FRA,12,DMG-A07-01,A,1,,,,,ROM,,DMG-AFOP-0 S LH538WPU JAPAN F1 9949 D,Sharp,Week 49/1999,1999,,49,Mapper,MBC5,MBC5 P-1 943U7M,Panasonic,,,,43,,,,,,,,,,,,,,,,,,,,,,,,,,,,,,,,,,,,,,,,,,,,,,,,,,,,,,,,,,,
DMG-AFX-0,Entry #1,alex-g-1,https://gbhwdb.gekkio.fi/cartridges/DMG-AFX-0/alex-g-1.html,Alex G,"Addams Family, The (Europe) (En,Fr,De)",DMG-AF-FAH,22,DMG-BEAN-02,I,3,June/1992,1992,June,,ROM,LH530800,DMG-AFX-0 S LH5308Z1 JAPAN C1 9224 E,Sharp,Week 24/1992,1992,,24,Mapper,MBC1B,DMG MBC1B Nintendo S 9206 1 AB,Sharp,Week 6/1992,1992,,6,,,,,,,,,,,,,,,,,,,,,,,,,,,,,,,,,,,,,,,,,,,,,,,,,,,,,,,,28fa451e,,2246dbdb6c58c77814cf034ae9224be8e73c5084,
DMG-AG2J-0,Entry #1,melongx-1,https://gbhwdb.gekkio.fi/cartridges/DMG-AG2J-0/melongx-1.html,MelonGx,Dai-2-ji Super Robot Taisen G (Japan) (SGB Enhanced),DMG-AG2J-JPN,00,DMG-DECN-10,I,3,September/1997,1997,September,,ROM,,DMG-AG2J-0 S LH5S4MNY JAPAN E1 9743 E,Sharp,Week 43/1997,1997,,43,Mapper,MBC1B1,DMG MBC1B1 Nintendo S 9742 1 A,Sharp,Week 42/1997,1997,,42,RAM,LH5164AN-10L,LH5164AN-10L SHARP JAPAN 9741 3 EB,Sharp,Week 41/1997,1997,,41,Supervisor & Reset,BA6129A,6129A 7A52,ROHM,October/1997,1997,October,,,,,,,,,,,,,,,,,,,,,,,,,,,,,,,,,,CR1616,,,,,,,,,,
DMG-AGAE-1,Entry #1,beckybecky125-1,https://gbhwdb.gekkio.fi/cartridges/DMG-AGAE-1/beckybecky125-1.html,beckybecky125,Game & Watch Gallery (USA) (Rev 1) (SGB Enhanced),DMG-AGAE-USA,22A,DMG-DECN-10,Y,2,October/1998,1998,October,,ROM,,DMG-AGAE-1 S LH532MUT JAPAN D1 9849 D,Sharp,Week 49/1998,1998,,49,Mapper,MBC1B,DMG MBC1-B Nintendo P 8'N4,Panasonic,November/1998,1998,November,,RAM,HY6264ALJ-70,HY6264A LJ-70 9824B KOREA,Hyundai,Week 24/1998,1998,,24,Supervisor & Reset,BA6129A,6129A 8B07,ROHM,November/1998,1998,November,,,,,,,,,,,,,,,,,,,,,,,,,,,,,,,,,,CR1616,98-11,,November/1998,1998,November,,9e6cdc96,7727f43d66a77fe0284bf1b8ffede7dd,4e4da0ed89c2baaed64600f7eaca90aeeadc084e,f2099eb0fc0bbee1351e4937be69d8e92410dfc23950b42bc45b9b9b3cb6c7df
DMG-AGAE-1,Entry #1,ben-black-1,https://gbhwdb.gekkio.fi/cartridges/DMG-AGAE-1/ben-black-1.html,Ben Black,Game & Watch Gallery (USA) (Rev 1) (SGB Enhanced),DMG-AGAE-USA,00A,DMG-DECN-10,K,3,November/1997,1997,November,,ROM,,DMG-AGAE-1 S LH532MUT JAPAN D1 9807 D,Sharp,Week 7/1998,1998,,7,Mapper,MBC1B1,DMG MBC1B1 Nintendo S 9749 1 A,Sharp,Week 49/1997,1997,,49,RAM,LH5168N-10PL,LH5168N-10PL MOSEL-VITELIC JAPAN N747 0P BH,Mosel-Vitelic,Week 47/1997,1997,,47,Supervisor & Reset,BA6129A,6129A 7C60,ROHM,December/1997,1997,December,,,,,,,,,,,,,,,,,,,,,,,,,,,,,,,,,,CR1616,,,,,,,,,,
DMG-AGCE-0,Entry #1,beckybecky125-1,https://gbhwdb.gekkio.fi/cartridges/DMG-AGCE-0/beckybecky125-1.html,beckybecky125,Arcade Classic No. 3 - Galaga & Galaxian (USA) (SGB Enhanced),DMG-AGCE-USA,22,DMG-BEAN-02,I,3,November/1995,1995,November,,ROM,μPD23C1001EAGW,Ⓜ AT&T JAPAN DMG-AGCE-0 C1 23C1001EAGW-N23 9549E9007,AT&T Technologies,Week 49/1995,1995,,49,Mapper,MBC1B,DMG MBC1-B Nintendo P 5'N2,Panasonic,November/1995,1995,November,,,,,,,,,,,,,,,,,,,,,,,,,,,,,,,,,,,,,,,,,,,,,,,,,,,,,,,,,6a6ecfec,19fd29efaf7ea9e314bd613954a92169,739671d6cf151fa5527d68f78345197d278cdf19,5775aba89eea82bb2a3095e8590e7c552e458c93b6403dd985e3b3e646f190ab
DMG-AGGA-0,Entry #1,3615retro-1,https://gbhwdb.gekkio.fi/cartridges/DMG-AGGA-0/3615retro-1.html,3615Retro,"Game Boy Gallery - 5 Games in 1 (Europe, Australia) (SGB Enhanced)",DMG-AGGA-GPS,22,DMG-BEAN(K)-02,Hs,1,October/1995,1995,October,,ROM,LH530800A,DMG-AGGA-0 S LH531HWM JAPAN C1 9542 D,Sharp,Week 42/1995,1995,,42,Mapper,MBC1B,DMG MBC1-B Nintendo P 5'03,Panasonic,October/1995,1995,October,,,,,,,,,,,,,,,,,,,,,,,,,,,,,,,,,,,,,,,,,,,,,,,,,,,,,,,,,263fd152,b6d1139fb8d57cd47f173faef592c813,07b6174a413858f84bfc480169945c7fd1a372b9,ad53582f0afad53dc3b9c74c0239b46f8d5d3795dc2c86d320748bdef99d349c
DMG-AGGA-0,Entry #1,beckybecky125-1,https://gbhwdb.gekkio.fi/cartridges/DMG-AGGA-0/beckybecky125-1.html,beckybecky125,"Game Boy Gallery - 5 Games in 1 (Europe, Australia) (SGB Enhanced)",DMG-AGGA-UKV,22,DMG-BEAN(K)-02,Hs,1,November/1995,1995,November,,ROM,LH530800A,DMG-AGGA-0 S LH531HWM JAPAN C1 9552 E,Sharp,Week 52/1995,1995,,52,Mapper,MBC1B1,DMG MBC1B1 Nintendo S 9545 7 A,Sharp,Week 45/1995,1995,,45,,,,,,,,,,,,,,,,,,,,,,,,,,,,,,,,,,,,,,,,,,,,,,,,,,,,,,,,263fd152,b6d1139fb8d57cd47f173faef592c813,07b6174a413858f84bfc480169945c7fd1a372b9,ad53582f0afad53dc3b9c74c0239b46f8d5d3795dc2c86d320748bdef99d349c
DMG-AGGA-0,Entry #1,mattcurrie-1,https://gbhwdb.gekkio.fi/cartridges/DMG-AGGA-0/mattcurrie-1.html,mattcurrie,"Game Boy Gallery - 5 Games in 1 (Europe, Australia) (SGB Enhanced)",DMG-AGGA-AUS,20,DMG-BEAN-10,Y,4,January/1997,1997,January,,ROM,LH530800A,DMG-AGGA-0 S LH531HWM JAPAN C1 9705 E,Sharp,Week 5/1997,1997,,5,Mapper,MBC1B1,DMG MBC1B1 Nintendo S 9652 1 A,Sharp,Week 52/1996,1996,,52,,,,,,,,,,,,,,,,,,,,,,,,,,,,,,,,,,,,,,,,,,,,,,,,,,,,,,,,,,,
DMG-AGLE-0,Entry #1,beckybecky125-1,https://gbhwdb.gekkio.fi/cartridges/DMG-AGLE-0/beckybecky125-1.html,beckybecky125,"Game & Watch Gallery 2 (USA, Europe) (SGB Enhanced) (GB Compatible)",DMG-AGLE-USA-1,34,DMG-A06-01,K,5,June/2000,2000,June,,ROM,,DMG-AGLE-0 S LH538WN4 JAPAN F1 0033 E,Sharp,Week 33/2000,2000,,33,Mapper,MBC5,MBC5 LZ9GB31 AL31 A,Sharp,Week 31/2000,2000,,31,RAM,LH5164AN-10L,LH5164AN-10L SHARP A0020 3 CB,Sharp,Week 20/2000,2000,,20,Supervisor & Reset,BA6735,6735 0530,ROHM,May/2000,2000,May,,,,,,,,,,,,,,,,,,,,,,,,,,,,,,,,,,CR1616,00-07,,July/2000,2000,July,,969c8961,cbf4a5b2ff566554b014118e3d0e3e9a,ce81d3260e8c5e1dd241caf6de315eb3e63dbc15,73b65f66f485da7500cca25e51dd0eea9b2b535d217cbcc5d9c5c188f49e6ae3
DMG-AGLE-0,Entry #1,ben-black-1,https://gbhwdb.gekkio.fi/cartridges/DMG-AGLE-0/ben-black-1.html,Ben Black,"Game & Watch Gallery 2 (USA, Europe) (SGB Enhanced) (GB Compatible)",DMG-AGLE-USA,11,DMG-A06-01,K,1,November/1998,1998,November,,ROM,MSM538011E,DMG-AGLE-0 F1 M538011E-18 843232G,OKI,Week 43/1998,1998,,43,Mapper,MBC5,MBC5 P-1 851U3L,Panasonic,Week 51/1998,1998,,51,RAM,LH5164AN-10L,LH5164AN-10L SHARP A9851 5 CB,Sharp,Week 51/1998,1998,,51,Supervisor & Reset,MM1134A,849 134A,Mitsumi,Week 49/1998,1998,,49,,,,,,,,,,,,,,,,,,,,,,,,,,,,,,,,,CR1616,,,,,,,,,,
DMG-AGLP-0,Entry #1,ikk5-1,https://gbhwdb.gekkio.fi/cartridges/DMG-AGLP-0/ikk5-1.html,ikk5,"Game & Watch Gallery 2 (USA, Europe) (SGB Enhanced) (GB Compatible)",DMG-AGLP-EUR,00,DMG-Z02-01,NC,5,October/2000,2000,October,,ROM,,DMG-AGLP-0 S LHMN8MYL JAPAN F1 0047 D,Sharp,Week 47/2000,2000,,47,Mapper,MBC5,MBC5 P 042U6M,Panasonic,Week 42/2000,2000,,42,RAM,GM76C256CLLFW70,HYUNDAI GM76C256CLLFW70 0043 KOREA,Hyundai,Week 43/2000,2000,,43,Supervisor & Reset,BA6735,6735 0B13,ROHM,November/2000,2000,November,,,,,,,,,,,,,,,,,,,,,,,,,,,,,,,,,,CR1616,00-09,,September/2000,2000,September,,,,,
DMG-AGOP-0,Entry #1,gekkio-1,https://gbhwdb.gekkio.fi/cartridges/DMG-AGOP-0/gekkio-1.html,gekkio,Hugo (Europe) (SGB Enhanced),DMG-AGOP-NOE,22,DMG-BEAN-10,K,1,October/1998,1998,October,,ROM,LH530800A,DMG-AGOP-0 S LH531HH6 JAPAN C1 9846 D,Sharp,Week 46/1998,1998,,46,Mapper,MBC1B,DMG MBC1-B Nintendo P 8'06,Panasonic,October/1998,1998,October,,,,,,,,,,,,,,,,,,,,,,,,,,,,,,,,,,,,,,,,,,,,,,,,,,,,,,,,,,,,34958460fc04be7e478b2b21e5cbf46ded6c5313eb195e04eb7de181280db0f3
DMG-AGQE-0,Entry #1,beckybecky125-1,https://gbhwdb.gekkio.fi/cartridges/DMG-AGQE-0/beckybecky125-1.html,beckybecky125,"Game & Watch Gallery 3 (USA, Europe) (SGB Enhanced) (GB Compatible)",DMG-AGQE-USA,09,DMG-A06-01,MB,2,October/1999,1999,October,,ROM,MX23C8003-20,C994349-M MX23C8003-20 DMG-AGQE-0 F1 1B1927A1,Macronix,Week 43/1999,1999,,43,Mapper,MBC5,MBC-5 BU3650K 940 H83,ROHM,Week 40/1999,1999,,40,RAM,LH5164AN-10L,LH5164AN-10L SHARP JAPAN 9945 1 EB,Sharp,Week 45/1999,1999,,45,Supervisor & Reset,BA6735,6735 9998,ROHM,September/1999,1999,September,,,,,,,,,,,,,,,,,,,,,,,,,,,,,,,,,,CR1616,99-10,,October/1999,1999,October,,1ac625da,f1bb0127347994b46258adbda0dc0b16,64ccb3b41715080a9aa13970678aa9047fc7a9fd,22d2ab0ba8d90bff2113a1c10a7e8838e71a4603c1d6f43969098fed47e8dba5
DMG-AGQE-0,Entry #1,lance-kindle-1,https://gbhwdb.gekkio.fi/cartridges/DMG-AGQE-0/lance-kindle-1.html,Lance Kindle,"Game & Watch Gallery 3 (USA, Europe) (SGB Enhanced) (GB Compatible)",,,DMG-Z02-01,I,3,August/2000,2000,August,,ROM,μPD23C8001EJGW,DMG-AGQE-0 F1 N-8001EJGW-K14 0033K7036,NEC,Week 33/2000,2000,,33,Mapper,MBC5,07D4CKT MBC5 2417,Texas Instruments,July/2000,2000,July,,RAM,BR62256F-70LL,BR62256F-70LL 031 150NA,ROHM,Week 31/2000,2000,,31,Supervisor & Reset,BA6735,6735 0738,ROHM,July/2000,2000,July,,,,,,,,,,,,,,,,,,,,,,,,,,,,,,,,,,CR1616,,,,,,,,,,
DMG-AGQP-0,Entry #1,ikk5-1,https://gbhwdb.gekkio.fi/cartridges/DMG-AGQP-0/ikk5-1.html,ikk5,"Game & Watch Gallery 3 (USA, Europe) (SGB Enhanced) (GB Compatible)",DMG-AGQP-EUR,13,DMG-Z02-01,NC,3,November/2000,2000,November,,ROM,MSM538011E,DMG-AGQP-0 F1 M538011E-D5 0475404,OKI,Week 47/2000,2000,,47,Mapper,MBC5,MBC5 P 043U3M,Panasonic,Week 43/2000,2000,,43,RAM,GM76C256CLLFW70,HYUNDAI GM76C256CLLFW70 0041 KOREA,Hyundai,Week 41/2000,2000,,41,Supervisor & Reset,MM1134A,028 134A,Mitsumi,Week 28/2000,2000,,28,,,,,,,,,,,,,,,,,,,,,,,,,,,,,,,,,CR1616,00-10,,October/2000,2000,October,,,,,
DMG-AGUJ-0,Entry #1,marcao-cfh-1,https://gbhwdb.gekkio.fi/cartridges/DMG-AGUJ-0/marcao-cfh-1.html,marcao_cfh,Ganbare Goemon - Tengutou no Gyakushuu (Japan) (GB Compatible),DMG-AGUJ-JPN,,DMG-A06-01,I,4,October/1998,1998,October,,ROM,MX23C8003-20,S985049-M MX23C8003-20 DMG-AGUJ-0 F1 1A3235A1,Macronix,Week 50/1998,1998,,50,Mapper,MBC5,MBC5 P-1 850U2L,Panasonic,Week 50/1998,1998,,50,RAM,LH5164AN-10L,LH5164AN-10L SHARP A9847 7 CB,Sharp,Week 47/1998,1998,,47,Supervisor & Reset,MM1134A,849 134A,Mitsumi,Week 49/1998,1998,,49,,,,,,,,,,,,,,,,,,,,,,,,,,,,,,,,,CR1616,98-11,,November/1998,1998,November,,,,,
DMG-AGWJ-0,Entry #1,gekkio-1,https://gbhwdb.gekkio.fi/cartridges/DMG-AGWJ-0/gekkio-1.html,gekkio,Game Boy Wars Turbo (Japan) (SGB Enhanced),DMG-AGWJ-JPN,22,DMG-DEDN-10,I,6,May/1997,1997,May,,ROM,MX23C4002-20,C9721-M MX23C4002-20 DMG-AGWJ-0 E1 43340G,Macronix,Week 21/1997,1997,,21,Mapper,MBC1B1,DMG MBC1B1 Nintendo S 9722 5 A,Sharp,Week 22/1997,1997,,22,RAM,GM76C256BLLFW70,LGS GM76C256BLLFW70 9617 KOREA,Lucky GoldStar,Week 17/1996,1996,,17,Supervisor & Reset,BA6129A,6129A 7581,ROHM,May/1997,1997,May,,,,,,,,,,,,,,,,,,,,,,,,,,,,,,,,,,CR1616,,,,,,,,,,3e97692587a120d7689fc2ed0ca8dce28637717162a029feee1621593053258c
DMG-AGX-0,Entry #1,mattcurrie-1,https://gbhwdb.gekkio.fi/cartridges/DMG-AGX-0/mattcurrie-1.html,mattcurrie,Pang (Europe),DMG-AG-NOE,22,DMG-BEAN-02,I,2,September/1993,1993,September,,ROM,LH530800,DMG-AGX-0 S LH53080M JAPAN C1 9339 E,Sharp,Week 39/1993,1993,,39,Mapper,MBC1B1,DMG MBC1B1 Nintendo S 9215 5 A,Sharp,Week 15/1992,1992,,15,,,,,,,,,,,,,,,,,,,,,,,,,,,,,,,,,,,,,,,,,,,,,,,,,,,,,,,,,,,
DMG-AHDP-0,Entry #1,ikk5-1,https://gbhwdb.gekkio.fi/cartridges/DMG-AHDP-0/ikk5-1.html,ikk5,"International Track & Field (Europe) (En,Fr,De,It) (SGB Enhanced) (GB Compatible)",DMG-AHDP-EUR,34,DMG-A06-01,I,2,November/1999,1999,November,,ROM,MSM538011E,DMG-AHDP-0 F1 M538011E-D4 0035403,OKI,Week 3/2000,2000,,3,Mapper,MBC5,MBC5 P-1 950U2M,Panasonic,Week 50/1999,1999,,50,RAM,LH5164AN-10L,LH5164AN-10L SHARP JAPAN 9952 1 DB,Sharp,Week 52/1999,1999,,52,Supervisor & Reset,BA6735,6735 9C75,ROHM,December/1999,1999,December,,,,,,,,,,,,,,,,,,,,,,,,,,,,,,,,,,CR1616,99-12,,December/1999,1999,December,,,,,
DMG-AHHJ-0,Entry #1,gekkio-1,https://gbhwdb.gekkio.fi/cartridges/DMG-AHHJ-0/gekkio-1.html,gekkio,Trade & Battle Card Hero (Japan) (SGB Enhanced) (GB Compatible),DMG-AHHJ-JPN,22,DMG-KGDU-01,I,3,January/2000,2000,January,,ROM,,DMG-AHHJ-0 S LH537MYP JAPAN G2 0009 D,Sharp,Week 9/2000,2000,,9,Mapper,MBC3A,MBC-3 A BU3632K 004 H64,ROHM,Week 4/2000,2000,,4,RAM,LH52256CN-10LL,LH52256CN-10LL SHARP JAPAN 0009 3 SO,Sharp,Week 9/2000,2000,,9,Supervisor & Reset,MM1134A,003 134A,Mitsumi,Week 3/2000,2000,,3,,,,,,,,,,,,,,,,,,,,,,,,,Crystal,32.768 kHz,32K9X,,1999,1999,,,CR2025,,,,,,,,,,fc9d2e5a37521078c4f606a44f3b14f5bb46c362e5be003b52eb5594a44c99fe
DMG-AHHJ-0,Entry #1,hdr-1,https://gbhwdb.gekkio.fi/cartridges/DMG-AHHJ-0/hdr-1.html,HDR,Trade & Battle Card Hero (Japan) (SGB Enhanced) (GB Compatible),DMG-AHHJ-JPN,,DMG-KGDU-01,I,1,January/2000,2000,January,,ROM,MX23C1603-12 1,M000795-M MX23C1603-12 1 DMG-AHHJ-0 G2 1Q6004A1,Macronix,Week 7/2000,2000,,7,Mapper,MBC3A,MBC3 A P-2 003U1E,Panasonic,Week 3/2000,2000,,3,RAM,LH52256CN-10LL,LH52256CN-10LL SHARP JAPAN 0009 1 SO,Sharp,Week 9/2000,2000,,9,Supervisor & Reset,MM1134A,002 134A,Mitsumi,Week 2/2000,2000,,2,,,,,,,,,,,,,,,,,,,,,,,,,Crystal,32.768 kHz,32K9Y,,1999,1999,,,CR2025,,,,,,,,,,
DMG-AHLP-0,Entry #1,ikk5-1,https://gbhwdb.gekkio.fi/cartridges/DMG-AHLP-0/ikk5-1.html,ikk5,"Hollywood Pinball (Europe) (En,Fr,De,It) (GB Compatible)",DMG-AHLP-EUR,22,DMG-A07-01,I,5,March/1999,1999,March,,ROM,,DMG-AHLP-0 S LH538WW8 JAPAN F1 9912 D,Sharp,Week 12/1999,1999,,12,Mapper,MBC5,MBC-5 BU3650K 851 193,ROHM,Week 51/1998,1998,,51,,,,,,,,,,,,,,,,,,,,,,,,,,,,,,,,,,,,,,,,,,,,,,,,,,,,,,,,,,,
DMG-AHOP-0,Entry #1,ikk5-1,https://gbhwdb.gekkio.fi/cartridges/DMG-AHOP-0/ikk5-1.html,ikk5,Hugo 2 1-2 (Germany) (GB Compatible),DMG-AHOP-NOE,22,DMG-A07-01,I,5,November/1999,1999,November,,ROM,MX23C8005-12,C994749-M MX23C8005-12 DMG-AHOP-0 F1 1B2776LB,Macronix,Week 47/1999,1999,,47,Mapper,MBC5,MBC-5 BU3650K 944 H80,ROHM,Week 44/1999,1999,,44,,,,,,,,,,,,,,,,,,,,,,,,,,,,,,,,,,,,,,,,,,,,,,,,,,,,,,,,,,,
DMG-AICE-0,Entry #1,ikk5-1,https://gbhwdb.gekkio.fi/cartridges/DMG-AICE-0/ikk5-1.html,ikk5,"Hexcite - The Shapes of Victory (USA, Europe) (SGB Enhanced) (GB Compatible)",DMG-AICP-EUU,,DMG-A02-01,A,6,November/1998,1998,November,,ROM,MX23C8005-12,S984949-M MX23C8005-12 DMG-AICE-0 F1 1A1981LB,Macronix,Week 49/1998,1998,,49,Mapper,MBC5,MBC5 LZ9GB31 9845 A,Sharp,Week 45/1998,1998,,45,RAM,GM76C256CLLFW70,LGS GM76C256CLLFW70 9846 KOREA,Lucky GoldStar,Week 46/1998,1998,,46,Supervisor & Reset,MM1134A,848 134A,Mitsumi,Week 48/1998,1998,,48,,,,,,,,,,,,,,,,,,,,,,,,,,,,,,,,,CR1616,98-10,,October/1998,1998,October,,,,,
DMG-AK2P-0,Entry #1,gekkio-1,https://gbhwdb.gekkio.fi/cartridges/DMG-AK2P-0/gekkio-1.html,gekkio,"Mortal Kombat & Mortal Kombat II (USA, Europe)",DMG-AK2P-EUR,20,DMG-M-BFAN-10,I,6,October/1997,1997,October,,ROM,μPD23C8001EJGW,DMG-AK2P-0 F1 N-8001EJGW-J76 9742K7006,NEC,Week 42/1997,1997,,42,Mapper,MBC1B1,DMG MBC1B1 Nintendo S 9742 1 A,Sharp,Week 42/1997,1997,,42,,,,,,,,,,,,,,,,,,,,,,,,,,,,,,,,,,,,,,,,,,,,,,,,,,,,,,,,,,,cacace0974a588c68766bbf21a631be9fa234335e0607ebfa9de77b3dd0cbf18
DMG-AKBE-0,Entry #1,beckybecky125-1,https://gbhwdb.gekkio.fi/cartridges/DMG-AKBE-0/beckybecky125-1.html,beckybecky125,"Kirby's Dream Land 2 (USA, Europe) (SGB Enhanced)",DMG-AKBE-USA,22,DMG-DECN-02,I,4,September/1995,1995,September,,ROM,,DMG-AKBE-0 S LH534MYI JAPAN E1 9540 E,Sharp,Week 40/1995,1995,,40,Mapper,MBC1B1,DMG MBC1B1 Nintendo S 9539 1 A,Sharp,Week 39/1995,1995,,39,RAM,HY6264ALLJ-10,HY6264A LLJ-10 9526B KOREA,Hyundai,Week 26/1995,1995,,26,Supervisor & Reset,BA6129A,6129A 5853,ROHM,August/1995,1995,August,,,,,,,,,,,,,,,,,,,,,,,,,,,,,,,,,,CR1616,95-06,,June/1995,1995,June,,8dc07c35,ddb5bfae32b0ca39cf8ab6c46880126c,8a2898ffa17e25f43793f40c88421d840d372d3c,08ddc36709d551b6c2b768e8280e0213ebe89a5088b34e1cc6c0e14977b8e312
DMG-AKBJ-0,Entry #1,ben-black-1,https://gbhwdb.gekkio.fi/cartridges/DMG-AKBJ-0/ben-black-1.html,Ben Black,Hoshi no Kirby 2 (Japan) (SGB Enhanced),DMG-AKBJ-JPN,23,DMG-DECN-02,I,3,February/1995,1995,February,,ROM,,DMG-AKBJ-0 S LH534MY0 JAPAN E1 9509 D,Sharp,Week 9/1995,1995,,9,Mapper,MBC1B1,DMG MBC1B1 Nintendo S 9449 5 A,Sharp,Week 49/1994,1994,,49,RAM,LH5268ANF-10YLL,LH5268ANF-10YLL Xlink JAPAN H429 0Y BB,Crosslink Semiconductor,Week 29/1994,1994,,29,Supervisor & Reset,MM1026A,436 26A,Mitsumi,1994,1994,,,,,,,,,,,,,,,,,,,,,,,,,,,,,,,,,,,CR1616,,,,,,,,,,
DMG-AKBP-0,Entry #1,3615retro-1,https://gbhwdb.gekkio.fi/cartridges/DMG-AKBP-0/3615retro-1.html,3615Retro,"Kirby's Dream Land 2 (USA, Europe) (SGB Enhanced)",DMG-AKBP-FAH,22,DMG-DECN(K)-02,Hs,5,May/1995,1995,May,,ROM,μPD23C4001EAGW,DMG-AKBP-0 E1 N-4001EAGW-J29 9522X9001,NEC,Week 22/1995,1995,,22,Mapper,MBC1B,DMG MBC1-B Nintendo P 5'46,Panasonic,April/1995,1995,April,,RAM,VN4464S-08LL,Victronix VN4464S-08LL 95195B033,Victronix,Week 19/1995,1995,,19,Supervisor & Reset,BA6129A,6129A 5492,ROHM,April/1995,1995,April,,,,,,,,,,,,,,,,,,,,,,,,,,,,,,,,,,CR1616,,,,,,,8dc07c35,ddb5bfae32b0ca39cf8ab6c46880126c,8a2898ffa17e25f43793f40c88421d840d372d3c,08ddc36709d551b6c2b768e8280e0213ebe89a5088b34e1cc6c0e14977b8e312
DMG-AKBP-0,Entry #1,mattcurrie-1,https://gbhwdb.gekkio.fi/cartridges/DMG-AKBP-0/mattcurrie-1.html,mattcurrie,"Kirby's Dream Land 2 (USA, Europe) (SGB Enhanced)",DMG-AKBP-AUS,22,DMG-DECN-02,Y,6,October/1995,1995,October,,ROM,,DMG-AKBP-0 S LH534MY3 JAPAN E1 9543 E,Sharp,Week 43/1995,1995,,43,Mapper,MBC1B1,DMG MBC1B1 Nintendo S 9541 3 A,Sharp,Week 41/1995,1995,,41,RAM,XLJ6265BF-10SL,XLJ6265BF-10SL 533 114N,ROHM,Week 33/1995,1995,,33,Supervisor & Reset,MM1026A,529 26A,Mitsumi,1995,1995,,,,,,,,,,,,,,,,,,,,,,,,,,,,,,,,,,,CR1616,,,,,,,,,,
DMG-AKCE-0,Entry #1,beckybecky125-1,https://gbhwdb.gekkio.fi/cartridges/DMG-AKCE-0/beckybecky125-1.html,beckybecky125,"Kirby's Star Stacker (USA, Europe) (SGB Enhanced)",DMG-AKCE-USA,00,DMG-DECN(K)-10,Cs,5,May/1997,1997,May,,ROM,,DMG-AKCE-0 S LH532MU8 JAPAN D1 9724 E,Sharp,Week 24/1997,1997,,24,Mapper,MBC1B,DMG MBC1-B Nintendo P 7'58,Panasonic,May/1997,1997,May,,RAM,BR6265BF-10SL,BR6265BF-10SL 722 157N,ROHM,Week 22/1997,1997,,22,Supervisor & Reset,MM1026A,720 26A,Mitsumi,1997,1997,,,,,,,,,,,,,,,,,,,,,,,,,,,,,,,,,,,CR1616,97-05,,May/1997,1997,May,,91300898,f4c0bf35939be6786c099e9eb4635919,3999993d31e457bb279efac3e4a65fe4967ba861,e497ee2ed48507c32bb3a0c89f449d6f3e3e6b3850534f6af814aaa6d5dcefbd
DMG-AKGE-0,Entry #1,beckybecky125-1,https://gbhwdb.gekkio.fi/cartridges/DMG-AKGE-0/beckybecky125-1.html,beckybecky125,"Ken Griffey Jr. Presents Major League Baseball (USA, Europe) (SGB Enhanced)",DMG-AKGE-USA,22,DMG-DECN-10,K,1,December/1997,1997,December,,ROM,,DMG-AKGE-0 S LH5S4MNP JAPAN E1 9815 D,Sharp,Week 15/1998,1998,,15,Mapper,MBC1B,DMG MBC1-B Nintendo P 8'19,Panasonic,January/1998,1998,January,,RAM,LH5164AN-10L,LH5164AN-10L SHARP JAPAN 9814 5 EB,Sharp,Week 14/1998,1998,,14,Supervisor & Reset,BA6129A,6129A 8274,ROHM,February/1998,1998,February,,,,,,,,,,,,,,,,,,,,,,,,,,,,,,,,,,CR1616,97-12,,December/1997,1997,December,,0a9859c1,2d07ba7a88c2daff07da53831166500a,7092afa1c1ea592bcd3afd185ae17a7b1cdf6800,f3963064307d99bffc5acc17980616f4510074a5acb2dbce5e8e10dfdc23d221
DMG-AKLE-0,Entry #1,beckybecky125-1,https://gbhwdb.gekkio.fi/cartridges/DMG-AKLE-0/beckybecky125-1.html,beckybecky125,"Killer Instinct (USA, Europe) (SGB Enhanced)",DMG-AKLE-USA,22,DMG-BEAN-02,I,2,September/1995,1995,September,,ROM,,DMG-AKLE-0 S LH534MYP JAPAN E1 9539 D,Sharp,Week 39/1995,1995,,39,Mapper,MBC1B,DMG MBC1-B Nintendo P 5'90,Panasonic,September/1995,1995,September,,,,,,,,,,,,,,,,,,,,,,,,,,,,,,,,,,,,,,,,,,,,,,,,,,,,,,,,,ac793b54,ba8628a70339843c2ee8a294b840e8d6,65ae38588abc0e699b244b0854f698ddf72c7b46,4a091956a579de541aa2eef831e6d0c07d8324255cff7cc889c8ed9b70847769
DMG-AKLP-0,Entry #1,jan-spakula-1,https://gbhwdb.gekkio.fi/cartridges/DMG-AKLP-0/jan-spakula-1.html,Jan Spakula,"Killer Instinct (USA, Europe) (SGB Enhanced)",DMG-AKLP-UKV,22,DMG-BEAN-02,I,2,October/1995,1995,October,,ROM,TC534000DF,TOSHIBA 9542EAI TC534000DF DMG-AKLP-0 E1 N059 JAPAN,Toshiba,Week 42/1995,1995,,42,Mapper,MBC1B,DMG MBC1-B Nintendo P 5'04,Panasonic,October/1995,1995,October,,,,,,,,,,,,,,,,,,,,,,,,,,,,,,,,,,,,,,,,,,,,,,,,,,,,,,,,,,,,
DMG-AKMJ-0,Entry #1,gekkio-1,https://gbhwdb.gekkio.fi/cartridges/DMG-AKMJ-0/gekkio-1.html,gekkio,Kandume Monsters (Japan) (SGB Enhanced),DMG-AKMJ-JPN,12,DMG-KECN-SP,I,3,February/1998,1998,February,,ROM,,DMG-AKMJ-0 S LH5S4MWR JAPAN E1 9809 D,Sharp,Week 9/1998,1998,,9,Mapper,MBC3,MBC3 LR385364 9744 A,Sharp,Week 44/1997,1997,,44,RAM,LH5168N-10L,LH5168N-10L SHARP JAPAN 9803 1 DG,Sharp,Week 3/1998,1998,,3,Supervisor & Reset,BA6129A,6129A 7C62,ROHM,December/1997,1997,December,,,,,,,,,,,,,,,,,,,,,,,,,,Crystal,32.768 kHz,KDS7C,Daishinku,March/1997,1997,March,,CR2025,98-02,,February/1998,1998,February,,,,,8fa023229111e68670a5d3792d2c3b1b1def55c9983148e19116df72650a3627
DMG-AKMJ-0,Entry #2,gekkio-2,https://gbhwdb.gekkio.fi/cartridges/DMG-AKMJ-0/gekkio-2.html,gekkio,Kandume Monsters (Japan) (SGB Enhanced),DMG-AKMJ-JPN,22,DMG-KECN-SP,I,6,February/1998,1998,February,,ROM,,DMG-AKMJ-0 S LH5S4MWR JAPAN E1 9809 D,Sharp,Week 9/1998,1998,,9,Mapper,MBC3,MBC3 LR385364 9745 A,Sharp,Week 45/1997,1997,,45,RAM,LH5168N-10L,LH5168N-10L SHARP JAPAN 9802 7 DG,Sharp,Week 2/1998,1998,,2,Supervisor & Reset,BA6129A,6129A 7C62,ROHM,December/1997,1997,December,,,,,,,,,,,,,,,,,,,,,,,,,,Crystal,32.768 kHz,KDS7L,Daishinku,November/1997,1997,November,,CR2025,,,,,,,,,,8fa023229111e68670a5d3792d2c3b1b1def55c9983148e19116df72650a3627
DMG-AKOP-0,Entry #1,ikk5-1,https://gbhwdb.gekkio.fi/cartridges/DMG-AKOP-0/ikk5-1.html,ikk5,Pocket Bomberman (Europe) (SGB Enhanced),DMG-AKOP-EUR,22,DMG-BEAN-10,K,1,December/1997,1997,December,,ROM,,DMG-AKOP-0 S LH5S4MWG JAPAN E1 9805 D,Sharp,Week 5/1998,1998,,5,Mapper,MBC1B,DMG MBC1-B Nintendo P 7'D8,Panasonic,December/1997,1997,December,,,,,,,,,,,,,,,,,,,,,,,,,,,,,,,,,,,,,,,,,,,,,,,,,,,,,,,,,,,,
DMG-AKUP-0,Entry #1,ikk5-1,https://gbhwdb.gekkio.fi/cartridges/DMG-AKUP-0/ikk5-1.html,ikk5,"Klustar (Europe) (En,Fr,De,Es,It) (GB Compatible)",DMG-AKUP-EUR,20,DMG-A07-01,I,3,February/1999,1999,February,,ROM,,DMG-AKUP-0 S LH532MLF JAPAN D1 9911 E,Sharp,Week 11/1999,1999,,11,Mapper,MBC5,MBC5 P-1 852U3L,Panasonic,Week 52/1998,1998,,52,,,,,,,,,,,,,,,,,,,,,,,,,,,,,,,,,,,,,,,,,,,,,,,,,,,,,,,,,,,
DMG-AKXE-0,Entry #1,beckybecky125-1,https://gbhwdb.gekkio.fi/cartridges/DMG-AKXE-0/beckybecky125-1.html,beckybecky125,"Kirby's Block Ball (USA, Europe) (SGB Enhanced)",DMG-AKXE-USA,11,DMG-DECN(K)-02,Hs,1,January/1996,1996,January,,ROM,,DMG-AKXE-0 S LH534MWG JAPAN E1 9612 D,Sharp,Week 12/1996,1996,,12,Mapper,MBC1B,DMG MBC1-B Nintendo P 6'22,Panasonic,February/1996,1996,February,,RAM,XLJ6265BF-10SL,XLJ6265BF-10SL 609 167N,ROHM,Week 9/1996,1996,,9,Supervisor & Reset,MM1026A,607 26A,Mitsumi,1996,1996,,,,,,,,,,,,,,,,,,,,,,,,,,,,,,,,,,,CR1616,96-02,,February/1996,1996,February,,7ad90b4b,203db7ddc72359e4db5e9ab42a6f0ba8,a790d96526972d7ceb026ca27ae41ff475ccb2c5,0b5f1ddb0b40b34735c1adf42b46651526d1e55c14c13969659cf04fc2173e16
DMG-AKXP-0,Entry #1,3615retro-1,https://gbhwdb.gekkio.fi/cartridges/DMG-AKXP-0/3615retro-1.html,3615Retro,"Kirby's Block Ball (USA, Europe) (SGB Enhanced)",DMG-AKXP-EUR,00,DMG-DECN(K)-02,Hs,4,February/1996,1996,February,,ROM,,DMG-AKXP-0 S LH534MWJ JAPAN E1 9613 D,Sharp,Week 13/1996,1996,,13,Mapper,MBC1B1,DMG MBC1B1 Nintendo S 9550 3 A,Sharp,Week 50/1995,1995,,50,RAM,XLJ6265BF-10SL,XLJ6265BF-10SL 611 170N,ROHM,Week 11/1996,1996,,11,Supervisor & Reset,MM1026A,607 26A,Mitsumi,1996,1996,,,,,,,,,,,,,,,,,,,,,,,,,,,,,,,,,,,CR1616,,,,,,,7ad90b4b,203db7ddc72359e4db5e9ab42a6f0ba8,a790d96526972d7ceb026ca27ae41ff475ccb2c5,0b5f1ddb0b40b34735c1adf42b46651526d1e55c14c13969659cf04fc2173e16
DMG-ALAP-0,Entry #1,mattcurrie-1,https://gbhwdb.gekkio.fi/cartridges/DMG-ALAP-0/mattcurrie-1.html,mattcurrie,Aladdin (Europe) (SGB Enhanced),DMG-ALAP-AUS,22,DMG-BEAN-10,I,1,June/1998,1998,June,,ROM,,DMG-ALAP-0 S LH532MYE JAPAN D1 9827 D,Sharp,Week 27/1998,1998,,27,Mapper,MBC1B,DMG MBC1-B Nintendo P 8'11,Panasonic,January/1998,1998,January,,,,,,,,,,,,,,,,,,,,,,,,,,,,,,,,,,,,,,,,,,,,,,,,,,,,,,,,,,,,
DMG-ALLP-0,Entry #1,alex-g-1,https://gbhwdb.gekkio.fi/cartridges/DMG-ALLP-0/alex-g-1.html,Alex G,"Lucky Luke (Europe) (En,Fr,De,Es)",DMG-ALLP-FAH,22,DMG-BEAN(K)-10,Cs,3,November/1996,1996,November,,ROM,,DMG-ALLP-0 S LH532MU9 JAPAN D1 9708 D,Sharp,Week 8/1997,1997,,8,Mapper,MBC1B,DMG MBC1-B Nintendo P 7'16,Panasonic,January/1997,1997,January,,,,,,,,,,,,,,,,,,,,,,,,,,,,,,,,,,,,,,,,,,,,,,,,,,,,,,,,,538e0591,,7d67aa8b17d7208d8ed234bd70b4def9582b362d,
DMG-ALNP-0,Entry #1,ikk5-1,https://gbhwdb.gekkio.fi/cartridges/DMG-ALNP-0/ikk5-1.html,ikk5,"Lion King, The (Europe)",DMG-ALNP-FRA,20,DMG-BEAN(K)-02,Hs,3,March/1996,1996,March,,ROM,,DMG-ALNP-0 S LH534MNU JAPAN E1 9618 D,Sharp,Week 18/1996,1996,,18,Mapper,MBC1B,DMG MBC1-B Nintendo P 6'33,Panasonic,March/1996,1996,March,,,,,,,,,,,,,,,,,,,,,,,,,,,,,,,,,,,,,,,,,,,,,,,,,,,,,,,,,,,,
DMG-ALTP-0,Entry #1,granmastro-1,https://gbhwdb.gekkio.fi/cartridges/DMG-ALTP-0/granmastro-1.html,Granmastro,Looney Tunes (Europe) (GB Compatible),DMG-ALTP-FAH,,DMG-A07-01,K,2,December/1999,1999,December,,ROM,MX23C8005-12,C993649-M MX23C8005-12 DMG-ALTP-0 F1 1B0825A1,Macronix,Week 36/1999,1999,,36,Mapper,MBC5,MBC5 LZ9GB31 9948 A,Sharp,Week 48/1999,1999,,48,,,,,,,,,,,,,,,,,,,,,,,,,,,,,,,,,,,,,,,,,,,,,,,,,,,,,,,,,,,
DMG-ALTP-0,Entry #1,ikk5-1,https://gbhwdb.gekkio.fi/cartridges/DMG-ALTP-0/ikk5-1.html,ikk5,Looney Tunes (Europe) (GB Compatible),DMG-ALTP-FAH,34,DMG-A07-01,K,2,August/1999,1999,August,,ROM,,DMG-ALTP-0 S LH538WR3 JAPAN F1 9937 E,Sharp,Week 37/1999,1999,,37,Mapper,MBC5,MBC5 P-1 933U5L,Panasonic,Week 33/1999,1999,,33,,,,,,,,,,,,,,,,,,,,,,,,,,,,,,,,,,,,,,,,,,,,,,,,,,,,,,,,,,,
DMG-ALZP-0,Entry #1,ikk5-1,https://gbhwdb.gekkio.fi/cartridges/DMG-ALZP-0/ikk5-1.html,ikk5,"Speedy Gonzales - Aztec Adventure (USA, Europe) (GB Compatible)",DMG-ALZP-FAH,00,DMG-A07-01,I,2,December/1999,1999,December,,ROM,MSM538011E,DMG-ALZP-0 F1 M538011E-E1 0065423,OKI,Week 6/2000,2000,,6,Mapper,MBC5,MBC5 LZ9GB31 9948 A,Sharp,Week 48/1999,1999,,48,,,,,,,,,,,,,,,,,,,,,,,,,,,,,,,,,,,,,,,,,,,,,,,,,,,,,,,,,,,
DMG-AM3J-0,Entry #1,gekkio-1,https://gbhwdb.gekkio.fi/cartridges/DMG-AM3J-0/gekkio-1.html,gekkio,Momotarou Collection 2 (Japan) (SGB Enhanced),DMG-AM3J-JPN,22,DMG-MC-SFCN-01,Y,5,October/1996,1996,October,,ROM,,DMG-AM3J-0 S LH538MN6 JAPAN F1 9645 E,Sharp,Week 45/1996,1996,,45,Mapper,MMM01,MMM01 645 113,,Week 45/1996,1996,,45,RAM,XLJ6265BF-10SL,XLJ6265BF-10SL 640 173N,ROHM,Week 40/1996,1996,,40,Supervisor & Reset,MM1026A,642 26A,Mitsumi,1996,1996,,,,,,,,,,,,,,,,,,,,,,,,,,,,,,,,,,,CR1616,96-11,Maxell,November/1996,1996,November,,,,,
DMG-AM3J-0,Entry #2,gekkio-2,https://gbhwdb.gekkio.fi/cartridges/DMG-AM3J-0/gekkio-2.html,gekkio,Momotarou Collection 2 (Japan) (SGB Enhanced),DMG-AM3J-JPN,22,DMG-MC-SFCN-01,Y,2,October/1996,1996,October,,ROM,μPD23C8001EJGW,DMG-AM3J-0 F1 N-8001EJGW-J65 9643K7013,NEC,Week 43/1996,1996,,43,Mapper,MMM01,MMM01 644 113,,Week 44/1996,1996,,44,RAM,XLJ6265BF-10SL,XLJ6265BF-10SL 636 112N,ROHM,Week 36/1996,1996,,36,Supervisor & Reset,MM1026A,642 26A,Mitsumi,1996,1996,,,,,,,,,,,,,,,,,,,,,,,,,,,,,,,,,,,CR1616,96-10,Panasonic,October/1996,1996,October,,,,,
DMG-AM3J-0,Entry #3,gekkio-3,https://gbhwdb.gekkio.fi/cartridges/DMG-AM3J-0/gekkio-3.html,gekkio,Momotarou Collection 2 (Japan) (SGB Enhanced),DMG-AM3J-JPN,22,DMG-MC-SFCN-01,Y,2,October/1996,1996,October,,ROM,,DMG-AM3J-0 S LH538MN6 JAPAN F1 9646 E,Sharp,Week 46/1996,1996,,46,Mapper,MMM01,MMM01 645 113,,Week 45/1996,1996,,45,RAM,XLJ6265BF-10SL,XLJ6265BF-10SL 640 171N,ROHM,Week 40/1996,1996,,40,Supervisor & Reset,MM1026A,642 26A,Mitsumi,1996,1996,,,,,,,,,,,,,,,,,,,,,,,,,,,,,,,,,,,CR1616,96-11,Maxell,November/1996,1996,November,,,,,
DMG-AM3J-0,Entry #4,gekkio-4,https://gbhwdb.gekkio.fi/cartridges/DMG-AM3J-0/gekkio-4.html,gekkio,Momotarou Collection 2 (Japan) (SGB Enhanced),DMG-AM3J-JPN,00,DMG-MC-SFCN-01,Y,5,October/1996,1996,October,,ROM,μPD23C8001EJGW,DMG-AM3J-0 F1 N-8001EJGW-J65 9643K7013,NEC,Week 43/1996,1996,,43,Mapper,MMM01,MMM01 644 103,,Week 44/1996,1996,,44,RAM,XLJ6265BF-10SL,XLJ6265BF-10SL 535 118N,ROHM,Week 35/1995,1995,,35,Supervisor & Reset,MM1026A,642 26A,Mitsumi,1996,1996,,,,,,,,,,,,,,,,,,,,,,,,,,,,,,,,,,,CR1616,96-11,Maxell,November/1996,1996,November,,,,,
DMG-AM3J-0,Entry #1,kay-kidoutai-1,https://gbhwdb.gekkio.fi/cartridges/DMG-AM3J-0/kay-kidoutai-1.html,kay_kidoutai,Momotarou Collection 2 (Japan) (SGB Enhanced),DMG-AM3J-JPN,00,DMG-MC-SFCN-01,Y,3,October/1996,1996,October,,ROM,,DMG-AM3J-0 S LH538MN6 JAPAN F1 9646 E,Sharp,Week 46/1996,1996,,46,Mapper,MMM01,MMM01 645 113,,Week 45/1996,1996,,45,RAM,XLJ6265BF-10SL,XLJ6265BF-10SL 640 169N,ROHM,Week 40/1996,1996,,40,Supervisor & Reset,MM1026A,642 26A,Mitsumi,1996,1996,,,,,,,,,,,,,,,,,,,,,,,,,,,,,,,,,,,CR1616,,,,,,,,,,
DMG-AM6J-0,Entry #1,gekkio-1,https://gbhwdb.gekkio.fi/cartridges/DMG-AM6J-0/gekkio-1.html,gekkio,Daikaijuu Monogatari - The Miracle of the Zone II (Japan) (SGB Enhanced) (GB Compatible),DMG-AM6J-JPN,22,DMG-TFDN-01,I,6,February/1999,1999,February,,ROM,,DMG-AM6J-0 S LH5S8MN2 JAPAN F1 9908 D,Sharp,Week 8/1999,1999,,8,Mapper,HuC-1,HuC-1 © HUDSON Nintendo 9752 A,Hudson,Week 52/1997,1997,,52,RAM,BR62256F-70LL,BR62256F-70LL 906 172A,ROHM,Week 6/1999,1999,,6,Supervisor & Reset,MM1026A,846 26A,Mitsumi,1998,1998,,,,,,,,,,,,,,,,,,,,,,,,,,,,,,,,,,,CR1616,98-12,,December/1998,1998,December,,,,,9d9af105172d5b72d9c1e7ca09fc56cde33c607d840932b465ae2a5221c2f4a8
DMG-AM6J-0,Entry #2,gekkio-2,https://gbhwdb.gekkio.fi/cartridges/DMG-AM6J-0/gekkio-2.html,gekkio,Daikaijuu Monogatari - The Miracle of the Zone II (Japan) (SGB Enhanced) (GB Compatible),DMG-AM6J-JPN,00,DMG-TFDN-01,I,6,November/1998,1998,November,,ROM,MSM538011E,DMG-AM6J-0 F1 M538011E-36 9085401,OKI,Week 8/1999,1999,,8,Mapper,HuC-1,HuC-1 © HUDSON Nintendo 9750 A,Hudson,Week 50/1997,1997,,50,RAM,GM76C256CLLFW70,LGS GM76C256CLLFW70 9849 KOREA,Lucky GoldStar,Week 49/1998,1998,,49,Supervisor & Reset,MM1026A,846 26A,Mitsumi,1998,1998,,,,,,,,,,,,,,,,,,,,,,,,,,,,,,,,,,,CR1616,98-12,,December/1998,1998,December,,,,,9d9af105172d5b72d9c1e7ca09fc56cde33c607d840932b465ae2a5221c2f4a8
DMG-AMCE-0,Entry #1,beckybecky125-1,https://gbhwdb.gekkio.fi/cartridges/DMG-AMCE-0/beckybecky125-1.html,beckybecky125,"Arcade Classic No. 1 - Asteroids & Missile Command (USA, Europe) (SGB Enhanced)",DMG-AMCE-USA,23,DMG-BEAN(K)-02,Hs,1,May/1995,1995,May,,ROM,μPD23C1001EAGW,Ⓜ AT&T JAPAN DMG-AMCE-0 C1 23C1001EAGW-N14 9524E9001,AT&T Technologies,Week 24/1995,1995,,24,Mapper,MBC1B,DMG MBC1-B Nintendo P 5'48,Panasonic,April/1995,1995,April,,,,,,,,,,,,,,,,,,,,,,,,,,,,,,,,,,,,,,,,,,,,,,,,,,,,,,,,,8259ac54,25ec0916ff6f24a1878a9f30991d301d,a4849175191c44d878aff9ef1a86c3fe5e22e266,194f70c0df1d1f2936869af889344f4464abf92e48ad3c5c99f18ce14f7d9513
DMG-AMDJ-0,Entry #1,gekkio-1,https://gbhwdb.gekkio.fi/cartridges/DMG-AMDJ-0/gekkio-1.html,gekkio,Momotarou Collection (Japan) (SGB Enhanced),DMG-AMDJ-JPN,22,DMG-MC-DFCN-01,I,5,July/1996,1996,July,,ROM,,DMG-AMDJ-0 S LH538MNI JAPAN F1 9628 D,Sharp,Week 28/1996,1996,,28,Mapper,MBC1B,DMG MBC1-B Nintendo P 6'61,Panasonic,June/1996,1996,June,,RAM,LH5268ANF-10PLL,LH5268ANF-10PLL MOSEL-VITELIC JAPAN N526 0H BC,Mosel-Vitelic,Week 26/1995,1995,,26,Supervisor & Reset,MM1026A,624 26A,Mitsumi,1996,1996,,,,,,,,,,,,,,,,,,,,,,,,,,,,,,,,,,,CR1616,96-06,,June/1996,1996,June,,,,,db3a45363490b8cb56274f260358c7b8dc0ffc0a41517123d6c5d78c2c54dc38
DMG-AMLP-0,Entry #1,ikk5-1,https://gbhwdb.gekkio.fi/cartridges/DMG-AMLP-0/ikk5-1.html,ikk5,Mulan (Europe) (SGB Enhanced),DMG-AMLP-EUR,00,DMG-BEAN-10,K,6,September/1998,1998,September,,ROM,μPD23C4001EJGW,DMG-AMLP-0 E1 N-4001EJGW-J88 9841E7016,NEC,Week 41/1998,1998,,41,Mapper,MBC1B1,DMG MBC1B1 Nintendo S 9840 1 A,Sharp,Week 40/1998,1998,,40,,,,,,,,,,,,,,,,,,,,,,,,,,,,,,,,,,,,,,,,,,,,,,,,,,,,,,,,,,,
DMG-AMLP-0,Entry #1,mattcurrie-1,https://gbhwdb.gekkio.fi/cartridges/DMG-AMLP-0/mattcurrie-1.html,mattcurrie,Mulan (Europe) (SGB Enhanced),DMG-AMLP-EUR-1,34,DMG-BEAN-10,K,6,November/1998,1998,November,,ROM,,DMG-AMLP-0 S LHMN4MNB JAPAN E1 9853 E,Sharp,Week 53/1998,1998,,53,Mapper,MBC1B1,DMG MBC1B1 Nintendo S 9842 5 A,Sharp,Week 42/1998,1998,,42,,,,,,,,,,,,,,,,,,,,,,,,,,,,,,,,,,,,,,,,,,,,,,,,,,,,,,,,,,,
DMG-AMNP-0,Entry #1,ikk5-1,https://gbhwdb.gekkio.fi/cartridges/DMG-AMNP-0/ikk5-1.html,ikk5,"Men in Black - The Series (USA, Europe) (SGB Enhanced) (GB Compatible)",DMG-AMNP-EUR,22,DMG-A07-01,K,4,January/1999,1999,January,,ROM,,DMG-AMNP-0 S LH538WYS JAPAN F1 9905 D,Sharp,Week 5/1999,1999,,5,Mapper,MBC5,MBC5 LZ9GB31 9845 A,Sharp,Week 45/1998,1998,,45,,,,,,,,,,,,,,,,,,,,,,,,,,,,,,,,,,,,,,,,,,,,,,,,,,,,,,,,,,,
DMG-AMOE-0,Entry #1,beckybecky125-1,https://gbhwdb.gekkio.fi/cartridges/DMG-AMOE-0/beckybecky125-1.html,beckybecky125,"Mole Mania (USA, Europe) (SGB Enhanced)",DMG-AMOE-USA,22,DMG-DECN-10,Y,4,December/1996,1996,December,,ROM,μPD23C4001EJGW,DMG-AMOE-0 E1 N-4001EJGW-J58 9650K7009,NEC,Week 50/1996,1996,,50,Mapper,MBC1B1,DMG MBC1B1 Nintendo S 9649 3 A,Sharp,Week 49/1996,1996,,49,RAM,XLJ6265BF-10SL,XLJ6265BF-10SL 646 107N,ROHM,Week 46/1996,1996,,46,Supervisor & Reset,BA6129A,6129A 6C29,ROHM,December/1996,1996,December,,,,,,,,,,,,,,,,,,,,,,,,,,,,,,,,,,CR1616,96-11,,November/1996,1996,November,,2c36c74c,f28ade3926852a8ad2e449c274683956,37085973519d61e17797693b23016493da56a462,1c8b436fa73bf7f7053858c3a75f8c3995f22d7b3fdc2f232f54984f1e0d8401
DMG-AMOP-0,Entry #1,mattcurrie-1,https://gbhwdb.gekkio.fi/cartridges/DMG-AMOP-0/mattcurrie-1.html,mattcurrie,"Mole Mania (USA, Europe) (SGB Enhanced)",DMG-AMOP-EUR,20,DMG-DECN-10,I,6,January/1997,1997,January,,ROM,,DMG-AMOP-0 S LH534MU0 JAPAN E1 9705 E,Sharp,Week 5/1997,1997,,5,Mapper,MBC1B1,DMG MBC1B1 Nintendo S 9702 1 A,Sharp,Week 2/1997,1997,,2,RAM,XLJ6265BF-10SL,XLJ6265BF-10SL 702 157N,ROHM,Week 2/1997,1997,,2,Supervisor & Reset,BA6129A,6129A 7193,ROHM,January/1997,1997,January,,,,,,,,,,,,,,,,,,,,,,,,,,,,,,,,,,CR1616,,,,,,,,,,
DMG-ANHP-0,Entry #1,ikk5-1,https://gbhwdb.gekkio.fi/cartridges/DMG-ANHP-0/ikk5-1.html,ikk5,"NHL Hockey 95 (USA, Europe) (SGB Enhanced)",DMG-ANHP-EUR,22,DMG-BEAN-02,Y,3,May/1995,1995,May,,ROM,,DMG-ANHP-0 S LH534MYB JAPAN E1 9521 E,Sharp,Week 21/1995,1995,,21,Mapper,MBC1B,DMG MBC1-B Nintendo P 5'46,Panasonic,April/1995,1995,April,,,,,,,,,,,,,,,,,,,,,,,,,,,,,,,,,,,,,,,,,,,,,,,,,,,,,,,,,,,,
DMG-ANWJ-0,Entry #1,3615retro-1,https://gbhwdb.gekkio.fi/cartridges/DMG-ANWJ-0/3615retro-1.html,3615Retro,Itsudemo! Nyan to Wonderful (Japan) (SGB Enhanced),DMG-ANWJ-JPN,22,DMG-KECN-SP,I,1,May/1998,1998,May,,ROM,,DMG-ANWJ-0 S LH532MPE JAPAN D1 9822 E,Sharp,Week 22/1998,1998,,22,Mapper,MBC3,MBC3 LR385364 9743 A,Sharp,Week 43/1997,1997,,43,RAM,BR6265BF-10SL,BR6265BF-10SL 813 128N,ROHM,Week 13/1998,1998,,13,Supervisor & Reset,BA6129A,6129A 8316,ROHM,March/1998,1998,March,,,,,,,,,,,,,,,,,,,,,,,,,,Crystal,,,,,,,,CR2025,,,,,,,,,,
DMG-ANWJ-0,Entry #1,gekkio-1,https://gbhwdb.gekkio.fi/cartridges/DMG-ANWJ-0/gekkio-1.html,gekkio,Itsudemo! Nyan to Wonderful (Japan) (SGB Enhanced),DMG-ANWJ-JPN,22,DMG-KECN-SP,I,3,May/1998,1998,May,,ROM,,DMG-ANWJ-0 S LH532MPE JAPAN D1 9822 D,Sharp,Week 22/1998,1998,,22,Mapper,MBC3,MBC3 LR385364 9743 A,Sharp,Week 43/1997,1997,,43,RAM,BR6265BF-10SL,BR6265BF-10SL 814 136N,ROHM,Week 14/1998,1998,,14,Supervisor & Reset,BA6129A,6129A 8317,ROHM,March/1998,1998,March,,,,,,,,,,,,,,,,,,,,,,,,,,Crystal,32.768 kHz,KDS8C,Daishinku,March/1998,1998,March,,CR2025,98-02,,February/1998,1998,February,,,,,dbbf3416059db5c8c0cec9aaf81df141dd3086015946ad95aa44ffe3bd9621d0
DMG-AO2P-0,Entry #1,ikk5-1,https://gbhwdb.gekkio.fi/cartridges/DMG-AO2P-0/ikk5-1.html,ikk5,Hugo 2 (Germany),DMG-AO2P-NOE,22,DMG-BEAN-10,I,2,July/1998,1998,July,,ROM,LH530800A,DMG-AO2P-0 S LH531HEV JAPAN C1 9831 E,Sharp,Week 31/1998,1998,,31,Mapper,MBC1B,DMG MBC1-B Nintendo P 8'24,Panasonic,February/1998,1998,February,,,,,,,,,,,,,,,,,,,,,,,,,,,,,,,,,,,,,,,,,,,,,,,,,,,,,,,,,,,,
DMG-AODP-0,Entry #1,gekkio-1,https://gbhwdb.gekkio.fi/cartridges/DMG-AODP-0/gekkio-1.html,gekkio,"Oddworld Adventures (USA, Europe)",DMG-AODP-EUR,22,DMG-BEAN-10,K,6,October/1998,1998,October,,ROM,,DMG-AODP-0 S LHMN4MN7 JAPAN E1 9847 E,Sharp,Week 47/1998,1998,,47,Mapper,MBC1B,DMG MBC1-B Nintendo P 8'03,Panasonic,October/1998,1998,October,,,,,,,,,,,,,,,,,,,,,,,,,,,,,,,,,,,,,,,,,,,,,,,,,,,,,,,,,,,,52ad82cb79d557d37c4fd92a9782c594f49340d493f007900b901b3aa232bb9e
DMG-AOMJ-0,Entry #1,gekkio-1,https://gbhwdb.gekkio.fi/cartridges/DMG-AOMJ-0/gekkio-1.html,gekkio,Game de Hakken!! Tamagotchi - Osutchi to Mesutchi (Japan) (SGB Enhanced),DMG-AOMJ-JPN,,0200309E4-01-1,I,4,January/1998,1998,January,,ROM,,TAMA7 C9749 43794C TAIWAN,,Week 49/1997,1997,,49,Mapper,TAMA5,TAMA5 9749 EAJ1,Toshiba,Week 49/1997,1997,,49,Microcontroller,TAMA6,TAMA6 JAPAN 47C243M FV61 9751H,Toshiba,Week 51/1997,1997,,51,RTC,TC8521AM,T 9749HB 8521AM,Toshiba,Week 49/1997,1997,,49,Supervisor & Reset,M62021P,2021 7Z2,Mitsubishi,1997,1997,,,,,,,,,,,,,,,,,,,Crystal,32.768 kHz,KDS8A,Daishinku,January/1998,1998,January,,,,,,,,,,,,
DMG-AOMJ-0,Entry #2,gekkio-2,https://gbhwdb.gekkio.fi/cartridges/DMG-AOMJ-0/gekkio-2.html,gekkio,Game de Hakken!! Tamagotchi - Osutchi to Mesutchi (Japan) (SGB Enhanced),DMG-AOMJ-JPN,,0200309E4-01-1,I,3,January/1998,1998,January,,ROM,,TAMA7 B9748 43913A TAIWAN,,Week 48/1997,1997,,48,Mapper,TAMA5,TAMA5 9726 EAD1,Toshiba,Week 26/1997,1997,,26,Microcontroller,TAMA6,TAMA6 JAPAN 47C243M FV61 9751H,Toshiba,Week 51/1997,1997,,51,RTC,TC8521AM,T 9749HB 8521AM,Toshiba,Week 49/1997,1997,,49,Supervisor & Reset,M62021P,2021 7Z0,Mitsubishi,1997,1997,,,,,,,,,,,,,,,,,,,Crystal,32.768 kHz,KDS8A,Daishinku,January/1998,1998,January,,,,,,,,,,,,
DMG-AOMJ-0,Entry #1,miyako-1,https://gbhwdb.gekkio.fi/cartridges/DMG-AOMJ-0/miyako-1.html,Miyako,Game de Hakken!! Tamagotchi - Osutchi to Mesutchi (Japan) (SGB Enhanced),DMG-AOMJ-JPN,,0200309E4-01-1,I,2,November/1997,1997,November,,ROM,,TAMA7 J9747 43891A TAIWAN,,Week 47/1997,1997,,47,Mapper,TAMA5,TAMA5 9725 EAH1,Toshiba,Week 25/1997,1997,,25,Microcontroller,TAMA6,TAMA6 JAPAN 47C243M FV61 9727H,Toshiba,Week 27/1997,1997,,27,RTC,TC8521AM,T 9722HB 8521AM,Toshiba,Week 22/1997,1997,,22,Supervisor & Reset,M62021P,2021 663,Mitsubishi,1996,1996,,,,,,,,,,,,,,,,,,,Crystal,32.768 kHz,KDS7E,Daishinku,May/1997,1997,May,,,,,,,,,,,,
DMG-AORP-0,Entry #1,ikk5-1,https://gbhwdb.gekkio.fi/cartridges/DMG-AORP-0/ikk5-1.html,ikk5,"Ronaldo V-Football (Europe) (En,Fr,De,Es,It,Nl,Pt) (GB Compatible)",DMG-AORP-EUR,00,DMG-A06-01,MB,6,August/1999,1999,August,,ROM,MX23C8005-12,S994249-M MX23C8005-12 DMG-AORP-0 F1 1B1496B1,Macronix,Week 42/1999,1999,,42,Mapper,MBC5,MBC5 P-1 937U6M,Panasonic,Week 37/1999,1999,,37,RAM,LH5164AN-10L,LH5164AN-10L SHARP A9902 1 CB,Sharp,Week 2/1999,1999,,2,Supervisor & Reset,MM1134A,937 134A,Mitsumi,Week 37/1999,1999,,37,,,,,,,,,,,,,,,,,,,,,,,,,,,,,,,,,CR1616,99-10,,October/1999,1999,October,,,,,
DMG-AORP-0,Entry #1,issotm-1,https://gbhwdb.gekkio.fi/cartridges/DMG-AORP-0/issotm-1.html,ISSOtm,"Ronaldo V-Football (Europe) (En,Fr,De,Es,It,Nl,Pt) (GB Compatible)",DMG-AORP-FAH,00,DMG-A06-01,MB,6,August/1999,1999,August,,ROM,,DMG-AORP-0 S LH538WRK JAPAN F1 9942 D,Sharp,Week 42/1999,1999,,42,Mapper,MBC5,MBC5 P-1 938U1M,Panasonic,Week 38/1999,1999,,38,RAM,LH5164AN-10L,LH5164AN-10L SHARP JAPAN 9933 3 EB,Sharp,Week 33/1999,1999,,33,Supervisor & Reset,MM1134A,939 134A,Mitsumi,Week 39/1999,1999,,39,,,,,,,,,,,,,,,,,,,,,,,,,,,,,,,,,CR1616,,,,,,,,,,
DMG-AOWP-0,Entry #1,ikk5-1,https://gbhwdb.gekkio.fi/cartridges/DMG-AOWP-0/ikk5-1.html,ikk5,"Oddworld Adventures 2 (Europe) (En,Fr,De,Es,It) (GB Compatible)",DMG-AOWP-EUR,34,DMG-A07-01,I,5,May/2000,2000,May,,ROM,,DMG-AOWP-0 S LH538WJS JAPAN F1 0021 D,Sharp,Week 21/2000,2000,,21,Mapper,MBC5,MBC5 P-1 014U7M,Panasonic,Week 14/2000,2000,,14,,,,,,,,,,,,,,,,,,,,,,,,,,,,,,,,,,,,,,,,,,,,,,,,,,,,,,,,,,,
DMG-AP2J-0,Entry #1,beckybecky125-1,https://gbhwdb.gekkio.fi/cartridges/DMG-AP2J-0/beckybecky125-1.html,beckybecky125,Picross 2 (Japan) (SGB Enhanced),DMG-AP2J-JPN,22,DMG-DECN-02,I,4,September/1996,1996,September,,ROM,,DMG-AP2J-0 S LH534MVD JAPAN E1 9639 D,Sharp,Week 39/1996,1996,,39,Mapper,MBC1B1,DMG MBC1B1 Nintendo S 9636 5 A,Sharp,Week 36/1996,1996,,36,RAM,HY6264ALLJ-10,HY6264A LLJ-10 9628B KOREA,Hyundai,Week 28/1996,1996,,28,Supervisor & Reset,MM1026A,634 26A,Mitsumi,1996,1996,,,,,,,,,,,,,,,,,,,,,,,,,,,,,,,,,,,CR1616,96-08,Maxell,August/1996,1996,August,,f5aa5902,142d1f9f4b868780824cca20010ad4d8,57788519111cbe9e20b43d1935e9f52ae165e858,44e873ac3a3f89c9fae0485b8e335117ef40f6f291871c6baaf7df041e38095e
DMG-AP2J-0,Entry #1,kay-kidoutai-1,https://gbhwdb.gekkio.fi/cartridges/DMG-AP2J-0/kay-kidoutai-1.html,kay_kidoutai,Picross 2 (Japan) (SGB Enhanced),DMG-AP2J-JPN,,DMG-DECN-02,I,5,October/1996,1996,October,,ROM,,DMG-AP2J-0 S LH534MVD JAPAN E1 9642 D,Sharp,Week 42/1996,1996,,42,Mapper,MBC1B,DMG MBC1-B Nintendo P 6'67,Panasonic,June/1996,1996,June,,RAM,HY6264ALLJ-10,HY6264A LLJ-10 9632B KOREA,Hyundai,Week 32/1996,1996,,32,Supervisor & Reset,MM1026A,635 26A,Mitsumi,1996,1996,,,,,,,,,,,,,,,,,,,,,,,,,,,,,,,,,,,CR1616,,,,,,,,,,
DMG-AP2J-0,Entry #1,tobiasvl-1,https://gbhwdb.gekkio.fi/cartridges/DMG-AP2J-0/tobiasvl-1.html,tobiasvl,Picross 2 (Japan) (SGB Enhanced),DMG-AP2J-JPN,00,DMG-DECN(K)-02,Hs,4,August/1996,1996,August,,ROM,,DMG-AP2J-0 S LH534MVD JAPAN E1 9639 D,Sharp,Week 39/1996,1996,,39,Mapper,MBC1B,DMG MBC1-B Nintendo P 6'99,Panasonic,September/1996,1996,September,,RAM,LH5268ANF-10PLL,LH5268ANF-10PLL MOSEL-VITELIC JAPAN N634 05 BC,Mosel-Vitelic,Week 34/1996,1996,,34,Supervisor & Reset,,,,,,,,,,,,,,,,,,,,,,,,,,,,,,,,,,,,,,,,CR1616,,,,,,,,,,
DMG-APAD-0,Entry #1,missingno-force-1,https://gbhwdb.gekkio.fi/cartridges/DMG-APAD-0/missingno-force-1.html,Missingno_force,Pokemon - Rote Edition (Germany) (SGB Enhanced),,,DMG-A02-01,I,3,August/1999,1999,August,,ROM,,DMG-APAD-0 S LH538WUT JAPAN F1 9937 D,Sharp,Week 37/1999,1999,,37,Mapper,MBC5,MBC5 P-1 931U4L,Panasonic,Week 31/1999,1999,,31,RAM,GM76C256CLLFW70,LGS GM76C256CLLFW70 9930 KOREA,Lucky GoldStar,Week 30/1999,1999,,30,Supervisor & Reset,MM1134A,930 134A,Mitsumi,Week 30/1999,1999,,30,,,,,,,,,,,,,,,,,,,,,,,,,,,,,,,,,CR1616,,,,,,,,,,
DMG-APAE-0,Entry #1,beckybecky125-1,https://gbhwdb.gekkio.fi/cartridges/DMG-APAE-0/beckybecky125-1.html,beckybecky125,"Pokemon - Red Version (USA, Europe) (SGB Enhanced)",DMG-APAE-USA-1,34,DMG-KFDN-10,I,2,April/2001,2001,April,,ROM,MSM538011E,DMG-APAE-0 F1 M538011E-I3 1145442,OKI,Week 14/2001,2001,,14,Mapper,MBC3A,MBC3 A LR38536B 9843 A,Sharp,Week 43/1998,1998,,43,RAM,BR62256F-70LL,BR62256F-70LL 107 100NA,ROHM,Week 7/2001,2001,,7,Supervisor & Reset,BA6735,6735 1223,ROHM,February/2001,2001,February,,,,,,,,,,,,,,,,,,,,,,,,,,Crystal,,,,,,,,CR2025,01-01,,January/2001,2001,January,,9f7fdd53,3d45c1ee9abd5738df46d2bdda8b57dc,ea9bcae617fdf159b045185467ae58b2e4a48b9a,5ca7ba01642a3b27b0cc0b5349b52792795b62d3ed977e98a09390659af96b7b
DMG-APAF-0,Entry #1,3615retro-1,https://gbhwdb.gekkio.fi/cartridges/DMG-APAF-0/3615retro-1.html,3615Retro,Pokemon - Version Rouge (France) (SGB Enhanced),DMG-APAF-FRA,34,DMG-A02-01,K,4,February/2000,2000,February,,ROM,MSM538011E,DMG-APAF-0 F1 M538011E-69 0095408,OKI,Week 9/2000,2000,,9,Mapper,MBC5,MBC-5 BU3650K 950 H94,ROHM,Week 50/1999,1999,,50,RAM,GM76C256CLLFW70,HYUNDAI GM76C256CLLFW70 0003 KOREA,Hyundai,Week 3/2000,2000,,3,Supervisor & Reset,BA6735,6735 9B24,ROHM,November/1999,1999,November,,,,,,,,,,,,,,,,,,,,,,,,,,,,,,,,,,CR1616,,,,,,,337fce11,669700657cb06ed09371cdbdef69e8a3,47a7622fa30e6402a3891fe65b3a930bf9bd7aec,23766290f3b2347f815f1e8977c3b84047ed880cadda8c4f1a3595a633daa303
DMG-APAF-0,Entry #1,issotm-1,https://gbhwdb.gekkio.fi/cartridges/DMG-APAF-0/issotm-1.html,ISSOtm,Pokemon - Version Rouge (France) (SGB Enhanced),DMG-APAF-FRA,,DMG-A02-01,A,5,January/2000,2000,January,,ROM,MSM538011E,DMG-APAF-0 F1 M538011E-69 0085407,OKI,Week 8/2000,2000,,8,Mapper,,,,,,,,RAM,,,,,,,,Supervisor & Reset,MM1134A,001 134A,Mitsumi,Week 1/2000,2000,,1,,,,,,,,,,,,,,,,,,,,,,,,,,,,,,,,,CR1616,,,,,,,,,,
DMG-APAF-0,Entry #1,kurodo-1,https://gbhwdb.gekkio.fi/cartridges/DMG-APAF-0/kurodo-1.html,Kurodo,Pokemon - Version Rouge (France) (SGB Enhanced),DMG-APAF-FRA,34,DMG-A02-01,A,3,February/2000,2000,February,,ROM,,DMG-APAF-0 S LH538WUL JAPAN F1 0010 D,Sharp,Week 10/2000,2000,,10,Mapper,MBC5,MBC5 P-1 003U6M,Panasonic,Week 3/2000,2000,,3,RAM,LC35256FM-70,SANYO LC35256FM-70U JAPAN 0AUEG,Sanyo,January/2000,2000,January,,Supervisor & Reset,BA6735,6735 9C80,ROHM,December/1999,1999,December,,,,,,,,,,,,,,,,,,,,,,,,,,,,,,,,,,CR1616,,,,,,,,,,
DMG-APAI-0,Entry #1,granmastro-1,https://gbhwdb.gekkio.fi/cartridges/DMG-APAI-0/granmastro-1.html,Granmastro,Pokemon - Versione Rossa (Italy) (SGB Enhanced),DMG-APAI-ITA,11,DMG-A02-01,Y,6,January/2000,2000,January,,ROM,MSM538011E,DMG-APAI-0 F1 M538011E-D2 0075426,OKI,Week 7/2000,2000,,7,Mapper,MBC5,MBC-5 BU3650K 003 H93,ROHM,Week 3/2000,2000,,3,RAM,BR62256F-70LL,BR62256F-70LL 006 150NA,ROHM,Week 6/2000,2000,,6,Supervisor & Reset,BA6735,6735 0123,ROHM,January/2000,2000,January,,,,,,,,,,,,,,,,,,,,,,,,,,,,,,,,,,CR1616,,,,,,,,,,
DMG-APAI-0,Entry #2,granmastro-2,https://gbhwdb.gekkio.fi/cartridges/DMG-APAI-0/granmastro-2.html,Granmastro,Pokemon - Versione Rossa (Italy) (SGB Enhanced),DMG-APAI-ITA,,DMG-A02-01,I,6,June/2000,2000,June,,ROM,MSM538011E,DMG-APAI-0 F1 M538011E-D2 0272427,OKI,Week 27/2000,2000,,27,Mapper,MBC5,MBC-5 BU3650K 021 H10,ROHM,Week 21/2000,2000,,21,RAM,GM76C256CLLFW70,HYUNDAI GM76C256CLLFW70 0021 KOREA,Hyundai,Week 21/2000,2000,,21,Supervisor & Reset,BA6735,6735 0466,ROHM,April/2000,2000,April,,,,,,,,,,,,,,,,,,,,,,,,,,,,,,,,,,CR1616,,,,,,,,,,
DMG-APAJ-1,Entry #1,gdsn-1,https://gbhwdb.gekkio.fi/cartridges/DMG-APAJ-1/gdsn-1.html,gdsn,Pocket Monsters - Aka (Japan) (Rev 1) (SGB Enhanced),DMG-APAJ-JPN,22A,DMG-DEDN-10,I,2,August/1997,1997,August,,ROM,μPD23C4001EJGW,DMG-APAJ-1 E1 N-4001EJGW-J45 9732K7053,NEC,Week 32/1997,1997,,32,Mapper,MBC1B,DMG MBC1-B Nintendo P 7'75,Panasonic,July/1997,1997,July,,RAM,LH52256CN-10LL,LH52256CN-10LL SHARP JAPAN 9730 5 SC,Sharp,Week 30/1997,1997,,30,Supervisor & Reset,BA6129A,6129A 7829,ROHM,August/1997,1997,August,,,,,,,,,,,,,,,,,,,,,,,,,,,,,,,,,,CR1616,,,,,,,,,,
DMG-APAJ-1,Entry #1,marcao-cfh-1,https://gbhwdb.gekkio.fi/cartridges/DMG-APAJ-1/marcao-cfh-1.html,marcao_cfh,Pocket Monsters - Aka (Japan) (Rev 1) (SGB Enhanced),DMG-APAJ-JPN,,DMG-DEDN-10,I,3,February/1997,1997,February,,ROM,μPD23C4001EJGW,DMG-APAJ-1 E1 N-4001EJGW-J45 9705K7046,NEC,Week 5/1997,1997,,5,Mapper,MBC1B,DMG MBC1-B Nintendo P 6'D5,Panasonic,December/1996,1996,December,,RAM,LH52B256NB-10PLL,LH52B256NB-10PLL MOSEL-VITELIC JAPAN N539 0W BA,Mosel-Vitelic,Week 39/1995,1995,,39,Supervisor & Reset,BA6129A,6129A 7194,ROHM,January/1997,1997,January,,,,,,,,,,,,,,,,,,,,,,,,,,,,,,,,,,CR1616,96-11,,November/1996,1996,November,,,,,
DMG-APAU-0,Entry #1,ikk5-1,https://gbhwdb.gekkio.fi/cartridges/DMG-APAU-0/ikk5-1.html,ikk5,"Pokemon - Red Version (USA, Europe) (SGB Enhanced)",,11,DMG-KFDN-10,I,3,March/2000,2000,March,,ROM,MX23C8003-20,C001449-M MX23C8003-20 DMG-APAU-0 F1 1B6845A1,Macronix,Week 14/2000,2000,,14,Mapper,MBC3A,MBC3 A P-2 004U2E,Panasonic,Week 4/2000,2000,,4,RAM,BR62256F-70LL,BR62256F-70LL 013 152NA,ROHM,Week 13/2000,2000,,13,Supervisor & Reset,BA6735,6735 0217,ROHM,February/2000,2000,February,,,,,,,,,,,,,,,,,,,,,,,,,,Crystal,,,,,,,,CR2025,00-02,,February/2000,2000,February,,,,,
DMG-APAU-0,Entry #1,mattcurrie-1,https://gbhwdb.gekkio.fi/cartridges/DMG-APAU-0/mattcurrie-1.html,mattcurrie,"Pokemon - Red Version (USA, Europe) (SGB Enhanced)",DMG-APAU-AUS,22,DMG-KFDN-01,I,6,September/1998,1998,September,,ROM,,DMG-APAU-0 S LH538MNN JAPAN F1 9837 D,Sharp,Week 37/1998,1998,,37,Mapper,MBC3A,MBC3 A P-2 828U4E,Panasonic,Week 28/1998,1998,,28,RAM,LH52256CN-10LL,LH52256CN-10LL SHARP JAPAN 9831 5 SN,Sharp,Week 31/1998,1998,,31,Supervisor & Reset,BA6129A,6129A 8R77,ROHM,1998,1998,,,,,,,,,,,,,,,,,,,,,,,,,,,Crystal,,,,,,,,CR2025,,,,,,,,,,
DMG-APBJ-1,Entry #1,gekkio-1,https://gbhwdb.gekkio.fi/cartridges/DMG-APBJ-1/gekkio-1.html,gekkio,Pocket Monsters - Midori (Japan) (Rev 1) (SGB Enhanced),DMG-APBJ-JPN,20A,DMG-DEDN-10,I,3,March/1997,1997,March,,ROM,,DMG-APBJ-1 S LH534MV2 JAPAN E1 9716 E,Sharp,Week 16/1997,1997,,16,Mapper,MBC1B1,DMG MBC1B1 Nintendo S 9711 7 A,Sharp,Week 11/1997,1997,,11,RAM,LH52B256NA-10PLL,LH52B256NA-10PLL MOSEL-VITELIC JAPAN N641 0K BB,Mosel-Vitelic,Week 41/1996,1996,,41,Supervisor & Reset,MM1026A,650 26A,Mitsumi,1996,1996,,,,,,,,,,,,,,,,,,,,,,,,,,,,,,,,,,,CR1616,,,,,,,,,,3f0dc460ca8d06be1c9ac96307c939c0ea7baa366b40c2f1f4ad63242b6c4816
DMG-APBJ-1,Entry #1,granmastro-1,https://gbhwdb.gekkio.fi/cartridges/DMG-APBJ-1/granmastro-1.html,Granmastro,Pocket Monsters - Midori (Japan) (Rev 1) (SGB Enhanced),DMG-APBJ-JPN,20A,DMG-DEDN-10,I,6,July/1997,1997,July,,ROM,,DMG-APBJ-1 S LH534MW2 JAPAN E1 9730 E,Sharp,Week 30/1997,1997,,30,Mapper,MBC1B1,DMG MBC1B1 Nintendo S 9729 1 A,Sharp,Week 29/1997,1997,,29,RAM,LH52256CN-10LL,LH52256CN-10LL SHARP JAPAN 9727 1 SC,Sharp,Week 27/1997,1997,,27,Supervisor & Reset,BA6129A,6129A 7745,ROHM,July/1997,1997,July,,,,,,,,,,,,,,,,,,,,,,,,,,,,,,,,,,CR1616,97-07,,July/1997,1997,July,,,,,
DMG-APBJ-1,Entry #2,granmastro-2,https://gbhwdb.gekkio.fi/cartridges/DMG-APBJ-1/granmastro-2.html,Granmastro,Pocket Monsters - Midori (Japan) (Rev 1) (SGB Enhanced),DMG-APBJ-JPN,,DMG-DEDN-01,I,4,November/1996,1996,November,,ROM,,DMG-APBJ-1 S LH534MV2 JAPAN E1 9646 E,Sharp,Week 46/1996,1996,,46,Mapper,MBC1B1,DMG MBC1B1 Nintendo S 9645 7 A,Sharp,Week 45/1996,1996,,45,RAM,,,,,,,,Supervisor & Reset,,,,,,,,,,,,,,,,,,,,,,,,,,,,,,,,,,,,,,,,CR1616,96-11,,November/1996,1996,November,,,,,
DMG-APBJ-1,Entry #1,max-m-1,https://gbhwdb.gekkio.fi/cartridges/DMG-APBJ-1/max-m-1.html,max-m,Pocket Monsters - Midori (Japan) (Rev 1) (SGB Enhanced),DMG-APBJ-JPN,00A,DMG-DEDN-10,I,5,February/1997,1997,February,,ROM,,DMG-APBJ-1 S LH534MV2 JAPAN E1 9716 E,Sharp,Week 16/1997,1997,,16,Mapper,MBC1B,DMG MBC1-B Nintendo P 7'10,Panasonic,January/1997,1997,January,,RAM,LH52B256NA-10PLL,LH52B256NA-10PLL MOSEL-VITELIC JAPAN N643 0T BB,Mosel-Vitelic,Week 43/1996,1996,,43,Supervisor & Reset,BA6129A,6129A 7224,ROHM,February/1997,1997,February,,,,,,,,,,,,,,,,,,,,,,,,,,,,,,,,,,CR1616,,,,,,,,,,
DMG-APBJ-1,Entry #1,red-vazquez-1,https://gbhwdb.gekkio.fi/cartridges/DMG-APBJ-1/red-vazquez-1.html,Red Vázquez,Pocket Monsters - Midori (Japan) (Rev 1) (SGB Enhanced),DMG-APBJ-JPN,00A,DMG-DEDN-01,I,5,October/1996,1996,October,,ROM,,DMG-APBJ-1 S LH534MV2 JAPAN E1 9642 E,Sharp,Week 42/1996,1996,,42,Mapper,MBC1B1,DMG MBC1B1 Nintendo S 9641 3 A,Sharp,Week 41/1996,1996,,41,RAM,LH52B256NZ-10PLL,LH52B256NZ-10PLL MOSEL-VITELIC JAPAN N636 06 CB,Mosel-Vitelic,Week 36/1996,1996,,36,Supervisor & Reset,MM1026A,636 26A,Mitsumi,1996,1996,,,,,,,,,,,,,,,,,,,,,,,,,,,,,,,,,,,CR1616,,,,,,,,,,
DMG-APCJ-0,Entry #1,beckybecky125-1,https://gbhwdb.gekkio.fi/cartridges/DMG-APCJ-0/beckybecky125-1.html,beckybecky125,Mario no Picross (Japan) (SGB Enhanced),DMG-APCJ-JPN,23,DMG-DECN-02,Ca,2,May/1995,1995,May,,ROM,μPD23C2001EGW,DMG-APCJ-0 D1 N-2001EGW-J84 9521X9008,NEC,Week 21/1995,1995,,21,Mapper,MBC1B1,DMG MBC1B1 Nintendo S 9515 3 A,Sharp,Week 15/1995,1995,,15,RAM,HY6264ALLJ-10,HY6264A LLJ-10 9509B KOREA,Hyundai,Week 9/1995,1995,,9,Supervisor & Reset,MM1026A,512 26A,Mitsumi,1995,1995,,,,,,,,,,,,,,,,,,,,,,,,,,,,,,,,,,,CR1616,95-02,,February/1995,1995,February,,17533700,defe3559ef5e8d69ca95289edb6f9f6e,6b72cbff3e224299eff6f79e0110a477b8f840c2,eb13fba45c077e52b6947d53cd36ff2fa2f79be39004681dc8f3b4bd93743173
DMG-APCJ-0,Entry #1,kai-1,https://gbhwdb.gekkio.fi/cartridges/DMG-APCJ-0/kai-1.html,Kai,Mario no Picross (Japan) (SGB Enhanced),DMG-APCJ-JPN,22,DMG-DECN-02,Ca,5,January/1995,1995,January,,ROM,,DMG-APCJ-0 S LH532MWO JAPAN D1 9509 D,Sharp,Week 9/1995,1995,,9,Mapper,MBC1B1,DMG MBC1B1 Nintendo S 9506 1 A,Sharp,Week 6/1995,1995,,6,RAM,HY6264ALLJ-10,HY6264A LLJ-10 9434B KOREA,Hyundai,Week 34/1994,1994,,34,Supervisor & Reset,BA6129A,6129A 4B28,ROHM,November/1994,1994,November,,,,,,,,,,,,,,,,,,,,,,,,,,,,,,,,,,CR1616,,,,,,,,,,
DMG-APCJ-0,Entry #1,kay-kidoutai-1,https://gbhwdb.gekkio.fi/cartridges/DMG-APCJ-0/kay-kidoutai-1.html,kay_kidoutai,Mario no Picross (Japan) (SGB Enhanced),DMG-APCJ-JPN,22,DMG-DECN-02,Ca,1,February/1995,1995,February,,ROM,,DMG-APCJ-0 S LH532MWO JAPAN D1 9509 D,Sharp,Week 9/1995,1995,,9,Mapper,MBC1B1,DMG MBC1B1 Nintendo S 9504 1 A,Sharp,Week 4/1995,1995,,4,RAM,HY6264ALLJ-10,HY6264A LLJ-10 9427B KOREA,Hyundai,Week 27/1994,1994,,27,Supervisor & Reset,BA6129A,6129A 4B84,ROHM,November/1994,1994,November,,,,,,,,,,,,,,,,,,,,,,,,,,,,,,,,,,CR1616,,,,,,,,,,
DMG-APCP-0,Entry #1,mattcurrie-1,https://gbhwdb.gekkio.fi/cartridges/DMG-APCP-0/mattcurrie-1.html,mattcurrie,"Mario's Picross (USA, Europe) (SGB Enhanced)",DMG-APCP-NOE,22,DMG-DECN-02,I,4,March/1995,1995,March,,ROM,μPD23C2001EGW,DMG-APCP-0 D1 N-2001EGW-J86 9511X9010,NEC,Week 11/1995,1995,,11,Mapper,MBC1B,DMG MBC1-B Nintendo P 5'23,Panasonic,February/1995,1995,February,,RAM,VN4464S-08LL,Victronix VN4464S-08LL 95103B029,Victronix,Week 10/1995,1995,,10,Supervisor & Reset,MM1026A,508 26A,Mitsumi,1995,1995,,,,,,,,,,,,,,,,,,,,,,,,,,,,,,,,,,,CR1616,,,,,,,,,,
DMG-APCP-0,Entry #1,tobiasvl-1,https://gbhwdb.gekkio.fi/cartridges/DMG-APCP-0/tobiasvl-1.html,tobiasvl,"Mario's Picross (USA, Europe) (SGB Enhanced)",DMG-APCP-NOE,,DMG-DECN-02,I,1,April/1995,1995,April,,ROM,,DMG-APCP-0 S LH532MWI JAPAN D1 9515 D,Sharp,Week 15/1995,1995,,15,Mapper,MBC1B1,DMG MBC1B1 Nintendo S 9512 1 A,Sharp,Week 12/1995,1995,,12,RAM,HY6264ALLJ-10,HY6264A LLJ-10 9506B KOREA,Hyundai,Week 6/1995,1995,,6,Supervisor & Reset,MM1026A,509 26A,Mitsumi,1995,1995,,,,,,,,,,,,,,,,,,,,,,,,,,,,,,,,,,,CR1616,,,,,,,,,,
DMG-APDP-0,Entry #1,gekkio-1,https://gbhwdb.gekkio.fi/cartridges/DMG-APDP-0/gekkio-1.html,gekkio,Pinball Deluxe (Europe),DMG-APDP-EUR,22,DMG-BEAN(K)-02,Hs,6,July/1995,1995,July,,ROM,,DMG-APDP-0 S LH532MWV JAPAN D1 9532 D,Sharp,Week 32/1995,1995,,32,Mapper,MBC1B,DMG MBC1-B Nintendo P 5'72,Panasonic,July/1995,1995,July,,,,,,,,,,,,,,,,,,,,,,,,,,,,,,,,,,,,,,,,,,,,,,,,,,,,,,,,,,,,eefe43d368b74f04c33c2bef0fbffc7140d239356faa9a96b4fe9edc5817de3c
DMG-APDP-0,Entry #1,mattcurrie-1,https://gbhwdb.gekkio.fi/cartridges/DMG-APDP-0/mattcurrie-1.html,mattcurrie,Pinball Deluxe (Europe),DMG-APDP-EUR,11,DMG-BEAN-02,Y,1,July/1996,1996,July,,ROM,,DMG-APDP-0 S LH532MWV JAPAN D1 9630 D,Sharp,Week 30/1996,1996,,30,Mapper,MBC1B1,DMG MBC1B1 Nintendo S 9629 1 A,Sharp,Week 29/1996,1996,,29,,,,,,,,,,,,,,,,,,,,,,,,,,,,,,,,,,,,,,,,,,,,,,,,,,,,,,,,,,,
DMG-APE-0,Entry #1,mattcurrie-1,https://gbhwdb.gekkio.fi/cartridges/DMG-APE-0/mattcurrie-1.html,mattcurrie,"Kwirk - He's A-maze-ing! (USA, Europe)",DMG-AP-FAH,05,DMG-AAA-03,I,5,November/1990,1990,November,,ROM,LH53259,DMG-APE-0 SHARP JAPAN A0 9049 D,Sharp,Week 49/1990,1990,,49,,,,,,,,,,,,,,,,,,,,,,,,,,,,,,,,,,,,,,,,,,,,,,,,,,,,,,,,,,,,,,,,,,,
DMG-APED-0,Entry #1,max-m-1,https://gbhwdb.gekkio.fi/cartridges/DMG-APED-0/max-m-1.html,max-m,Pokemon - Blaue Edition (Germany) (SGB Enhanced),DMG-APED-NOE,,DMG-A02-01,A,6,September/1999,1999,September,,ROM,MSM538011E,DMG-APED-0 F1 M538011E-73 9455403,OKI,Week 45/1999,1999,,45,Mapper,MBC5,MBC5 P-1 942U5M,Panasonic,Week 42/1999,1999,,42,RAM,LH52256CN-10LL,LH52256CN-10LL SHARP JAPAN 9904 3 SO,Sharp,Week 4/1999,1999,,4,Supervisor & Reset,MM1134A,937 134A,Mitsumi,Week 37/1999,1999,,37,,,,,,,,,,,,,,,,,,,,,,,,,,,,,,,,,CR1616,,,,,,,,,,
DMG-APEE-0,Entry #1,beckybecky125-1,https://gbhwdb.gekkio.fi/cartridges/DMG-APEE-0/beckybecky125-1.html,beckybecky125,"Pokemon - Blue Version (USA, Europe) (SGB Enhanced)",DMG-APEE-USA,00,DMG-KFDN-10,I,5,April/1999,1999,April,,ROM,,DMG-APEE-0 S LH538WN9 JAPAN F1 9915 D,Sharp,Week 15/1999,1999,,15,Mapper,MBC3A,MBC3 A P-2 846U2E,Panasonic,Week 46/1998,1998,,46,RAM,GM76C256CLLFW70,LGS GM76C256CLLFW70 9848 KOREA,Lucky GoldStar,Week 48/1998,1998,,48,Supervisor & Reset,MM1134A,849 134A,Mitsumi,Week 49/1998,1998,,49,,,,,,,,,,,,,,,,,,,,,,,,,Crystal,,,,,,,,CR2025,98-12,,December/1998,1998,December,,d6da8a1a,50927e843568814f7ed45ec4f944bd8b,d7037c83e1ae5b39bde3c30787637ba1d4c48ce2,2a951313c2640e8c2cb21f25d1db019ae6245d9c7121f754fa61afd7bee6452d
DMG-APEE-0,Entry #1,comrade-claire-1,https://gbhwdb.gekkio.fi/cartridges/DMG-APEE-0/comrade-claire-1.html,Comrade Claire,"Pokemon - Blue Version (USA, Europe) (SGB Enhanced)",DMG-APEE-USA-1,22,DMG-KFDN-10,I,6,August/2001,2001,August,,ROM,MSM538011E,DMG-APEE-0 F1 M538011E-14 1325401,OKI,Week 32/2001,2001,,32,Mapper,MBC3B,MBC-3 B BU3634K 128 H42,ROHM,Week 28/2001,2001,,28,RAM,GM76C256CLLFW70,HYUNDAI GM76C256CLLFW70 0102 KOREA,Hyundai,Week 2/2001,2001,,2,Supervisor & Reset,BA6735,6735 1723,ROHM,July/2001,2001,July,,,,,,,,,,,,,,,,,,,,,,,,,,Crystal,,,,,,,,CR2025,,,,,,,,,,
DMG-APEE-0,Entry #1,gekkio-1,https://gbhwdb.gekkio.fi/cartridges/DMG-APEE-0/gekkio-1.html,gekkio,"Pokemon - Blue Version (USA, Europe) (SGB Enhanced)",DMG-APEE-USA,00,DMG-KFDN-01,I,1,August/1998,1998,August,,ROM,,DMG-APEE-0 S LH538MNK JAPAN F1 9836 D,Sharp,Week 36/1998,1998,,36,Mapper,MBC3A,MBC3 A P-2 824U6E,Panasonic,Week 24/1998,1998,,24,RAM,LH52256CN-10LL,LH52256CN-10LL SHARP JAPAN 9831 7 SN,Sharp,Week 31/1998,1998,,31,Supervisor & Reset,MM1026A,749 26A,Mitsumi,1997,1997,,,,,,,,,,,,,,,,,,,,,,,,,,,Crystal,,,,,,,,CR2025,98-06,Maxell,June/1998,1998,June,,,,,2a951313c2640e8c2cb21f25d1db019ae6245d9c7121f754fa61afd7bee6452d
DMG-APEF-0,Entry #1,3615retro-1,https://gbhwdb.gekkio.fi/cartridges/DMG-APEF-0/3615retro-1.html,3615Retro,Pokemon - Version Bleue (France) (SGB Enhanced),DMG-APEF-FRA,20,DMG-A02-01,I,4,March/2000,2000,March,,ROM,,DMG-APEF-0 S LH538WUM JAPAN F1 0012 E,Sharp,Week 12/2000,2000,,12,Mapper,MBC5,MBC-5 BU3650K 006 H37,ROHM,Week 6/2000,2000,,6,RAM,LC35256FM-70,SANYO LC35256FM-70U JAPAN 0BU4G,Sanyo,February/2000,2000,February,,Supervisor & Reset,MM1134A,006 134A,Mitsumi,Week 6/2000,2000,,6,,,,,,,,,,,,,,,,,,,,,,,,,,,,,,,,,CR1616,,,,,,,50e2fc1d,35c8154c81abb2ab850689fd28a03515,47faa910d0e073c600665bf9c83b6bd17babdf8a,73dee67befed0c39cd0a6ed53a98ff5b98b3bddc3e7a0dae1d982776a4d0889b
DMG-APEF-0,Entry #1,kurodo-1,https://gbhwdb.gekkio.fi/cartridges/DMG-APEF-0/kurodo-1.html,Kurodo,Pokemon - Version Bleue (France) (SGB Enhanced),DMG-APEF-FRA,20,DMG-A02-01,MB,4,December/1999,1999,December,,ROM,MSM538011E,DMG-APEF-0 F1 M538011E-70 9525430,OKI,Week 52/1999,1999,,52,Mapper,MBC5,MBC5 P-1 950U2M,Panasonic,Week 50/1999,1999,,50,RAM,LH52256CN-10LL,LH52256CN-10LL SHARP JAPAN 9953 3 SO,Sharp,Week 53/1999,1999,,53,Supervisor & Reset,BA6735,6735 9B26,ROHM,November/1999,1999,November,,,,,,,,,,,,,,,,,,,,,,,,,,,,,,,,,,CR1616,,,,,,,,,,
DMG-APEI-0,Entry #1,granmastro-1,https://gbhwdb.gekkio.fi/cartridges/DMG-APEI-0/granmastro-1.html,Granmastro,Pokemon - Versione Blu (Italy) (SGB Enhanced),DMG-APEI-ITA,00,DMG-A02-01,MB,3,January/2000,2000,January,,ROM,MSM538011E,DMG-APEI-0 F1 M538011E-D3 0075402,OKI,Week 7/2000,2000,,7,Mapper,MBC5,MBC5 P-1 002U5M,Panasonic,Week 2/2000,2000,,2,RAM,LH52256CN-10LL,LH52256CN-10LL SHARP JAPAN 0007 1 SO,Sharp,Week 7/2000,2000,,7,Supervisor & Reset,MM1134A,001 134A,Mitsumi,Week 1/2000,2000,,1,,,,,,,,,,,,,,,,,,,,,,,,,,,,,,,,,CR1616,,,,,,,,,,
DMG-APEI-0,Entry #2,granmastro-2,https://gbhwdb.gekkio.fi/cartridges/DMG-APEI-0/granmastro-2.html,Granmastro,Pokemon - Versione Blu (Italy) (SGB Enhanced),DMG-APEI-ITA,11,DMG-A02-01,MB,5,December/1999,1999,December,,ROM,MSM538011E,DMG-APEI-0 F1 M538011E-D3 0035405,OKI,Week 3/2000,2000,,3,Mapper,MBC5,MBC5 P-1 950U4M,Panasonic,Week 50/1999,1999,,50,RAM,LH52256CN-10LL,LH52256CN-10LL SHARP JAPAN 9953 1 SO,Sharp,Week 53/1999,1999,,53,Supervisor & Reset,MM1134A,950 134A,Mitsumi,Week 50/1999,1999,,50,,,,,,,,,,,,,,,,,,,,,,,,,,,,,,,,,CR1616,,,,,,,,,,
DMG-APEJ-0,Entry #1,gdsn-1,https://gbhwdb.gekkio.fi/cartridges/DMG-APEJ-0/gdsn-1.html,gdsn,Pocket Monsters - Ao (Japan) (SGB Enhanced),DMG-APEJ-JPN,22,DMG-DEDN-01,I,4,November/1996,1996,November,,ROM,,DMG-APEJ-0 S LH534MVS JAPAN E1 9646 D,Sharp,Week 46/1996,1996,,46,Mapper,MBC1B1,DMG MBC1B1 Nintendo S 9645 1 A,Sharp,Week 45/1996,1996,,45,RAM,LH52B256NA-10PLL,LH52B256NA-10PLL MOSEL-VITELIC JAPAN N643 0K BB,Mosel-Vitelic,Week 43/1996,1996,,43,Supervisor & Reset,MM1026A,643 26A,Mitsumi,1996,1996,,,,,,,,,,,,,,,,,,,,,,,,,,,,,,,,,,,CR1616,,,,,,,,,,
DMG-APEJ-0,Entry #1,kay-kidoutai-1,https://gbhwdb.gekkio.fi/cartridges/DMG-APEJ-0/kay-kidoutai-1.html,kay_kidoutai,Pocket Monsters - Ao (Japan) (SGB Enhanced),DMG-APEJ-JPN,22,DMG-DEDN-10,I,4,June/1997,1997,June,,ROM,,DMG-APEJ-0 S LH534MVS JAPAN E1 9725 D,Sharp,Week 25/1997,1997,,25,Mapper,MBC1B1,DMG MBC1B1 Nintendo S 9722 1 A,Sharp,Week 22/1997,1997,,22,RAM,GM76C256BLLFW70,LGS GM76C256BLLFW70 9629 KOREA,Lucky GoldStar,Week 29/1996,1996,,29,Supervisor & Reset,BA6129A,6129A 7569,ROHM,May/1997,1997,May,,,,,,,,,,,,,,,,,,,,,,,,,,,,,,,,,,CR1616,,,,,,,,,,
DMG-APEU-0,Entry #1,3615retro-1,https://gbhwdb.gekkio.fi/cartridges/DMG-APEU-0/3615retro-1.html,3615Retro,"Pokemon - Blue Version (USA, Europe) (SGB Enhanced)",DMG-APEU-EUR,34,DMG-KFDN-10,K,3,January/2000,2000,January,,ROM,KM23C8000DG,SEC KM23C8000DG DMG-APEU-0 F1 KFX327U,Samsung,,,,,Mapper,MBC3A,MBC3 A P-2 950U4E,Panasonic,Week 50/1999,1999,,50,RAM,LH52256CN-10LL,LH52256CN-10LL SHARP JAPAN 0006 3 SO,Sharp,Week 6/2000,2000,,6,Supervisor & Reset,MM1134A,001 134A,Mitsumi,Week 1/2000,2000,,1,,,,,,,,,,,,,,,,,,,,,,,,,Crystal,,,,,,,,CR2025,,,,,,,d6da8a1a,50927e843568814f7ed45ec4f944bd8b,d7037c83e1ae5b39bde3c30787637ba1d4c48ce2,2a951313c2640e8c2cb21f25d1db019ae6245d9c7121f754fa61afd7bee6452d
DMG-APEU-0,Entry #1,ikk5-1,https://gbhwdb.gekkio.fi/cartridges/DMG-APEU-0/ikk5-1.html,ikk5,"Pokemon - Blue Version (USA, Europe) (SGB Enhanced)",DMG-APEU-EUR,22,DMG-KFDN-10,I,3,February/2000,2000,February,,ROM,MX23C8003-20,C000749-M MX23C8003-20 DMG-APEU-0 F1 1B5545A1,Macronix,Week 7/2000,2000,,7,Mapper,MBC3A,MBC3 A LR38536B 9950 A,Sharp,Week 50/1999,1999,,50,RAM,BR62256F-70LL,BR62256F-70LL 011 101NA,ROHM,Week 11/2000,2000,,11,Supervisor & Reset,BA6735,6735 0267,ROHM,February/2000,2000,February,,,,,,,,,,,,,,,,,,,,,,,,,,Crystal,,,,,,,,CR2025,00-02,,February/2000,2000,February,,,,,
DMG-APEU-0,Entry #2,ikk5-2,https://gbhwdb.gekkio.fi/cartridges/DMG-APEU-0/ikk5-2.html,ikk5,"Pokemon - Blue Version (USA, Europe) (SGB Enhanced)",DMG-APEU-EUR,34,DMG-KFDN-10,K,3,February/2000,2000,February,,ROM,MX23C8003-20,C001449-M MX23C8003-20 DMG-APEU-0 F1 1B6926A1,Macronix,Week 14/2000,2000,,14,Mapper,MBC3A,MBC3 A P-2 004U5E,Panasonic,Week 4/2000,2000,,4,RAM,GM76C256CLLFW70,HYUNDAI GM76C256CLLFW70 0009 KOREA,Hyundai,Week 9/2000,2000,,9,Supervisor & Reset,MM1134A,008 134A,Mitsumi,Week 8/2000,2000,,8,,,,,,,,,,,,,,,,,,,,,,,,,Crystal,,,,,,,,CR2025,00-02,,February/2000,2000,February,,,,,
DMG-APEU-0,Entry #3,ikk5-3,https://gbhwdb.gekkio.fi/cartridges/DMG-APEU-0/ikk5-3.html,ikk5,"Pokemon - Blue Version (USA, Europe) (SGB Enhanced)",DMG-APEU-EUR,12,DMG-KFDN-10,Y,4,December/1999,1999,December,,ROM,KM23C8000DG,SEC KM23C8000DG DMG-APEU-0 F1 KFX327U,Samsung,,,,,Mapper,MBC3A,MBC3 A P-2 949U6E,Panasonic,Week 49/1999,1999,,49,RAM,GM76C256CLLFW70,HYUNDAI GM76C256CLLFW70 9950 KOREA,Hyundai,Week 50/1999,1999,,50,Supervisor & Reset,MM1134A,952 134A,Mitsumi,Week 52/1999,1999,,52,,,,,,,,,,,,,,,,,,,,,,,,,Crystal,,,,,,,,CR2025,,,,,,,,,,
DMG-APME-0,Entry #1,mattcurrie-1,https://gbhwdb.gekkio.fi/cartridges/DMG-APME-0/mattcurrie-1.html,mattcurrie,"Pagemaster, The (USA) (SGB Enhanced)",DMG-APME-USA,23,DMG-BEAN-02,I,4,October/1994,1994,October,,ROM,μPD23C2001EGW,DMG-APME-0 D1 N-2001EGW-J72 9441X7005,NEC,Week 41/1994,1994,,41,Mapper,MBC1B,DMG MBC1-B Nintendo P 4'95,Panasonic,September/1994,1994,September,,,,,,,,,,,,,,,,,,,,,,,,,,,,,,,,,,,,,,,,,,,,,,,,,,,,,,,,,,,,
DMG-APOJ-0,Entry #1,gekkio-1,https://gbhwdb.gekkio.fi/cartridges/DMG-APOJ-0/gekkio-1.html,gekkio,Pocket Bomberman (Japan) (SGB Enhanced),DMG-APOJ-JPN,22,DMG-TEDN-01,I,3,November/1997,1997,November,,ROM,MX23C4002-20,C9745-M MX23C4002-20 DMG-APOJ-0 E1 43824C,Macronix,Week 45/1997,1997,,45,Mapper,HuC-1,HuC-1 © HUDSON Nintendo 9746 A,Hudson,Week 46/1997,1997,,46,RAM,GM76C256CLLFW70,LGS GM76C256CLLFW70 9733 KOREA,Lucky GoldStar,Week 33/1997,1997,,33,Supervisor & Reset,BA6129A,6129A 7A52,ROHM,October/1997,1997,October,,,,,,,,,,,,,,,,,,,,,,,,,,,,,,,,,,CR1616,,,,,,,,,,6daf2830310346620cf1ed657dfff3f96e5f1e83391cb455a6d041f6e8ecf87b
DMG-APOJ-0,Entry #1,louhike-1,https://gbhwdb.gekkio.fi/cartridges/DMG-APOJ-0/louhike-1.html,Louhike,Pocket Bomberman (Japan) (SGB Enhanced),DMG-APOJ-JPN,22,DMG-TEDN-01,I,6,November/1997,1997,November,,ROM,,DMG-APOJ-0 S LH534MUB JAPAN E1 9746 D,Sharp,Week 46/1997,1997,,46,Mapper,HuC-1,HuC-1 © HUDSON Nintendo 9744 A,Hudson,Week 44/1997,1997,,44,RAM,GM76C256CLLFW70,LGS GM76C256CLLFW70 9733 KOREA,Lucky GoldStar,Week 33/1997,1997,,33,Supervisor & Reset,BA6129A,6129A 7A50,ROHM,October/1997,1997,October,,,,,,,,,,,,,,,,,,,,,,,,,,,,,,,,,,CR1616,97-09,,September/1997,1997,September,,,,,
DMG-APSD-0,Entry #1,ikk5-1,https://gbhwdb.gekkio.fi/cartridges/DMG-APSD-0/ikk5-1.html,ikk5,Pokemon - Gelbe Edition - Special Pikachu Edition (Germany) (CGB+SGB Enhanced),DMG-APSD-NOE,01,DMG-A02-01,I,1,July/2000,2000,July,,ROM,MSM538011E,DMG-APSD-0 F1 M538011E-G8 0315425,OKI,Week 31/2000,2000,,31,Mapper,MBC5,MBC5 P-1 027U4M,Panasonic,Week 27/2000,2000,,27,RAM,LC35256FM-70,SANYO LC35256FM-70U JAPAN 0FU8G,Sanyo,June/2000,2000,June,,Supervisor & Reset,BA6735,6735 0680,ROHM,June/2000,2000,June,,,,,,,,,,,,,,,,,,,,,,,,,,,,,,,,,,CR1616,00-06,,June/2000,2000,June,,,,,
DMG-APSD-0,Entry #1,missingno-force-1,https://gbhwdb.gekkio.fi/cartridges/DMG-APSD-0/missingno-force-1.html,Missingno_force,Pokemon - Gelbe Edition - Special Pikachu Edition (Germany) (CGB+SGB Enhanced),DMG-APSD-NOE,22,DMG-A02-01,I,4,May/2000,2000,May,,ROM,MSM538011E,DMG-APSD-0 F1 M538011E-G8 0215424,OKI,Week 21/2000,2000,,21,Mapper,MBC5,MBC-5 BU3650K 020 H77,ROHM,Week 20/2000,2000,,20,RAM,W24258S-70LE,Winbond W24258S-70LE 009WH295325501AA,Winbond,Week 9/2000,2000,,9,Supervisor & Reset,BA6735,6735 0270,ROHM,February/2000,2000,February,,,,,,,,,,,,,,,,,,,,,,,,,,,,,,,,,,CR1616,,,,,,,,,,
DMG-APSD-0,Entry #2,missingno-force-2,https://gbhwdb.gekkio.fi/cartridges/DMG-APSD-0/missingno-force-2.html,Missingno_force,Pokemon - Gelbe Edition - Special Pikachu Edition (Germany) (CGB+SGB Enhanced),DMG-APSD-NOE,20,DMG-A02-01,MB,3,June/2000,2000,June,,ROM,,DMG-APSD-0 S LHMN8MN3 JAPAN F1 0033 D,Sharp,Week 33/2000,2000,,33,Mapper,MBC5,MBC5 P-1 027U4M,Panasonic,Week 27/2000,2000,,27,RAM,LC35256DM-70,SANYO LC35256DM-70W JAPAN 0EUPG,Sanyo,May/2000,2000,May,,Supervisor & Reset,MM1134A,024 134A,Mitsumi,Week 24/2000,2000,,24,,,,,,,,,,,,,,,,,,,,,,,,,,,,,,,,,CR1616,,,,,,,,,,
DMG-APSE-0,Entry #1,beckybecky125-1,https://gbhwdb.gekkio.fi/cartridges/DMG-APSE-0/beckybecky125-1.html,beckybecky125,"Pokemon - Yellow Version - Special Pikachu Edition (USA, Europe) (CGB+SGB Enhanced)",DMG-APSE-USA-1,20,DMG-A02-01,I,6,November/1999,1999,November,,ROM,μPD23C8001EJGW,DMG-APSE-0 F1 N-8001EJGW-K04 9949K7048,NEC,Week 49/1999,1999,,49,Mapper,MBC5,MBC5 LZ9GB31 9947 A,Sharp,Week 47/1999,1999,,47,RAM,LH52256CN-10LL,LH52256CN-10LL SHARP JAPAN 9906 3 SO,Sharp,Week 6/1999,1999,,6,Supervisor & Reset,MM1134A,943 134A,Mitsumi,Week 43/1999,1999,,43,,,,,,,,,,,,,,,,,,,,,,,,,,,,,,,,,CR1616,99-11,Panasonic,November/1999,1999,November,,7d527d62,d9290db87b1f0a23b89f99ee4469e34b,cc7d03262ebfaf2f06772c1a480c7d9d5f4a38e1,8cbaa499397e4f1a679c992ea9382a2dd7942ab398b48c19829c2d9529de47bf
DMG-APSE-0,Entry #1,comrade-claire-1,https://gbhwdb.gekkio.fi/cartridges/DMG-APSE-0/comrade-claire-1.html,Comrade Claire,"Pokemon - Yellow Version - Special Pikachu Edition (USA, Europe) (CGB+SGB Enhanced)",DMG-APSE-USA-1,09,DMG-A02-01,I,2,February/2000,2000,February,,ROM,,DMG-APSE-0 S LH538WU3 JAPAN F1 0012 D,Sharp,Week 12/2000,2000,,12,Mapper,MBC5,MBC5 LZ9GB31 AL10 A,Sharp,Week 10/2000,2000,,10,RAM,LH52256CN-10LL,LH52256CN-10LL SHARP JAPAN 0012 3 LO,Sharp,Week 12/2000,2000,,12,Supervisor & Reset,MM1134A,005 134A,Mitsumi,Week 5/2000,2000,,5,,,,,,,,,,,,,,,,,,,,,,,,,,,,,,,,,CR1616,,,,,,,,,,
DMG-APSE-0,Entry #1,gekkio-1,https://gbhwdb.gekkio.fi/cartridges/DMG-APSE-0/gekkio-1.html,gekkio,"Pokemon - Yellow Version - Special Pikachu Edition (USA, Europe) (CGB+SGB Enhanced)",DMG-APSE-USA-1,20,DMG-A02-01,MB,2,January/2000,2000,January,,ROM,KM23C8000DG,SEC KM23C8000DG DMG-APSE-0 F1 KFX333U,Samsung,,,,,Mapper,MBC5,MBC5 P-1 001U5M,Panasonic,Week 1/2000,2000,,1,RAM,LH52256CN-10LL,LH52256CN-10LL SHARP JAPAN 0005 3 LO,Sharp,Week 5/2000,2000,,5,Supervisor & Reset,BA6735,6735 9860,ROHM,August/1999,1999,August,,,,,,,,,,,,,,,,,,,,,,,,,,,,,,,,,,CR1616,00-01,Panasonic,January/2000,2000,January,,,,,8cbaa499397e4f1a679c992ea9382a2dd7942ab398b48c19829c2d9529de47bf
DMG-APSF-0,Entry #1,3615retro-1,https://gbhwdb.gekkio.fi/cartridges/DMG-APSF-0/3615retro-1.html,3615Retro,Pokemon - Version Jaune - Edition Speciale Pikachu (France) (CGB+SGB Enhanced),DMG-APSF-FRA,34,DMG-A02-01,I,6,June/2000,2000,June,,ROM,MSM538011E,DMG-APSF-0 F1 M538011E-G9 0285402,OKI,Week 28/2000,2000,,28,Mapper,MBC5,MBC5 P-1 023U2M,Panasonic,Week 23/2000,2000,,23,RAM,GM76C256CLLFW70,HYUNDAI GM76C256CLLFW70 0023 KOREA,Hyundai,Week 23/2000,2000,,23,Supervisor & Reset,MM1134A,022 134A,Mitsumi,Week 22/2000,2000,,22,,,,,,,,,,,,,,,,,,,,,,,,,,,,,,,,,CR1616,,,,,,,d03426e9,2df6b439a35e0d511d52fa75c6a7849a,0aceec0ef7aa2ca5aa831554598d91f61a925591,77b31f874fd877fbf48757f315ffc3144e06fc7222aba6ac4eda2045ebf5d3fa
DMG-APSF-0,Entry #1,issotm-1,https://gbhwdb.gekkio.fi/cartridges/DMG-APSF-0/issotm-1.html,ISSOtm,Pokemon - Version Jaune - Edition Speciale Pikachu (France) (CGB+SGB Enhanced),DMG-APSF-FRA,34,DMG-A02-01,K,5,April/2000,2000,April,,ROM,MSM538011E,DMG-APSF-0 F1 M538011E-G9 0165446,OKI,Week 16/2000,2000,,16,Mapper,MBC5,MBC-5 BU3650K 013 H30,ROHM,Week 13/2000,2000,,13,RAM,W24258S-70LE,Winbond W24258S-70LE 011MH200254401AA,Winbond,Week 11/2000,2000,,11,Supervisor & Reset,MM1134A,009 134A,Mitsumi,Week 9/2000,2000,,9,,,,,,,,,,,,,,,,,,,,,,,,,,,,,,,,,CR1616,,,,,,,,,,
DMG-APSF-0,Entry #1,kurodo-1,https://gbhwdb.gekkio.fi/cartridges/DMG-APSF-0/kurodo-1.html,Kurodo,Pokemon - Version Jaune - Edition Speciale Pikachu (France) (CGB+SGB Enhanced),DMG-APSF-FRA,08,DMG-A02-01,MB,6,July/2000,2000,July,,ROM,MSM538011E,DMG-APSF-0 F1 M538011E-G9 0365407,OKI,Week 36/2000,2000,,36,Mapper,MBC5,08CHY4T MBC5 2417,Texas Instruments,August/2000,2000,August,,RAM,BR62256F-70LL,BR62256F-70LL 029 184NA,ROHM,Week 29/2000,2000,,29,Supervisor & Reset,BA6735,6735 0797,ROHM,July/2000,2000,July,,,,,,,,,,,,,,,,,,,,,,,,,,,,,,,,,,CR1616,,,,,,,,,,
DMG-APSF-0,Entry #2,kurodo-2,https://gbhwdb.gekkio.fi/cartridges/DMG-APSF-0/kurodo-2.html,Kurodo,Pokemon - Version Jaune - Edition Speciale Pikachu (France) (CGB+SGB Enhanced),DMG-APSF-FRA,41,DMG-A02-01,K,6,April/2000,2000,April,,ROM,MSM538011E,DMG-APSF-0 F1 M538011E-G9 0175402,OKI,Week 17/2000,2000,,17,Mapper,MBC5,MBC5 LZ9GB31 AL13 A,Sharp,Week 13/2000,2000,,13,RAM,GM76C256CLLFW70,HYUNDAI GM76C256CLLFW70 0012 KOREA,Hyundai,Week 12/2000,2000,,12,Supervisor & Reset,MM1134A,009 134A,Mitsumi,Week 9/2000,2000,,9,,,,,,,,,,,,,,,,,,,,,,,,,,,,,,,,,CR1616,,,,,,,,,,
DMG-APSF-0,Entry #3,kurodo-3,https://gbhwdb.gekkio.fi/cartridges/DMG-APSF-0/kurodo-3.html,Kurodo,Pokemon - Version Jaune - Edition Speciale Pikachu (France) (CGB+SGB Enhanced),DMG-APSF-FRA,34,DMG-A02-01,I,5,June/2000,2000,June,,ROM,MSM538011E,DMG-APSF-0 F1 M538011E-G9 0285402,OKI,Week 28/2000,2000,,28,Mapper,MBC5,MBC5 P-1 022U6M,Panasonic,Week 22/2000,2000,,22,RAM,GM76C256CLLFW70,HYUNDAI GM76C256CLLFW70 0019 KOREA,Hyundai,Week 19/2000,2000,,19,Supervisor & Reset,MM1134A,022 134A,Mitsumi,Week 22/2000,2000,,22,,,,,,,,,,,,,,,,,,,,,,,,,,,,,,,,,CR1616,,,,,,,,,,
DMG-APSI-0,Entry #1,granmastro-1,https://gbhwdb.gekkio.fi/cartridges/DMG-APSI-0/granmastro-1.html,Granmastro,Pokemon - Versione Gialla - Speciale Edizione Pikachu (Italy) (CGB+SGB Enhanced),DMG-APSI-ITA,22,DMG-A02-01,I,1,April/2000,2000,April,,ROM,MSM538011E,DMG-APSI-0 F1 M538011E-P7 0175429,OKI,Week 17/2000,2000,,17,Mapper,MBC5,MBC5 LZ9GB31 AL15 A,Sharp,Week 15/2000,2000,,15,RAM,GM76C256CLLFW70,HYUNDAI GM76C256CLLFW70 0014 KOREA,Hyundai,Week 14/2000,2000,,14,Supervisor & Reset,BA6735,6735 0362,ROHM,March/2000,2000,March,,,,,,,,,,,,,,,,,,,,,,,,,,,,,,,,,,CR1616,,,,,,,,,,
DMG-APSI-0,Entry #2,granmastro-2,https://gbhwdb.gekkio.fi/cartridges/DMG-APSI-0/granmastro-2.html,Granmastro,Pokemon - Versione Gialla - Speciale Edizione Pikachu (Italy) (CGB+SGB Enhanced),DMG-APSI-ITA,13,DMG-A02-01,K,1,June/2000,2000,June,,ROM,MSM538011E,DMG-APSI-0 F1 M538011E-H7 0315420,OKI,Week 31/2000,2000,,31,Mapper,MBC5,MBC-5 BU3650K 029 122,ROHM,Week 29/2000,2000,,29,RAM,W24258S-70LE,Winbond W24258S-70LE 014SH295325001AA,Winbond,Week 14/2000,2000,,14,Supervisor & Reset,MM1134A,023 134A,Mitsumi,Week 23/2000,2000,,23,,,,,,,,,,,,,,,,,,,,,,,,,,,,,,,,,CR1616,00-06,,June/2000,2000,June,,,,,
DMG-APSJ-0,Entry #1,hdr-1,https://gbhwdb.gekkio.fi/cartridges/DMG-APSJ-0/hdr-1.html,HDR,Pocket Monsters - Pikachu (Japan) (SGB Enhanced),DMG-APSJ-JPN,00,DMG-LFDN-01,I,4,July/1998,1998,July,,ROM,μPD23C8001EJGW,DMG-APSJ-0 F1 N-8001EJGW-J78 9833K7008,NEC,Week 33/1998,1998,,33,Mapper,MBC3,MBC3 LR385364 9743 A,Sharp,Week 43/1997,1997,,43,RAM,LH52256CN-10LL,LH52256CN-10LL SHARP JAPAN 9827 7 SN,Sharp,Week 27/1998,1998,,27,Supervisor & Reset,BA6129A,6129A 8M16,ROHM,1998,1998,,,,,,,,,,,,,,,,,,,,,,,,,,,,,,,,,,,CR2025,,,,,,,,,,
DMG-APSJ-0,Entry #2,hdr-2,https://gbhwdb.gekkio.fi/cartridges/DMG-APSJ-0/hdr-2.html,HDR,Pocket Monsters - Pikachu (Japan) (SGB Enhanced),DMG-APSJ-JPN,20A,DMG-KFDN-01,I,1,August/1998,1998,August,,ROM,KM23C8000DG,SEC KM23C8000DG DMG-APSJ-0 F1 KFX3ALY,Samsung,,,,,Mapper,MBC3A,MBC3 A LR38536B 9809 A,Sharp,Week 9/1998,1998,,9,RAM,LH52256CN-10LL,LH52256CN-10LL SHARP JAPAN 9832 1 SN,Sharp,Week 32/1998,1998,,32,Supervisor & Reset,MM1026A,749 26A,Mitsumi,1997,1997,,,,,,,,,,,,,,,,,,,,,,,,,,,Crystal,,,,,,,,CR2025,,,,,,,,,,
DMG-APSJ-1,Entry #1,hdr-1,https://gbhwdb.gekkio.fi/cartridges/DMG-APSJ-1/hdr-1.html,HDR,Pocket Monsters - Pikachu (Japan) (Rev 1) (SGB Enhanced),DMG-APSJ-JPN,12B,DMG-KFDN-01,I,4,August/1998,1998,August,,ROM,,DMG-APSJ-1 S LH538MNP JAPAN F1 9837 E,Sharp,Week 37/1998,1998,,37,Mapper,MBC3A,MBC3 A P-2 830U2E,Panasonic,Week 30/1998,1998,,30,RAM,GM76C256CLLFW70,LGS GM76C256CLLFW70 9826 KOREA,Lucky GoldStar,Week 26/1998,1998,,26,Supervisor & Reset,BA6129A,6129A 8R77,ROHM,1998,1998,,,,,,,,,,,,,,,,,,,,,,,,,,,Crystal,,,,,,,,CR2025,,,,,,,,,,
DMG-APSJ-1,Entry #2,hdr-2,https://gbhwdb.gekkio.fi/cartridges/DMG-APSJ-1/hdr-2.html,HDR,Pocket Monsters - Pikachu (Japan) (Rev 1) (SGB Enhanced),DMG-APSJ-JPN,20B,DMG-KFDN-01,I,3,September/1998,1998,September,,ROM,MSM538011E,DMG-APSJ-1 F1 M538011E-15 8375356,OKI,Week 37/1998,1998,,37,Mapper,MBC3A,MBC3 A P-2 828U2E,Panasonic,Week 28/1998,1998,,28,RAM,GM76C256CLLFW70,LGS GM76C256CLLFW70 9829 KOREA,Lucky GoldStar,Week 29/1998,1998,,29,Supervisor & Reset,BA6129A,6129A 8Q70,ROHM,1998,1998,,,,,,,,,,,,,,,,,,,,,,,,,,,Crystal,,,,,,,,CR2025,,,,,,,,,,
DMG-APSJ-1,Entry #3,hdr-3,https://gbhwdb.gekkio.fi/cartridges/DMG-APSJ-1/hdr-3.html,HDR,Pocket Monsters - Pikachu (Japan) (Rev 1) (SGB Enhanced),DMG-APSJ-JPN,00B,DMG-KFDN-01,I,4,September/1998,1998,September,,ROM,MX23C8003-20,J983649-M MX23C8003-20 DMG-APSJ-1 F1 1A2304Y3,Macronix,Week 36/1998,1998,,36,Mapper,MBC3A,MBC3 A P-2 830U2E,Panasonic,Week 30/1998,1998,,30,RAM,GM76C256CLLFW70,LGS GM76C256CLLFW70 9829 KOREA,Lucky GoldStar,Week 29/1998,1998,,29,Supervisor & Reset,BA6129A,6129A 8Q71,ROHM,1998,1998,,,,,,,,,,,,,,,,,,,,,,,,,,,Crystal,,,,,,,,CR2025,,,,,,,,,,
DMG-APSJ-2,Entry #1,hdr-1,https://gbhwdb.gekkio.fi/cartridges/DMG-APSJ-2/hdr-1.html,HDR,Pocket Monsters - Pikachu (Japan) (Rev 2) (SGB Enhanced),DMG-APSJ-JPN,12C,DMG-KFDN-01,I,5,October/1998,1998,October,,ROM,MX23C8003-20,J984149-M MX23C8003-20 DMG-APSJ-2 F1 23583YA1,Macronix,Week 41/1998,1998,,41,Mapper,MBC3A,MBC3 A LR38536B 9820 A,Sharp,Week 20/1998,1998,,20,RAM,GM76C256CLLFW70,LGS GM76C256CLLFW70 9828 KOREA,Lucky GoldStar,Week 28/1998,1998,,28,Supervisor & Reset,BA6129A,6129A 8S11,ROHM,1998,1998,,,,,,,,,,,,,,,,,,,,,,,,,,,Crystal,,,,,,,,CR2025,,,,,,,,,,
DMG-APSJ-2,Entry #2,hdr-2,https://gbhwdb.gekkio.fi/cartridges/DMG-APSJ-2/hdr-2.html,HDR,Pocket Monsters - Pikachu (Japan) (Rev 2) (SGB Enhanced),DMG-APSJ-JPN,12C,DMG-KFDN-10,I,3,November/1998,1998,November,,ROM,,DMG-APSJ-2 S LH538MNR JAPAN F1 9847 D,Sharp,Week 47/1998,1998,,47,Mapper,MBC3A,MBC-3 A BU3632K 816 127,ROHM,Week 16/1998,1998,,16,RAM,GM76C256CLLFW70,LGS GM76C256CLLFW70 9830 KOREA,Lucky GoldStar,Week 30/1998,1998,,30,Supervisor & Reset,MM1134A,844 134A,Mitsumi,Week 44/1998,1998,,44,,,,,,,,,,,,,,,,,,,,,,,,,Crystal,,,,,,,,CR2025,,,,,,,,,,
DMG-APSJ-2,Entry #3,hdr-3,https://gbhwdb.gekkio.fi/cartridges/DMG-APSJ-2/hdr-3.html,HDR,Pocket Monsters - Pikachu (Japan) (Rev 2) (SGB Enhanced),DMG-APSJ-JPN,20C,DMG-KFDN-01,I,4,November/1998,1998,November,,ROM,MSM538011E,DMG-APSJ-2 F1 M538011E-19 8475406,OKI,Week 47/1998,1998,,47,Mapper,MBC3A,MBC3 A P-2 835U2E,Panasonic,Week 35/1998,1998,,35,RAM,BR62256F-70LL,BR62256F-70LL 839 130A,ROHM,Week 39/1998,1998,,39,Supervisor & Reset,MM1026A,844 26A,Mitsumi,1998,1998,,,,,,,,,,,,,,,,,,,,,,,,,,,Crystal,,,,,,,,CR2025,,,,,,,,,,
DMG-APSJ-3,Entry #1,hdr-1,https://gbhwdb.gekkio.fi/cartridges/DMG-APSJ-3/hdr-1.html,HDR,Pocket Monsters - Pikachu (Japan) (Rev 3) (SGB Enhanced),DMG-APSJ-JPN,00D,DMG-KFDN-10,I,6,June/2002,2002,June,,ROM,MX23C8005-12,M023549-M MX23C8005-12 DMG-APSJ-3 F1 1D1112A3,Macronix,Week 35/2002,2002,,35,Mapper,MBC3B,MBC-3 B BU3634K 146 H08,ROHM,Week 46/2001,2001,,46,RAM,BS62LV256SC-70,BSI BS62LV256SC-70 S2828W11075.1 F0231 TAIWAN,BSI,Week 31/2002,2002,,31,Supervisor & Reset,BA6735,6735 2782,ROHM,July/2002,2002,July,,,,,,,,,,,,,,,,,,,,,,,,,,Crystal,32.768 kHz,KDS2H,Daishinku,August/2002,2002,August,,CR2025,,,,,,,,,,
DMG-APSJ-3,Entry #2,hdr-2,https://gbhwdb.gekkio.fi/cartridges/DMG-APSJ-3/hdr-2.html,HDR,Pocket Monsters - Pikachu (Japan) (Rev 3) (SGB Enhanced),DMG-APSJ-JPN,20D,DMG-KFDN-10,I,2,November/2001,2001,November,,ROM,,DMG-APSJ-3 S LHMN8MW9 JAPAN F1 0203 E,Sharp,Week 3/2002,2002,,3,Mapper,MBC3B,MBC-3 B BU3634K 142 H61,ROHM,Week 42/2001,2001,,42,RAM,BS62LV256SC-70,BSI BS62LV256SC-70 S2828W04107 D0140 TAIWAN,BSI,Week 40/2001,2001,,40,Supervisor & Reset,BA6735,6735 1B27,ROHM,November/2001,2001,November,,,,,,,,,,,,,,,,,,,,,,,,,,Crystal,,,,,,,,CR2025,,,,,,,,,,
DMG-APSU-0,Entry #1,ikk5-1,https://gbhwdb.gekkio.fi/cartridges/DMG-APSU-0/ikk5-1.html,ikk5,"Pokemon - Yellow Version - Special Pikachu Edition (USA, Europe) (CGB+SGB Enhanced)",DMG-APSU-EUR,09,DMG-A02-01,I,2,April/2000,2000,April,,ROM,KM23C8000DG,SEC KM23C8000DG DMG-APSU-0 F1 K3N4C340UD,Samsung,,,,,Mapper,MBC5,MBC5 P-1 006U2M,Panasonic,Week 6/2000,2000,,6,RAM,W24258S-70LE,Winbond W24258S-70LE 009WH295325501AA,Winbond,Week 9/2000,2000,,9,Supervisor & Reset,MM1134A,008 134A,Mitsumi,Week 8/2000,2000,,8,,,,,,,,,,,,,,,,,,,,,,,,,,,,,,,,,CR1616,00-04,,April/2000,2000,April,,,,,
DMG-APSU-0,Entry #1,kai-1,https://gbhwdb.gekkio.fi/cartridges/DMG-APSU-0/kai-1.html,Kai,"Pokemon - Yellow Version - Special Pikachu Edition (USA, Europe) (CGB+SGB Enhanced)",,,DMG-A02-01,A,6,August/2000,2000,August,,ROM,MSM538011E,DMG-APSU-0 F1 M538011E-N6 0362401,OKI,Week 36/2000,2000,,36,Mapper,MBC5,MBC-5 BU3650K 034 H82,ROHM,Week 34/2000,2000,,34,RAM,GM76C256CLLFW70,HYUNDAI GM76C256CLLFW70 0032 KOREA,Hyundai,Week 32/2000,2000,,32,Supervisor & Reset,MM1134A,030 134A,Mitsumi,Week 30/2000,2000,,30,,,,,,,,,,,,,,,,,,,,,,,,,,,,,,,,,CR1616,,,,,,,,,,
DMG-APXE-0,Entry #1,mattcurrie-1,https://gbhwdb.gekkio.fi/cartridges/DMG-APXE-0/mattcurrie-1.html,mattcurrie,"Bug's Life, A (USA) (SGB Enhanced) (GB Compatible)",DMG-APXE-USA,22,DMG-A07-01,I,3,September/1998,1998,September,,ROM,MSM538011E,DMG-APXE-0 F1 M538011E-25 846232D,OKI,Week 46/1998,1998,,46,Mapper,MBC5,MBC5 P-1 842U3L,Panasonic,Week 42/1998,1998,,42,,,,,,,,,,,,,,,,,,,,,,,,,,,,,,,,,,,,,,,,,,,,,,,,,,,,,,,,,,,
DMG-APYJ-0,Entry #1,gekkio-1,https://gbhwdb.gekkio.fi/cartridges/DMG-APYJ-0/gekkio-1.html,gekkio,Pocket Puyo Puyo Tsuu (Japan) (SGB Enhanced),DMG-APYJ-JPN,00,DMG-BEAN-10,Y,1,February/1997,1997,February,,ROM,μPD23C2001EUGW,DMG-APYJ-0 D1 N-2001EUGW-J15 9711K7018,NEC,Week 11/1997,1997,,11,Mapper,MBC1B,DMG MBC1-B Nintendo P 7'13,Panasonic,January/1997,1997,January,,,,,,,,,,,,,,,,,,,,,,,,,,,,,,,,,,,,,,,,,,,,,,,,,,,,,,,,,,,,32ce756a5b9af569fa05bb561a72388914003cd6b1c88fef8d55c6f32b4d3d57
DMG-AQCP-0,Entry #1,jan-spakula-1,https://gbhwdb.gekkio.fi/cartridges/DMG-AQCP-0/jan-spakula-1.html,Jan Spakula,Ms. Pac-Man - Special Colour Edition (Europe) (SGB Enhanced) (GB Compatible),DMG-AQCP-EUR,22,DMG-A07-01,A,6,October/1999,1999,October,,ROM,,DMG-AQCP-0 S LH538WP6 JAPAN F1 9945 D,Sharp,Week 45/1999,1999,,45,Mapper,MBC5,MBC-5 BU3650K 941 H79,ROHM,Week 41/1999,1999,,41,,,,,,,,,,,,,,,,,,,,,,,,,,,,,,,,,,,,,,,,,,,,,,,,,,,,,,,,,,,
DMG-AQHP-0,Entry #1,ikk5-1,https://gbhwdb.gekkio.fi/cartridges/DMG-AQHP-0/ikk5-1.html,ikk5,Toy Story (Europe) (SGB Enhanced),DMG-AQHP-EUR,20,DMG-BEAN(K)-02,Hs,5,May/1996,1996,May,,ROM,μPD23C4001EJGW,DMG-AQHP-0 E1 N-4001EJGW-J37 9624K7033,NEC,Week 24/1996,1996,,24,Mapper,MBC1B,DMG MBC1-B Nintendo P 6'46,Panasonic,April/1996,1996,April,,,,,,,,,,,,,,,,,,,,,,,,,,,,,,,,,,,,,,,,,,,,,,,,,,,,,,,,,,,,
DMG-AR4P-0,Entry #1,ikk5-1,https://gbhwdb.gekkio.fi/cartridges/DMG-AR4P-0/ikk5-1.html,ikk5,"Caterpillar Construction Zone (USA, Europe) (GB Compatible)",DMG-AR4P-EUR,09,DMG-A07-01,K,4,April/2000,2000,April,,ROM,MSM538011E,DMG-AR4P-0 F1 M538011E-K3 0202407,OKI,Week 20/2000,2000,,20,Mapper,MBC5,MBC5 P-1 015U5M,Panasonic,Week 15/2000,2000,,15,,,,,,,,,,,,,,,,,,,,,,,,,,,,,,,,,,,,,,,,,,,,,,,,,,,,,,,,,,,
DMG-AR9P-0,Entry #1,granmastro-1,https://gbhwdb.gekkio.fi/cartridges/DMG-AR9P-0/granmastro-1.html,Granmastro,"Primal Rage (USA, Europe)",DMG-AR9P-EUR,,DMG-BEAN(K)-02,Hs,4,June/1995,1995,June,,ROM,,DMG-AR9P-0 S LH532MWL JAPAN D1 9528 E,Sharp,Week 28/1995,1995,,28,Mapper,MBC1B,DMG MBC1-B Nintendo P 5'64,Panasonic,June/1995,1995,June,,,,,,,,,,,,,,,,,,,,,,,,,,,,,,,,,,,,,,,,,,,,,,,,,,,,,,,,,,,,
DMG-ARKP-0,Entry #1,ikk5-1,https://gbhwdb.gekkio.fi/cartridges/DMG-ARKP-0/ikk5-1.html,ikk5,Legend of the River King GB (Europe) (SGB Enhanced) (GB Compatible),DMG-ARKP-EUR,12,DMG-A06-01,M,4,April/1999,1999,April,,ROM,,DMG-ARKP-0 S LH538WYV JAPAN F1 9920 E,Sharp,Week 20/1999,1999,,20,Mapper,MBC5,MBC5 P-1 908U5L,Panasonic,Week 8/1999,1999,,8,RAM,HY6264ALLJ-10,HY6264A LLJ-10 9902B KOREA,Hyundai,Week 2/1999,1999,,2,Supervisor & Reset,MM1134A,915 134A,Mitsumi,Week 15/1999,1999,,15,,,,,,,,,,,,,,,,,,,,,,,,,,,,,,,,,CR1616,99-01,,January/1999,1999,January,,,,,
DMG-ARPP-0,Entry #1,ikk5-1,https://gbhwdb.gekkio.fi/cartridges/DMG-ARPP-0/ikk5-1.html,ikk5,"Rampage - World Tour (USA, Europe) (GB Compatible)",DMG-ARPP-EUU,22,DMG-A07-01,K,4,November/1998,1998,November,,ROM,,DMG-ARPP-0 S LHMN4MNC JAPAN E1 9850 E,Sharp,Week 50/1998,1998,,50,Mapper,MBC5,MBC-5 BU3650K 843 146,ROHM,Week 43/1998,1998,,43,,,,,,,,,,,,,,,,,,,,,,,,,,,,,,,,,,,,,,,,,,,,,,,,,,,,,,,,,,,
DMG-ARRP-0,Entry #1,ikk5-1,https://gbhwdb.gekkio.fi/cartridges/DMG-ARRP-0/ikk5-1.html,ikk5,"Roadsters (Europe) (En,Fr,De,Es,It,Nl) (GB Compatible)",DMG-ARRP-EUR,12,DMG-A07-01,Y,3,November/1999,1999,November,,ROM,MX23C8005-12,C994849-M MX23C8005-12 DMG-ARRP-0 F1 1B3066B1,Macronix,Week 48/1999,1999,,48,Mapper,MBC5,MBC5 P-1 942U7M,Panasonic,Week 42/1999,1999,,42,,,,,,,,,,,,,,,,,,,,,,,,,,,,,,,,,,,,,,,,,,,,,,,,,,,,,,,,,,,
DMG-ARZP-0,Entry #1,ikk5-1,https://gbhwdb.gekkio.fi/cartridges/DMG-ARZP-0/ikk5-1.html,ikk5,"Rugrats Movie, The (Europe) (SGB Enhanced) (GB Compatible)",DMG-ARZP-FAH,12,DMG-A07-01,Y,1,March/1999,1999,March,,ROM,,DMG-ARZP-0 S LH538WW7 JAPAN F1 9915 D,Sharp,Week 15/1999,1999,,15,Mapper,MBC5,MBC5 P-1 905U2L,Panasonic,Week 5/1999,1999,,5,,,,,,,,,,,,,,,,,,,,,,,,,,,,,,,,,,,,,,,,,,,,,,,,,,,,,,,,,,,
DMG-AS2J-0,Entry #1,marcao-cfh-1,https://gbhwdb.gekkio.fi/cartridges/DMG-AS2J-0/marcao-cfh-1.html,marcao_cfh,From TV Animation Slam Dunk 2 - Zenkoku e no Tip Off (Japan) (SGB Enhanced),DMG-AS2J-JPN,,DMG-BEAN-02,I,2,January/1995,1995,January,,ROM,,DMG-AS2J-0 S LH534MNV JAPAN E1 9506 D,Sharp,Week 6/1995,1995,,6,Mapper,MBC1B,Nintendo DMG MBC1B N 9423BA011,NEC,Week 23/1994,1994,,23,,,,,,,,,,,,,,,,,,,,,,,,,,,,,,,,,,,,,,,,,,,,,,,,,,,,,,,,,,,
DMG-ASFE-1,Entry #1,beckybecky125-1,https://gbhwdb.gekkio.fi/cartridges/DMG-ASFE-1/beckybecky125-1.html,beckybecky125,"Street Fighter II (USA, Europe) (Rev 1) (SGB Enhanced)",DMG-ASFE-USA-1,22,DMG-BEAN-10,K,2,April/1998,1998,April,,ROM,,DMG-ASFE-1 S LH5S4MVB JAPAN E1 9828 D,Sharp,Week 28/1998,1998,,28,Mapper,MBC1B,DMG MBC1-B Nintendo P 8'58,Panasonic,May/1998,1998,May,,,,,,,,,,,,,,,,,,,,,,,,,,,,,,,,,,,,,,,,,,,,,,,,,,,,,,,,,54a0aaa3,2cf83df10495ad163c88698c6c44f1ef,3b6ecf34043c0bcf2ac279eaf30b9d1b0d941e91,8730c69cb2aa82260ac07257e0e29d61f598de2f8fa3e65da1d694790fa5db16
DMG-ASFP-1,Entry #1,davidslv-1,https://gbhwdb.gekkio.fi/cartridges/DMG-ASFP-1/davidslv-1.html,davidslv,"Street Fighter II (USA, Europe) (Rev 1) (SGB Enhanced)",DMG-ASFP-EUR,20A,DMG-BEAN(K)-10,Cs,3,July/1997,1997,July,,ROM,,DMG-ASFP-1 S LH534MYN JAPAN E1 9731 D,Sharp,Week 31/1997,1997,,31,Mapper,MBC1B,DMG MBC1-B Nintendo P 7'75,Panasonic,July/1997,1997,July,,,,,,,,,,,,,,,,,,,,,,,,,,,,,,,,,,,,,,,,,,,,,,,,,,,,,,,,,,,,
DMG-ASIP-0,Entry #1,granmastro-1,https://gbhwdb.gekkio.fi/cartridges/DMG-ASIP-0/granmastro-1.html,Granmastro,"Small Soldiers (USA, Europe) (SGB Enhanced)",DMG-ASIP-EUR,,DMG-BEAN-10,Y,4,November/1998,1998,November,,ROM,,DMG-ASIP-0 S LH5S4MU0 JAPAN E1 9846 D,Sharp,Week 46/1998,1998,,46,Mapper,MBC1B1,DMG MBC1B1 Nintendo S 9844 1 A,Sharp,Week 44/1998,1998,,44,,,,,,,,,,,,,,,,,,,,,,,,,,,,,,,,,,,,,,,,,,,,,,,,,,,,,,,,,,,
DMG-AT6P-0,Entry #1,ikk5-1,https://gbhwdb.gekkio.fi/cartridges/DMG-AT6P-0/ikk5-1.html,ikk5,"Tintin in Tibet (Europe) (En,Fr,De,Nl) (SGB Enhanced)",DMG-AT6P-FAH,22,DMG-BEAN-10,I,3,October/1997,1997,October,,ROM,,DMG-AT6P-0 S LH532MVC JAPAN D1 9743 E,Sharp,Week 43/1997,1997,,43,Mapper,MBC1B1,DMG MBC1B1 Nintendo S 9741 7 A,Sharp,Week 41/1997,1997,,41,,,,,,,,,,,,,,,,,,,,,,,,,,,,,,,,,,,,,,,,,,,,,,,,,,,,,,,,,,,
DMG-ATAJ-0,Entry #1,gekkio-1,https://gbhwdb.gekkio.fi/cartridges/DMG-ATAJ-0/gekkio-1.html,gekkio,Game de Hakken!! Tamagotchi (Japan) (SGB Enhanced),DMG-ATAJ-JPN,11,DMG-DECN-10,Y,2,May/1997,1997,May,,ROM,MX23C4002-20,J9720-M MX23C4002-20 DMG-ATAJ-0 E1 43282F,Macronix,Week 20/1997,1997,,20,Mapper,MBC1B1,DMG MBC1B1 Nintendo S 9721 5 A,Sharp,Week 21/1997,1997,,21,RAM,LH5268ANF-10PLL,LH5268ANF-10PLL MOSEL-VITELIC JAPAN N715 03 BC,Mosel-Vitelic,Week 15/1997,1997,,15,Supervisor & Reset,BA6129A,6129A 7574,ROHM,May/1997,1997,May,,,,,,,,,,,,,,,,,,,,,,,,,,,,,,,,,,CR1616,97-05,Maxell,May/1997,1997,May,,,,,32cb5413d5a6c1c7d1e8a82cb482b627365ffe68d87897f8008f5bbc8fce0a6b
DMG-ATDE-0,Entry #1,beckybecky125-1,https://gbhwdb.gekkio.fi/cartridges/DMG-ATDE-0/beckybecky125-1.html,beckybecky125,Battle Arena Toshinden (USA) (SGB Enhanced),DMG-ATDE-USA,00,DMG-BEAN-02,Y,2,September/1996,1996,September,,ROM,,DMG-ATDE-0 S LH534MVE JAPAN E1 9640 E,Sharp,Week 40/1996,1996,,40,Mapper,MBC1B1,DMG MBC1B1 Nintendo S 9638 1 A,Sharp,Week 38/1996,1996,,38,,,,,,,,,,,,,,,,,,,,,,,,,,,,,,,,,,,,,,,,,,,,,,,,,,,,,,,,2d0c1073,75b5f31fbacb972fc104b3e77d09003b,9c337d3f56938aa46cfc8b85c0db4631bcbe217c,519ca6523e54b67a4b4dcc7f525d56df986e0d77c84699dcf9e022f0ae6fbd0e
DMG-ATEA-0,Entry #1,3615retro-1,https://gbhwdb.gekkio.fi/cartridges/DMG-ATEA-0/3615retro-1.html,3615Retro,Tetris DX (World) (SGB Enhanced) (GB Compatible),DMG-ATEA-EUR-1,22,DMG-DECN-20,I,5,August/2001,2001,August,,ROM,MX23C4002-20,C013438-M MX23C4002-20 DMG-ATEA-0 E1 1P2035A1B0,Macronix,Week 34/2001,2001,,34,Mapper,MBC1B,DMG MBC1-B Nintendo P 9'25,Panasonic,February/1999,1999,February,,RAM,BR6265BF-10SL,BR6265BF-10SL 130 162N,ROHM,Week 30/2001,2001,,30,Supervisor & Reset,MM1134A,123 134A,Mitsumi,Week 23/2001,2001,,23,,,,,,,,,,,,,,,,,,,,,,,,,,,,,,,,,CR1616,,,,,,,69989152,65973d7a1446346294f8ca9d2d1b7e66,7183bcb54dd35f3a07d8fe63339b768f13b8168d,d349dc93423c6abcd775d3b6a8797df715a44a42ec837afb21bf17ae43b40a9e
DMG-ATEA-0,Entry #1,beckybecky125-1,https://gbhwdb.gekkio.fi/cartridges/DMG-ATEA-0/beckybecky125-1.html,beckybecky125,Tetris DX (World) (SGB Enhanced) (GB Compatible),DMG-ATEA-USA-1,22,DMG-DECN-20,I,6,November/1999,1999,November,,ROM,,DMG-ATEA-0 S LH5S4MVT JAPAN E1 0003 E,Sharp,Week 3/2000,2000,,3,Mapper,MBC1B,DMG MBC1-B Nintendo P 9'13,Panasonic,January/1999,1999,January,,RAM,BR6265BF-10SL,BR6265BF-10SL 003 170N,ROHM,Week 3/2000,2000,,3,Supervisor & Reset,BA6735,6735 9C40,ROHM,December/1999,1999,December,,,,,,,,,,,,,,,,,,,,,,,,,,,,,,,,,,CR1616,,,,,,,69989152,65973d7a1446346294f8ca9d2d1b7e66,7183bcb54dd35f3a07d8fe63339b768f13b8168d,d349dc93423c6abcd775d3b6a8797df715a44a42ec837afb21bf17ae43b40a9e
DMG-ATEA-0,Entry #2,beckybecky125-2,https://gbhwdb.gekkio.fi/cartridges/DMG-ATEA-0/beckybecky125-2.html,beckybecky125,Tetris DX (World) (SGB Enhanced) (GB Compatible),DMG-ATEA-USA,00,DMG-DECN-20,I,5,August/1999,1999,August,,ROM,,DMG-ATEA-0 S LH5S4MVT JAPAN E1 9936 D,Sharp,Week 36/1999,1999,,36,Mapper,MBC1B,DMG MBC1-B Nintendo P 9'15,Panasonic,January/1999,1999,January,,RAM,LH5164AN-10L,LH5164AN-10L SHARP JAPAN 9934 3 EB,Sharp,Week 34/1999,1999,,34,Supervisor & Reset,BA6735,6735 9846,ROHM,August/1999,1999,August,,,,,,,,,,,,,,,,,,,,,,,,,,,,,,,,,,CR1616,,,,,,,,,,
DMG-ATEA-0,Entry #3,beckybecky125-3,https://gbhwdb.gekkio.fi/cartridges/DMG-ATEA-0/beckybecky125-3.html,beckybecky125,Tetris DX (World) (SGB Enhanced) (GB Compatible),DMG-ATEA-JPN,00,DMG-DECN-10,I,1,August/1998,1998,August,,ROM,KM23C4000DG,SEC KM23C4000DG DMG-ATEA-0 E1 KF5304U,Samsung,,,,,Mapper,MBC1B1,DMG MBC1B1 Nintendo S 9838 3 A,Sharp,Week 38/1998,1998,,38,RAM,LH5164AN-10L,LH5164AN-10L SHARP JAPAN 9820 1 DB,Sharp,Week 20/1998,1998,,20,Supervisor & Reset,BA6129A,6129A 8911,ROHM,September/1998,1998,September,,,,,,,,,,,,,,,,,,,,,,,,,,,,,,,,,,CR1616,98-09,,September/1998,1998,September,,69989152,65973d7a1446346294f8ca9d2d1b7e66,7183bcb54dd35f3a07d8fe63339b768f13b8168d,d349dc93423c6abcd775d3b6a8797df715a44a42ec837afb21bf17ae43b40a9e
DMG-ATEA-0,Entry #1,ikk5-1,https://gbhwdb.gekkio.fi/cartridges/DMG-ATEA-0/ikk5-1.html,ikk5,Tetris DX (World) (SGB Enhanced) (GB Compatible),DMG-ATEA-EUR,22,DMG-DECN-20,I,2,May/2000,2000,May,,ROM,,DMG-ATEA-0 S LHMN4MNG JAPAN E1 0023 E,Sharp,Week 23/2000,2000,,23,Mapper,MBC1B,DMG MBC1-B Nintendo P 8'D5,Panasonic,December/1998,1998,December,,RAM,LC3564BM-70,SANYO LC3564BM-70 JAPAN 0BU0G,Sanyo,February/2000,2000,February,,Supervisor & Reset,BA6735,6735 0270,ROHM,February/2000,2000,February,,,,,,,,,,,,,,,,,,,,,,,,,,,,,,,,,,CR1616,00-05,,May/2000,2000,May,,,,,
DMG-ATEA-0,Entry #2,ikk5-2,https://gbhwdb.gekkio.fi/cartridges/DMG-ATEA-0/ikk5-2.html,ikk5,Tetris DX (World) (SGB Enhanced) (GB Compatible),DMG-ATEA-EUR,00,DMG-DECN-20,I,2,August/1999,1999,August,,ROM,MX23C4002-20,C993538-M MX23C4002-20 DMG-ATEA-0 E1 1P0955B1,Macronix,Week 35/1999,1999,,35,Mapper,MBC1B,DMG MBC1-B Nintendo P 8'D6,Panasonic,December/1998,1998,December,,RAM,LH5164AN-10L,LH5164AN-10L SHARP A9907 3 CB,Sharp,Week 7/1999,1999,,7,Supervisor & Reset,BA6735,6735 9871,ROHM,August/1999,1999,August,,,,,,,,,,,,,,,,,,,,,,,,,,,,,,,,,,CR1616,99-08,,August/1999,1999,August,,,,,
DMG-ATEA-0,Entry #1,jan-spakula-1,https://gbhwdb.gekkio.fi/cartridges/DMG-ATEA-0/jan-spakula-1.html,Jan Spakula,Tetris DX (World) (SGB Enhanced) (GB Compatible),DMG-ATEA-EUR,22,DMG-DECN-10,Y,4,October/1998,1998,October,,ROM,KM23C4000DG,SEC KM23C4000DG DMG-ATEA-0 E1 KF5304U,Samsung,,,,,Mapper,MBC1B1,DMG MBC1B1 Nintendo S 9840 3 A,Sharp,Week 40/1998,1998,,40,RAM,BR6265BF-10SL,BR6265BF-10SL 840 192N,ROHM,Week 40/1998,1998,,40,Supervisor & Reset,MM1026A,841 26A,Mitsumi,1998,1998,,,,,,,,,,,,,,,,,,,,,,,,,,,,,,,,,,,CR1616,,,,,,,,,,
DMG-ATFJ-0,Entry #1,kay-kidoutai-1,https://gbhwdb.gekkio.fi/cartridges/DMG-ATFJ-0/kay-kidoutai-1.html,kay_kidoutai,Sanrio Timenet - Mirai Hen (Japan) (SGB Enhanced) (GB Compatible),DMG-ATFJ-JPN,12,DMG-A02-01,K,5,October/1998,1998,October,,ROM,μPD23C8001EJGW,DMG-ATFJ-0 F1 N-8001EJGW-J86 9845K7068,NEC,Week 45/1998,1998,,45,Mapper,MBC5,MBC5 LZ9GB31 9837 A,Sharp,Week 37/1998,1998,,37,RAM,GM76C256CLLFW70,LGS GM76C256CLLFW70 9829 KOREA,Lucky GoldStar,Week 29/1998,1998,,29,Supervisor & Reset,MM1134A,839 134A,Mitsumi,Week 39/1998,1998,,39,,,,,,,,,,,,,,,,,,,,,,,,,,,,,,,,,CR1616,,,,,,,,,,
DMG-ATOJ-0,Entry #1,marcao-cfh-1,https://gbhwdb.gekkio.fi/cartridges/DMG-ATOJ-0/marcao-cfh-1.html,marcao_cfh,Othello World (Japan) (SGB Enhanced),DMG-ATOJ-JPN,,DMG-BEAN-02,Y,2,October/1996,1996,October,,ROM,LH53517,DMG-ATOJ-0 S LH5317NB JAPAN B1 9644 E,Sharp,Week 44/1996,1996,,44,Mapper,MBC1B1,DMG MBC1B1 Nintendo S 9641 5 A,Sharp,Week 41/1996,1996,,41,,,,,,,,,,,,,,,,,,,,,,,,,,,,,,,,,,,,,,,,,,,,,,,,,,,,,,,,,,,
DMG-ATRJ-0,Entry #1,marcao-cfh-1,https://gbhwdb.gekkio.fi/cartridges/DMG-ATRJ-0/marcao-cfh-1.html,marcao_cfh,Tetris Plus (Japan) (SGB Enhanced),DMG-ATRJ-JPN,22,DMG-DECN-02,Y,6,November/1996,1996,November,,ROM,μPD23C2001EUGW,DMG-ATRJ-0 D1 N-2001EUGW-J17 9649K7001,NEC,Week 49/1996,1996,,49,Mapper,MBC1B1,DMG MBC1B1 Nintendo S 9648 7 A,Sharp,Week 48/1996,1996,,48,RAM,LH5268ANF-10PLL,LH5268ANF-10PLL MOSEL-VITELIC JAPAN N647 03 BC,Mosel-Vitelic,Week 47/1996,1996,,47,Supervisor & Reset,BA6129A,6129A 6C29,ROHM,December/1996,1996,December,,,,,,,,,,,,,,,,,,,,,,,,,,,,,,,,,,CR1616,96-11,,November/1996,1996,November,,,,,
DMG-AU3P-0,Entry #1,ikk5-1,https://gbhwdb.gekkio.fi/cartridges/DMG-AU3P-0/ikk5-1.html,ikk5,"Smurfs Nightmare, The (Europe) (En,Fr,De,Es)",DMG-AU3P-NOE,22,DMG-BEAN-10,K,4,October/1998,1998,October,,ROM,,DMG-AU3P-0 S LH532MRB JAPAN D1 9844 D,Sharp,Week 44/1998,1998,,44,Mapper,MBC1B,DMG MBC1-B Nintendo P 8'01,Panasonic,October/1998,1998,October,,,,,,,,,,,,,,,,,,,,,,,,,,,,,,,,,,,,,,,,,,,,,,,,,,,,,,,,,,,,
DMG-AUFP-0,Entry #1,ikk5-1,https://gbhwdb.gekkio.fi/cartridges/DMG-AUFP-0/ikk5-1.html,ikk5,"Smurfs Travel the World, The (Europe) (En,Fr,De,Es)",DMG-AUFP-FAH,22,DMG-BEAN-10,I,3,October/1997,1997,October,,ROM,LH530800A,DMG-AUFP-0 S LH531HJY JAPAN C1 9742 E,Sharp,Week 42/1997,1997,,42,Mapper,MBC1B1,DMG MBC1B1 Nintendo S 9741 7 A,Sharp,Week 41/1997,1997,,41,,,,,,,,,,,,,,,,,,,,,,,,,,,,,,,,,,,,,,,,,,,,,,,,,,,,,,,,,,,
DMG-AUFP-0,Entry #1,issotm-1,https://gbhwdb.gekkio.fi/cartridges/DMG-AUFP-0/issotm-1.html,ISSOtm,"Smurfs Travel the World, The (Europe) (En,Fr,De,Es)",DMG-AUFP-FAH,22,DMG-BEAN-10,I,2,October/1997,1997,October,,ROM,LH530800A,DMG-AUFP-0 S LH531HJY JAPAN C1 9742 E,Sharp,Week 42/1997,1997,,42,Mapper,MBC1B1,DMG MBC1B1 Nintendo S 9741 3 A,Sharp,Week 41/1997,1997,,41,,,,,,,,,,,,,,,,,,,,,,,,,,,,,,,,,,,,,,,,,,,,,,,,,,,,,,,,,,,
DMG-AUNP-0,Entry #1,ikk5-1,https://gbhwdb.gekkio.fi/cartridges/DMG-AUNP-0/ikk5-1.html,ikk5,"Uno (Europe) (En,Fr,De,Es,It,Nl) (GB Compatible)",DMG-AUNP-EUR,22,DMG-A07-01,K,1,October/2000,2000,October,,ROM,MX23C8005-12,S004449-M MX23C8005-12 DMG-AUNP-0 F1 1C3208B1,Macronix,Week 44/2000,2000,,44,Mapper,MBC5,0AA73FT MBC5 2417,Texas Instruments,October/2000,2000,October,,,,,,,,,,,,,,,,,,,,,,,,,,,,,,,,,,,,,,,,,,,,,,,,,,,,,,,,,,,,
DMG-AVAP-0,Entry #1,ikk5-1,https://gbhwdb.gekkio.fi/cartridges/DMG-AVAP-0/ikk5-1.html,ikk5,"Babe and Friends (Europe) (En,Fr,De,Es,It) (GB Compatible)",DMG-AVAP-FAH,09,DMG-A07-01,I,4,November/1999,1999,November,,ROM,,DMG-AVAP-0 S LH538WLP JAPAN F1 9951 D,Sharp,Week 51/1999,1999,,51,Mapper,MBC5,MBC5 P-1 945U1M,Panasonic,Week 45/1999,1999,,45,,,,,,,,,,,,,,,,,,,,,,,,,,,,,,,,,,,,,,,,,,,,,,,,,,,,,,,,,,,
DMG-AVBJ-0,Entry #1,gekkio-1,https://gbhwdb.gekkio.fi/cartridges/DMG-AVBJ-0/gekkio-1.html,gekkio,Pocket Bowling (Japan) (En) (GB Compatible),DMG-AVBJ-JPN,22,DMG-A07-01,I,6,September/1998,1998,September,,ROM,,DMG-AVBJ-0 S LH5S4MVU JAPAN E1 9840 E,Sharp,Week 40/1998,1998,,40,Mapper,MBC5,MBC5 LZ9GB31 9836 A,Sharp,Week 36/1998,1998,,36,,,,,,,,,,,,,,,,,,,,,,,,,,,,,,,,,,,,,,,,,,,,,,,,,,,,,,,,,,,62e956b58c8e0bcb489929bbfd84f6d97303ced03f67c6961cc21d2730003ec6
DMG-AVIE-0,Entry #1,beckybecky125-1,https://gbhwdb.gekkio.fi/cartridges/DMG-AVIE-0/beckybecky125-1.html,beckybecky125,"Beavis and Butt-head (USA, Europe)",DMG-AVIE-USA,22,DMG-BEAN-20,I,6,February/1999,1999,February,,ROM,MX23C4002-20,J990838-M MX23C4002-20 DMG-AVIE-0 E1 1P0598F1,Macronix,Week 8/1999,1999,,8,Mapper,MBC1B,DMG MBC1-B Nintendo P 8'N0,Panasonic,November/1998,1998,November,,,,,,,,,,,,,,,,,,,,,,,,,,,,,,,,,,,,,,,,,,,,,,,,,,,,,,,,,af1ae123,8f160aa0b2f69a019911fd57ac8c5b31,918e9cc878a61d8174918c897182604f0c27b1d9,42c802fea69d8dd54b9bc108315c3710694ace974c170194e11e3d9c8da4ca7e
DMG-AVLP-0,Entry #1,issotm-1,https://gbhwdb.gekkio.fi/cartridges/DMG-AVLP-0/issotm-1.html,ISSOtm,"V-Rally - Championship Edition (Europe) (En,Fr,De)",DMG-AVLP-FAH,,DMG-BEAN-10,I,4,September/1998,1998,September,,ROM,μPD23C2001EUGW,DMG-AVLP-0 D1 N-2001EUGW-J38 9840E7004,NEC,Week 40/1998,1998,,40,Mapper,MBC1B,DMG MBC1-B Nintendo P 8'70,Panasonic,July/1998,1998,July,,,,,,,,,,,,,,,,,,,,,,,,,,,,,,,,,,,,,,,,,,,,,,,,,,,,,,,,,,,,
DMG-AVSE-0,Entry #1,beckybecky125-1,https://gbhwdb.gekkio.fi/cartridges/DMG-AVSE-0/beckybecky125-1.html,beckybecky125,"Vegas Stakes (USA, Europe) (SGB Enhanced)",DMG-AVSE-USA,22,DMG-DECN-02,I,4,October/1995,1995,October,,ROM,,DMG-AVSE-0 S LH534MW2 JAPAN E1 9546 D,Sharp,Week 46/1995,1995,,46,Mapper,MBC1B,DMG MBC1-B Nintendo P 5'00,Panasonic,October/1995,1995,October,,RAM,VN4464S-08LL,Victronix VN4464S-08LL 95283B034,Victronix,Week 28/1995,1995,,28,Supervisor & Reset,MM1026A,535 26A,Mitsumi,1995,1995,,,,,,,,,,,,,,,,,,,,,,,,,,,,,,,,,,,CR1616,95-07,,July/1995,1995,July,,c8be05d8,f597728869d7ca129f507e723d17bca1,93cdf04a473dcfd7f8f4fb06cc0af857d16d00f2,b94143f91edb0c2f4dee7d13448715cd910204e5fdc680d1c2fe3a72be1e3f1c
DMG-AVUE-0,Entry #1,mattcurrie-1,https://gbhwdb.gekkio.fi/cartridges/DMG-AVUE-0/mattcurrie-1.html,mattcurrie,"Beauty and the Beast - A Board Game Adventure (USA, Australia) (SGB Enhanced) (GB Compatible)",DMG-AVUE-USA,34,DMG-A06-01,Y,2,August/1999,1999,August,,ROM,,DMG-AVUE-0 S LH538WR6 JAPAN F1 9940 D,Sharp,Week 40/1999,1999,,40,Mapper,MBC5,MBC5 LZ9GB31 9937 A,Sharp,Week 37/1999,1999,,37,RAM,LH5164AN-10L,LH5164AN-10L SHARP JAPAN 9937 3 EB,Sharp,Week 37/1999,1999,,37,Supervisor & Reset,MM1134A,935 134A,Mitsumi,Week 35/1999,1999,,35,,,,,,,,,,,,,,,,,,,,,,,,,,,,,,,,,CR1616,,,,,,,,,,
DMG-AVZP-0,Entry #1,ikk5-1,https://gbhwdb.gekkio.fi/cartridges/DMG-AVZP-0/ikk5-1.html,ikk5,"Tasmanian Devil - Munching Madness (Europe) (En,Fr,De,Es,It) (GB Compatible)",DMG-AVZP-FAH,09,DMG-A07-01,MB,5,January/2000,2000,January,,ROM,,DMG-AVZP-0 S LH538WP4 JAPAN F1 0008 D,Sharp,Week 8/2000,2000,,8,Mapper,MBC5,MBC5 P-1 003U1M,Panasonic,Week 3/2000,2000,,3,,,,,,,,,,,,,,,,,,,,,,,,,,,,,,,,,,,,,,,,,,,,,,,,,,,,,,,,,,,
DMG-AW2E-0,Entry #1,beckybecky125-1,https://gbhwdb.gekkio.fi/cartridges/DMG-AW2E-0/beckybecky125-1.html,beckybecky125,"Wario Land II (USA, Europe) (SGB Enhanced)",DMG-AW2E-USA,20,DMG-LFDN-01,I,4,January/1998,1998,January,,ROM,,DMG-AW2E-0 S LH538MNC JAPAN F1 9803 E,Sharp,Week 3/1998,1998,,3,Mapper,MBC3,MBC3 BU3631K 752 177,ROHM,Week 52/1997,1997,,52,RAM,GM76C256CLLFW70,LGS GM76C256CLLFW70 9744 KOREA,Lucky GoldStar,Week 44/1997,1997,,44,Supervisor & Reset,BA6129A,6129A 8171,ROHM,January/1998,1998,January,,,,,,,,,,,,,,,,,,,,,,,,,,,,,,,,,,CR2025,97-12,,December/1997,1997,December,,9c54358d,e5e8910d436acb9fd218559a216501a3,c65820b2e52d00e6ce60e0a432fab002fec4386f,e95a791b521c23792a3eecdaed73dfbcc98938980223796e6d2bbdf64f0fc63d
DMG-AW2J-0,Entry #1,kai-1,https://gbhwdb.gekkio.fi/cartridges/DMG-AW2J-0/kai-1.html,Kai,Wario Land 2 (Japan) (SGB Enhanced) (GB Compatible),DMG-AW2J-JPN,20,DMG-A03-01,I,2,September/1998,1998,September,,ROM,,DMG-AW2J-0 S LH537MT3 JAPAN G2 9838 E,Sharp,Week 38/1998,1998,,38,Mapper,MBC5,MBC5 LZ9GB31 9836 A,Sharp,Week 36/1998,1998,,36,RAM,GM76C256CLLFW70,LGS GM76C256CLLFW70 9826 KOREA,Lucky GoldStar,Week 26/1998,1998,,26,Supervisor & Reset,,,,,,,,,,,,,,,,,,,,,,,,,,,,,,,,,,,,,,,,CR1616,,,,,,,,,,
DMG-AW2P-0,Entry #1,gekkio-1,https://gbhwdb.gekkio.fi/cartridges/DMG-AW2P-0/gekkio-1.html,gekkio,"Wario Land II (USA, Europe) (SGB Enhanced)",DMG-AW2P-EUR,22,DMG-LFDN-01,I,1,May/1998,1998,May,,ROM,,DMG-AW2P-0 S LH538MND JAPAN F1 9823 D,Sharp,Week 23/1998,1998,,23,Mapper,MBC3,MBC3 BU3631K 802 127,ROHM,Week 2/1998,1998,,2,RAM,BR62256F-70LL,BR62256F-70LL 817 126,ROHM,Week 17/1998,1998,,17,Supervisor & Reset,BA6129A,6129A 8316,ROHM,March/1998,1998,March,,,,,,,,,,,,,,,,,,,,,,,,,,,,,,,,,,CR2025,98-02,Panasonic,February/1998,1998,February,,,,,e95a791b521c23792a3eecdaed73dfbcc98938980223796e6d2bbdf64f0fc63d
DMG-AW2P-0,Entry #1,ikk5-1,https://gbhwdb.gekkio.fi/cartridges/DMG-AW2P-0/ikk5-1.html,ikk5,"Wario Land II (USA, Europe) (SGB Enhanced)",DMG-AW2P-EUR,22,DMG-LFDN-01,I,4,January/1998,1998,January,,ROM,,DMG-AW2P-0 S LH538MND JAPAN F1 9804 D,Sharp,Week 4/1998,1998,,4,Mapper,MBC3,MBC3 P-1 729U3E,Panasonic,Week 29/1997,1997,,29,RAM,LH52256CN-10LL,LH52256CN-10LL SHARP JAPAN 9740 7 SC,Sharp,Week 40/1997,1997,,40,Supervisor & Reset,BA6129A,6129A 8163,ROHM,January/1998,1998,January,,,,,,,,,,,,,,,,,,,,,,,,,,,,,,,,,,CR2025,,,,,,,,,,
DMG-AW3P-0,Entry #1,alex-g-1,https://gbhwdb.gekkio.fi/cartridges/DMG-AW3P-0/alex-g-1.html,Alex G,Worms (Europe),DMG-AW3P-FAH,22,DMG-BEAN(K)-02,Hs,1,November/1995,1995,November,,ROM,,DMG-AW3P-0 S LH532MVB JAPAN D1 9608 E,Sharp,Week 8/1996,1996,,8,Mapper,MBC1B1,DMG MBC1B1 Nintendo S 9549 5 A,Sharp,Week 49/1995,1995,,49,,,,,,,,,,,,,,,,,,,,,,,,,,,,,,,,,,,,,,,,,,,,,,,,,,,,,,,,,,,
DMG-AW7E-0,Entry #1,beckybecky125-1,https://gbhwdb.gekkio.fi/cartridges/DMG-AW7E-0/beckybecky125-1.html,beckybecky125,"James Bond 007 (USA, Europe) (SGB Enhanced)",DMG-AW7E-USA-1,11,DMG-DECN-10,Y,3,November/1998,1998,November,,ROM,MX23C4002-20,J990738-M MX23C4002-20 DMG-AW7E-0 E1 1P0583A1,Macronix,Week 7/1999,1999,,7,Mapper,MBC1B,DMG MBC1-B Nintendo P 8'D7,Panasonic,December/1998,1998,December,,RAM,BR6265BF-10SL,BR6265BF-10SL 851 191N,ROHM,Week 51/1998,1998,,51,Supervisor & Reset,BA6129A,6129A 8B05,ROHM,November/1998,1998,November,,,,,,,,,,,,,,,,,,,,,,,,,,,,,,,,,,CR1616,98-12,,December/1998,1998,December,,ca3bc3ce,669a4ecf89794505591b36d617e51f8a,e03754173a5d62cb9da7d2306bc41b0e23e3d519,69ae10262dd7c5f3e55ed94a2b549e47de4c9e2ba4c2fa022ef234a882890519
DMG-AW7E-0,Entry #1,gekkio-1,https://gbhwdb.gekkio.fi/cartridges/DMG-AW7E-0/gekkio-1.html,gekkio,"James Bond 007 (USA, Europe) (SGB Enhanced)",DMG-AW7E-USA,20,DMG-DECN-10,I,6,November/1997,1997,November,,ROM,,DMG-AW7E-0 S LH5S4MW9 JAPAN E1 9751 E,Sharp,Week 51/1997,1997,,51,Mapper,MBC1B1,DMG MBC1B1 Nintendo S 9746 1 A,Sharp,Week 46/1997,1997,,46,RAM,LH5168N-10PL,LH5168N-10PL MOSEL-VITELIC JAPAN N748 10 BH,Mosel-Vitelic,Week 48/1997,1997,,48,Supervisor & Reset,MM1026A,743 26A,Mitsumi,1997,1997,,,,,,,,,,,,,,,,,,,,,,,,,,,,,,,,,,,CR1616,97-11,Panasonic,November/1997,1997,November,,,,,69ae10262dd7c5f3e55ed94a2b549e47de4c9e2ba4c2fa022ef234a882890519
DMG-AW7P-0,Entry #1,mattcurrie-1,https://gbhwdb.gekkio.fi/cartridges/DMG-AW7P-0/mattcurrie-1.html,mattcurrie,"James Bond 007 (USA, Europe) (SGB Enhanced)",DMG-AW7P-AUS,12,DMG-DECN-10,I,4,July/1998,1998,July,,ROM,,DMG-AW7P-0 S LH5S4MWB JAPAN E1 9837 E,Sharp,Week 37/1998,1998,,37,Mapper,MBC1B1,DMG MBC1B1 Nintendo S 9830 7 A,Sharp,Week 30/1998,1998,,30,RAM,LH5164AN-10L,LH5164AN-10L SHARP A9830 5 CB,Sharp,Week 30/1998,1998,,30,Supervisor & Reset,BA6129A,6129A 8R41,ROHM,1998,1998,,,,,,,,,,,,,,,,,,,,,,,,,,,,,,,,,,,CR1616,,,,,,,,,,
DMG-AWA-0,Entry #1,beckybecky125-1,https://gbhwdb.gekkio.fi/cartridges/DMG-AWA-0/beckybecky125-1.html,beckybecky125,Alleyway (World),DMG-AW-USA,23,DMG-AAA-01,B,1,August/1989,1989,August,,ROM,LH53259,DMG-AWA-0 SHARP JAPAN A0 8938 D,Sharp,Week 38/1989,1989,,38,,,,,,,,,,,,,,,,,,,,,,,,,,,,,,,,,,,,,,,,,,,,,,,,,,,,,,,,,,,,,,,,5cc01586,91128778a332495f77699eaf3a37fe30,0cf2b8d0428f389f5361f67a0cd1ace05a1c75cc,ed8070e011713527bdc03e2b9cec9f9c4a7e3aaa00e57e8786a186b265da1bb2
DMG-AWA-0,Entry #1,gekkio-1,https://gbhwdb.gekkio.fi/cartridges/DMG-AWA-0/gekkio-1.html,gekkio,Alleyway (World),DMG-AWA,23,DMG-AAA-01,I,1,February/1989,1989,February,,ROM,LH53259,DMG-AWA-0 SHARP JAPAN 8909 D A,Sharp,Week 9/1989,1989,,9,,,,,,,,,,,,,,,,,,,,,,,,,,,,,,,,,,,,,,,,,,,,,,,,,,,,,,,,,,,,,,,,,,,ed8070e011713527bdc03e2b9cec9f9c4a7e3aaa00e57e8786a186b265da1bb2
DMG-AWA-0,Entry #1,mattcurrie-1,https://gbhwdb.gekkio.fi/cartridges/DMG-AWA-0/mattcurrie-1.html,mattcurrie,Alleyway (World),DMG-AWA,22,DMG-AAA-01,I,3,February/1989,1989,February,,ROM,LH53259,DMG-AWA-0 SHARP JAPAN 8909 D A,Sharp,Week 9/1989,1989,,9,,,,,,,,,,,,,,,,,,,,,,,,,,,,,,,,,,,,,,,,,,,,,,,,,,,,,,,,,,,,,,,,,,,
DMG-AWDJ-0,Entry #1,gekkio-1,https://gbhwdb.gekkio.fi/cartridges/DMG-AWDJ-0/gekkio-1.html,gekkio,Dino Breeder (Japan) (SGB Enhanced),DMG-AWDJ-JPN,20,DMG-GDAN-10,I,5,July/1997,1997,July,,ROM,,DMG-AWDJ-0 S LH532WRI JAPAN D1 9731 D,Sharp,Week 31/1997,1997,,31,Mapper,MBC2A,DMG MBC2A Nintendo S 9730 5 AB,Sharp,Week 30/1997,1997,,30,Supervisor & Reset,BA6129A,6129A 7727,ROHM,July/1997,1997,July,,,,,,,,,,,,,,,,,,,,,,,,,,,,,,,,,,,,,,,,,,CR1616,,Maxell,,,,,,,,b53d63abbf384609c7e082714d6e9c4e543d189102969530d36326c551f24b72
DMG-AWHE-0,Entry #1,beckybecky125-1,https://gbhwdb.gekkio.fi/cartridges/DMG-AWHE-0/beckybecky125-1.html,beckybecky125,"R-Type DX (USA, Europe) (GB Compatible)",DMG-AWHE-USA,34,DMG-A06-01,K,3,May/1999,1999,May,,ROM,,DMG-AWHE-0 S LH538WVP JAPAN F1 9921 D,Sharp,Week 21/1999,1999,,21,Mapper,MBC5,MBC5 P-1 915U6L,Panasonic,Week 15/1999,1999,,15,RAM,LH5164AN-10L,LH5164AN-10L SHARP A9911 7 CB,Sharp,Week 11/1999,1999,,11,Supervisor & Reset,BA6735,6735 9102,ROHM,January/1999,1999,January,,,,,,,,,,,,,,,,,,,,,,,,,,,,,,,,,,CR1616,99-02,,February/1999,1999,February,,fc1d4089,dae7b7625d41d8a06266b09924154bb2,e6a5c632b616e520b10b8b7589207c87c0092047,3d20b3fef48771f0d3ea2cdcf80812b02122a0a04dee0e8c8ae8e3e027f36741
DMG-AWHP-0,Entry #1,3615retro-1,https://gbhwdb.gekkio.fi/cartridges/DMG-AWHP-0/3615retro-1.html,3615Retro,"R-Type DX (USA, Europe) (GB Compatible)",DMG-AWHP-EUR,22,DMG-A06-01,I,1,June/1999,1999,June,,ROM,MSM538011E,DMG-AWHP-0 F1 M538011E-60 9285403,OKI,Week 28/1999,1999,,28,Mapper,MBC5,MBC5 P-1 925U2L,Panasonic,Week 25/1999,1999,,25,RAM,BR6265BF-10SL,BR6265BF-10SL 927 153N,ROHM,Week 27/1999,1999,,27,Supervisor & Reset,MM1134A,922 134A,Mitsumi,Week 22/1999,1999,,22,,,,,,,,,,,,,,,,,,,,,,,,,,,,,,,,,CR1616,,,,,,,fc1d4089,dae7b7625d41d8a06266b09924154bb2,e6a5c632b616e520b10b8b7589207c87c0092047,3d20b3fef48771f0d3ea2cdcf80812b02122a0a04dee0e8c8ae8e3e027f36741
DMG-AWHP-0,Entry #1,jan-spakula-1,https://gbhwdb.gekkio.fi/cartridges/DMG-AWHP-0/jan-spakula-1.html,Jan Spakula,"R-Type DX (USA, Europe) (GB Compatible)",DMG-AWHP-EUR,00,DMG-A06-01,K,6,February/1999,1999,February,,ROM,MSM538011E,DMG-AWHP-0 F1 M538011E-60 9245401,OKI,Week 24/1999,1999,,24,Mapper,MBC5,MBC5 P-1 916U7L,Panasonic,Week 16/1999,1999,,16,RAM,LH5164AN-10L,LH5164AN-10L SHARP A9846 1 CB,Sharp,Week 46/1998,1998,,46,Supervisor & Reset,MM1134A,915 134A,Mitsumi,Week 15/1999,1999,,15,,,,,,,,,,,,,,,,,,,,,,,,,,,,,,,,,CR1616,,,,,,,,,,
DMG-AWHP-0,Entry #1,kurodo-1,https://gbhwdb.gekkio.fi/cartridges/DMG-AWHP-0/kurodo-1.html,Kurodo,"R-Type DX (USA, Europe) (GB Compatible)",DMG-AWHP-EUR,22,DMG-A06-01,I,3,June/1999,1999,June,,ROM,MSM538011E,DMG-AWHP-0 F1 M538011E-60 9265402,OKI,Week 26/1999,1999,,26,Mapper,MBC5,MBC5 LZ9GB31 9849 A,Sharp,Week 49/1998,1998,,49,RAM,LH5164AN-10L,LH5164AN-10L SHARP JAPAN 9847 5 EB,Sharp,Week 47/1998,1998,,47,Supervisor & Reset,MM1134A,915 134A,Mitsumi,Week 15/1999,1999,,15,,,,,,,,,,,,,,,,,,,,,,,,,,,,,,,,,CR1616,,,,,,,,,,
DMG-AWLE-0,Entry #1,beckybecky125-1,https://gbhwdb.gekkio.fi/cartridges/DMG-AWLE-0/beckybecky125-1.html,beckybecky125,"Wario Land II (USA, Europe) (SGB Enhanced) (GB Compatible)",DMG-AWLE-USA-1,00,DMG-A03-01,I,2,November/1999,1999,November,,ROM,MX23C1603-12 1,M994895-M MX23C1603-12 1 DMG-AWLE-0 G2 1Q6937B3,Macronix,Week 48/1999,1999,,48,Mapper,MBC5,MBC5 P-1 003U1M,Panasonic,Week 3/2000,2000,,3,RAM,LH52256CN-10LL,LH52256CN-10LL SHARP JAPAN 0007 1 SO,Sharp,Week 7/2000,2000,,7,Supervisor & Reset,MM1134A,001 134A,Mitsumi,Week 1/2000,2000,,1,,,,,,,,,,,,,,,,,,,,,,,,,,,,,,,,,CR1616,,,,,,,,,,
DMG-AWLE-0,Entry #2,beckybecky125-2,https://gbhwdb.gekkio.fi/cartridges/DMG-AWLE-0/beckybecky125-2.html,beckybecky125,"Wario Land II (USA, Europe) (SGB Enhanced) (GB Compatible)",DMG-AWLE-USA,22,DMG-A03-01,M,6,November/1998,1998,November,,ROM,,DMG-AWLE-0 S LH537MT6 JAPAN G2 9851 D,Sharp,Week 51/1998,1998,,51,Mapper,MBC5,MBC5 P-1 849U1L,Panasonic,Week 49/1998,1998,,49,RAM,LH52256CN-10LL,LH52256CN-10LL SHARP JAPAN 9842 3 SO,Sharp,Week 42/1998,1998,,42,Supervisor & Reset,MM1134A,848 134A,Mitsumi,Week 48/1998,1998,,48,,,,,,,,,,,,,,,,,,,,,,,,,,,,,,,,,CR1616,,,,,,,,,,
DMG-AWLP-0,Entry #1,gdsn-1,https://gbhwdb.gekkio.fi/cartridges/DMG-AWLP-0/gdsn-1.html,gdsn,"Wario Land II (USA, Europe) (SGB Enhanced) (GB Compatible)",DMG-AWLP-EUR,22,DMG-A03-01,I,6,July/2000,2000,July,,ROM,MX23C1603-12A,M003404-M MX23C1603-12A DMG-AWLP-0 G2 1B9151A1,Macronix,Week 34/2000,2000,,34,Mapper,MBC5,MBC-5 BU3650K 031 H64,ROHM,Week 31/2000,2000,,31,RAM,GM76C256CLLFW70,HYUNDAI GM76C256CLLFW70 0031 KOREA,Hyundai,Week 31/2000,2000,,31,Supervisor & Reset,BA6735,6735 0734,ROHM,July/2000,2000,July,,,,,,,,,,,,,,,,,,,,,,,,,,,,,,,,,,CR1616,00-07,,July/2000,2000,July,,,,,
DMG-AWLP-0,Entry #1,gekkio-1,https://gbhwdb.gekkio.fi/cartridges/DMG-AWLP-0/gekkio-1.html,gekkio,"Wario Land II (USA, Europe) (SGB Enhanced) (GB Compatible)",DMG-AWLP-EUR,22,DMG-A03-01,I,3,December/1998,1998,December,,ROM,KM23C16120DT,SEC KM23C16120DT DMG-AWLP-0 G2 KF6409G,Samsung,,,,,Mapper,MBC5,MBC-5 BU3650K 846 H48,ROHM,Week 46/1998,1998,,46,RAM,GM76C256CLLFW70,LGS GM76C256CLLFW70 9846 KOREA,Lucky GoldStar,Week 46/1998,1998,,46,Supervisor & Reset,MM1134A,849 134A,Mitsumi,Week 49/1998,1998,,49,,,,,,,,,,,,,,,,,,,,,,,,,,,,,,,,,CR1616,98-12,Panasonic,December/1998,1998,December,,,,,40f366ccd5bd6a9643dc317db63a286f9104f164f9fc46ff037e548d5e83ed52
DMG-AWLP-0,Entry #1,max-m-1,https://gbhwdb.gekkio.fi/cartridges/DMG-AWLP-0/max-m-1.html,max-m,"Wario Land II (USA, Europe) (SGB Enhanced) (GB Compatible)",DMG-AWLP-EUR,00,DMG-A03-01,M,1,November/1998,1998,November,,ROM,,DMG-AWLP-0 S LH537MT5 JAPAN G2 9853 D,Sharp,Week 53/1998,1998,,53,Mapper,MBC5,MBC5 LZ9GB31 9846 A,Sharp,Week 46/1998,1998,,46,RAM,GM76C256CLLFW70,LGS GM76C256CLLFW70 9846 KOREA,Lucky GoldStar,Week 46/1998,1998,,46,Supervisor & Reset,MM1134A,849 134A,Mitsumi,Week 49/1998,1998,,49,,,,,,,,,,,,,,,,,,,,,,,,,,,,,,,,,CR1616,,,,,,,,,,
DMG-AXFE-0,Entry #1,irfon-jones-1,https://gbhwdb.gekkio.fi/cartridges/DMG-AXFE-0/irfon-jones-1.html,Irfon Jones,"New Adventures of Mary-Kate & Ashley, The (USA, Europe) (GB Compatible)",DMG-AXFE-USA,00,DMG-A07-01,MB,6,October/1999,1999,October,,ROM,MSM538011E,DMG-AXFE-0 F1 M538011E-C3 948237S,OKI,Week 48/1999,1999,,48,Mapper,MBC5,MBC5 P-1 950U7M,Panasonic,Week 50/1999,1999,,50,,,,,,,,,,,,,,,,,,,,,,,,,,,,,,,,,,,,,,,,,,,,,,,,,,,,,,,,,,,
DMG-AXOP-0,Entry #1,ikk5-1,https://gbhwdb.gekkio.fi/cartridges/DMG-AXOP-0/ikk5-1.html,ikk5,"Asterix & Obelix (Europe) (Fr,De) (SGB Enhanced)",DMG-AXOP-FAH,23,DMG-BEAN-02,I,3,April/1995,1995,April,,ROM,,DMG-AXOP-0 S LH532MW6 JAPAN D1 9517 D,Sharp,Week 17/1995,1995,,17,Mapper,MBC1B,DMG MBC1-B Nintendo P 5'30,Panasonic,March/1995,1995,March,,,,,,,,,,,,,,,,,,,,,,,,,,,,,,,,,,,,,,,,,,,,,,,,,,,,,,,,,,,,
DMG-AXQE-0,Entry #1,beckybecky125-1,https://gbhwdb.gekkio.fi/cartridges/DMG-AXQE-0/beckybecky125-1.html,beckybecky125,"Pokemon Trading Card Game (USA, Australia) (SGB Enhanced) (GB Compatible)",DMG-AXQE-USA,00,DMG-A02-01,K,4,February/2000,2000,February,,ROM,,DMG-AXQE-0 S LHMN8JNW JAPAN F1 0011 D,Sharp,Week 11/2000,2000,,11,Mapper,MBC5,MBC5 LZ9GB31 AL02 A,Sharp,Week 2/2000,2000,,2,RAM,LH52256CN-10LL,LH52256CN-10LL SHARP JAPAN 0011 5 SO,Sharp,Week 11/2000,2000,,11,Supervisor & Reset,MM1134A,005 134A,Mitsumi,Week 5/2000,2000,,5,,,,,,,,,,,,,,,,,,,,,,,,,,,,,,,,,CR1616,00-02,,February/2000,2000,February,,81069d53,219b2cc64e5a052003015d4bd4c622cd,0f8670a583255cff3e5b7ca71b5d7454d928fc48,a54515bb6b3e364964d3c0226f5a6b0c8c0f7318c9296ef2e321df0bbb8541ce
DMG-AXQP-0,Entry #1,3615retro-1,https://gbhwdb.gekkio.fi/cartridges/DMG-AXQP-0/3615retro-1.html,3615Retro,"Pokemon Trading Card Game (Europe) (En,Fr,De) (SGB Enhanced) (GB Compatible)",DMG-AXQP-NOE,00,DMG-A03-10,MB,3,October/2000,2000,October,,ROM,MX23C1603-12A,S004419-M MX23C1603-12A DMG-AXQP-0 G2 2D289800,Macronix,Week 44/2000,2000,,44,Mapper,MBC5,09EEL3T MBC5 2417,Texas Instruments,September/2000,2000,September,,RAM,LC35256FM-70,SANYO LC35256FM-70U JAPAN 0KU0G,Sanyo,October/2000,2000,October,,Supervisor & Reset,BA6735,6735 0993,ROHM,September/2000,2000,September,,,,,,,,,,,,,,,,,,,,,,,,,,,,,,,,,,CR1616,,,,,,,4523376e,4572f09b61a36e94762ff60cbe182834,868e7b376e39f7d65a735538d90fbe6bbc99d198,30f2ec540c48dcddef205cecb4d14c3941064d8454c2dcf498dff77c32f99aae
DMG-AXQP-0,Entry #1,ikk5-1,https://gbhwdb.gekkio.fi/cartridges/DMG-AXQP-0/ikk5-1.html,ikk5,"Pokemon Trading Card Game (Europe) (En,Fr,De) (SGB Enhanced) (GB Compatible)",DMG-AXQP-NOE,22,DMG-A03-10,MB,6,October/2000,2000,October,,ROM,μPD23C16019WG5,DMG-AXQP-0 G2 N-16019WG5-M71 0043K7034,NEC,Week 43/2000,2000,,43,Mapper,MBC5,MBC-5 BU3650K 043 117,ROHM,Week 43/2000,2000,,43,RAM,BR62256F-70LL,BR62256F-70LL 043 132NA,ROHM,Week 43/2000,2000,,43,Supervisor & Reset,BA6735,6735 0A15,ROHM,October/2000,2000,October,,,,,,,,,,,,,,,,,,,,,,,,,,,,,,,,,,CR1616,00-09,,September/2000,2000,September,,,,,
DMG-AXQP-0,Entry #1,kurodo-1,https://gbhwdb.gekkio.fi/cartridges/DMG-AXQP-0/kurodo-1.html,Kurodo,"Pokemon Trading Card Game (Europe) (En,Fr,De) (SGB Enhanced) (GB Compatible)",DMG-AXQP-NOE,00,DMG-A03-10,MB,6,October/2000,2000,October,,ROM,μPD23C16019WG5,DMG-AXQP-0 G2 N-16019WG5-M71 0043K7002,NEC,Week 43/2000,2000,,43,Mapper,MBC5,09E57NT MBC5 2417,Texas Instruments,September/2000,2000,September,,RAM,LC35256FM-70,SANYO LC35256FM-70U JAPAN 0KU0G,Sanyo,October/2000,2000,October,,Supervisor & Reset,MM1134A,032 134A,Mitsumi,Week 32/2000,2000,,32,,,,,,,,,,,,,,,,,,,,,,,,,,,,,,,,,CR1616,,,,,,,,,,
DMG-AXQP-0,Entry #1,missingno-force-1,https://gbhwdb.gekkio.fi/cartridges/DMG-AXQP-0/missingno-force-1.html,Missingno_force,"Pokemon Trading Card Game (Europe) (En,Fr,De) (SGB Enhanced) (GB Compatible)",DMG-AXQP-NOE,11,DMG-A03-10,MB,6,October/2000,2000,October,,ROM,MX23C1603-12A,E004419-M MX23C1603-12A DMG-AXQP-0 G2 2D317300,Macronix,Week 44/2000,2000,,44,Mapper,MBC5,09EEJTT MBC5 2417,Texas Instruments,September/2000,2000,September,,RAM,GM76C256CLLFW70,HYUNDAI GM76C256CLLFW70 0037 KOREA,Hyundai,Week 37/2000,2000,,37,Supervisor & Reset,MM1134A,026 134A,Mitsumi,Week 26/2000,2000,,26,,,,,,,,,,,,,,,,,,,,,,,,,,,,,,,,,CR1616,,,,,,,,,,
DMG-AXQU-0,Entry #1,irfon-jones-1,https://gbhwdb.gekkio.fi/cartridges/DMG-AXQU-0/irfon-jones-1.html,Irfon Jones,"Pokemon Trading Card Game (USA, Australia) (SGB Enhanced) (GB Compatible)",DMG-AXQU-AUS,11,DMG-A02-01,A,4,January/2000,2000,January,,ROM,,DMG-AXQU-0 S LH538WKG JAPAN F1 0007 D,Sharp,Week 7/2000,2000,,7,Mapper,MBC5,MBC5 P-1 002U4M,Panasonic,Week 2/2000,2000,,2,RAM,BR62256F-70LL,BR62256F-70LL 006 169NA,ROHM,Week 6/2000,2000,,6,Supervisor & Reset,BA6735,6735 0172,ROHM,January/2000,2000,January,,,,,,,,,,,,,,,,,,,,,,,,,,,,,,,,,,CR1616,,,,,,,,,,
DMG-AXQX-0,Entry #1,granmastro-1,https://gbhwdb.gekkio.fi/cartridges/DMG-AXQX-0/granmastro-1.html,Granmastro,"Pokemon Trading Card Game (Europe) (En,Es,It) (SGB Enhanced) (GB Compatible)",DMG-AXQX-EUR,,DMG-A03-10,I,5,November/2000,2000,November,,ROM,MX23C1603-12A,S004419-M MX23C1603-12A DMG-AXQX-0 G2 2C912800,Macronix,Week 44/2000,2000,,44,Mapper,MBC5,MBC5 P 040U7M,Panasonic,Week 40/2000,2000,,40,RAM,GM76C256CLLFW70,HYUNDAI GM76C256CLLFW70 0041 KOREA,Hyundai,Week 41/2000,2000,,41,Supervisor & Reset,BA6735,6735 0A55,ROHM,October/2000,2000,October,,,,,,,,,,,,,,,,,,,,,,,,,,,,,,,,,,CR1616,,,,,,,,,,
DMG-AYJ-0,Entry #1,gekkio-1,https://gbhwdb.gekkio.fi/cartridges/DMG-AYJ-0/gekkio-1.html,gekkio,Ayakashi no Shiro (Japan),DMG-AYJ,23,DMG-GDAN-02,I,2,February/1990,1990,February,,ROM,LH53514,DMG-AYJ-0 S LH5314H1 JAPAN B1 9014 E,Sharp,Week 14/1990,1990,,14,Mapper,MBC2A,Nintendo DMG MBC2A N 9011CA005,NEC,Week 11/1990,1990,,11,Supervisor & Reset,MM1026A,025 26A,Mitsumi,1990,1990,,,,,,,,,,,,,,,,,,,,,,,,,,,,,,,,,,,,,,,,,,,CR1616,90-02,,February/1990,1990,February,,,,,fee5c32ddc8e6c38d184cd100b9fc8651fd40d5b64e6df22f9f13f401a3fd885
DMG-AYKJ-0,Entry #1,granmastro-1,https://gbhwdb.gekkio.fi/cartridges/DMG-AYKJ-0/granmastro-1.html,Granmastro,Yu-Gi-Oh! Duel Monsters II - Dark Duel Stories (Japan) (SGB Enhanced) (GB Compatible),DMG-AYKJ-JPN,,DMG-A08-01,I,5,May/1999,1999,May,,ROM,KM23C32120CT,SEC KM23C32120CT DMG-AYKJ-0 H2 KFW405I,Samsung,,,,,Mapper,MBC5,MBC5 P-1 913U2L,Panasonic,Week 13/1999,1999,,13,RAM,BR6265BF-10SL,BR6265BF-10SL 914 158N,ROHM,Week 14/1999,1999,,14,Supervisor & Reset,MM1134A,917 134A,Mitsumi,Week 17/1999,1999,,17,,,,,,,,,,,,,,,,,,,,,,,,,,,,,,,,,CR1616,99-02,,February/1999,1999,February,,,,,
DMG-AYKJ-0,Entry #1,oldirdey-1,https://gbhwdb.gekkio.fi/cartridges/DMG-AYKJ-0/oldirdey-1.html,olDirdey,Yu-Gi-Oh! Duel Monsters II - Dark Duel Stories (Japan) (SGB Enhanced) (GB Compatible),DMG-AYKJ-JPN,,DMG-Z01-01,I,1,June/1999,1999,June,,ROM,,DMG-AYKJ-0 S LH5S5WT1 JAPAN H2 SP 9926 D,Sharp,Week 26/1999,1999,,26,Mapper,,,,,,,,RAM,LH5164AN-10L,LH5164AN-10L SHARP A9846 1 CB,Sharp,Week 46/1998,1998,,46,Supervisor & Reset,MM1134A,915 134A,Mitsumi,Week 15/1999,1999,,15,Line decoder,TC7W139FU,7W139 9F,Toshiba,1999,1999,,,,,,,,,,,,,,,,,,,,,,,,,,,CR1616,,,,,,,,,,
DMG-AYLE-1,Entry #1,ben-black-1,https://gbhwdb.gekkio.fi/cartridges/DMG-AYLE-1/ben-black-1.html,Ben Black,"Tetris Attack (USA, Europe) (Rev 1) (SGB Enhanced)",DMG-AYLE-USA,11A,DMG-BEAN-10,Y,2,June/1997,1997,June,,ROM,,DMG-AYLE-1 S LH534MV9 JAPAN E1 9724 E,Sharp,Week 24/1997,1997,,24,Mapper,MBC1B1,DMG MBC1B1 Nintendo S 9724 3 A,Sharp,Week 24/1997,1997,,24,,,,,,,,,,,,,,,,,,,,,,,,,,,,,,,,,,,,,,,,,,,,,,,,,,,,,,,,,,,
DMG-AYLJ-0,Entry #1,marcao-cfh-1,https://gbhwdb.gekkio.fi/cartridges/DMG-AYLJ-0/marcao-cfh-1.html,marcao_cfh,Yoshi no Panepon (Japan) (SGB Enhanced),DMG-AYLJ-JPN,22,DMG-BEAN-02,Y,3,October/1996,1996,October,,ROM,MX23C4002-20,S9642-M MX23C4002-20 DMG-AYLJ-0 E1 42219K,Macronix,Week 42/1996,1996,,42,Mapper,MBC1B1,DMG MBC1B1 Nintendo S 9641 7 A,Sharp,Week 41/1996,1996,,41,,,,,,,,,,,,,,,,,,,,,,,,,,,,,,,,,,,,,,,,,,,,,,,,,,,,,,,,,,,
DMG-AYLP-1,Entry #1,tobiasvl-1,https://gbhwdb.gekkio.fi/cartridges/DMG-AYLP-1/tobiasvl-1.html,tobiasvl,"Tetris Attack (USA, Europe) (Rev 1) (SGB Enhanced)",DMG-AYLP-EUR,22A,DMG-BEAN-02,Y,4,October/1996,1996,October,,ROM,,DMG-AYLP-1 S LH534MVB JAPAN E1 9643 D,Sharp,Week 43/1996,1996,,43,Mapper,MBC1B,DMG MBC1-B Nintendo P 6'08,Panasonic,October/1996,1996,October,,,,,,,,,,,,,,,,,,,,,,,,,,,,,,,,,,,,,,,,,,,,,,,,,,,,,,,,,,,,
DMG-AYMJ-1,Entry #1,gekkio-1,https://gbhwdb.gekkio.fi/cartridges/DMG-AYMJ-1/gekkio-1.html,gekkio,Gakkyuu Ou Yamazaki (Japan) (Rev 1) (GB Compatible),DMG-AYMJ-JPN,34,DMG-A06-01,M,2,May/1999,1999,May,,ROM,,DMG-AYMJ-1 S LH538WVN JAPAN F1 9920 E,Sharp,Week 20/1999,1999,,20,Mapper,MBC5,MBC5 P-1 908U5L,Panasonic,Week 8/1999,1999,,8,RAM,HY6264ALLJ-10,HY6264A LLJ-10 9906B KOREA,Hyundai,Week 6/1999,1999,,6,Supervisor & Reset,MM1134A,914 134A,Mitsumi,Week 14/1999,1999,,14,,,,,,,,,,,,,,,,,,,,,,,,,,,,,,,,,CR1616,99-01,Panasonic,January/1999,1999,January,,,,,4d2cd0036b131b5db350b79d49c10b6c0510029fd484df1743df93b1a7e09e1b
DMG-AYNP-0,Entry #1,3615retro-1,https://gbhwdb.gekkio.fi/cartridges/DMG-AYNP-0/3615retro-1.html,3615Retro,Yannick Noah Tennis (France) (En),DMG-AYNP-FRA,12,DMG-BEAN-10,K,4,October/1998,1998,October,,ROM,LH53517,DMG-AYNP-0 S LH5317VR JAPAN B1 9850 E,Sharp,Week 50/1998,1998,,50,Mapper,MBC1B,DMG MBC1-B Nintendo P 8'N9,Panasonic,November/1998,1998,November,,,,,,,,,,,,,,,,,,,,,,,,,,,,,,,,,,,,,,,,,,,,,,,,,,,,,,,,,402d4d47,38412ba58b750d1a838137ade975f62a,5bc39c44da587a89bef7478617c402855a1b5b24,dee356ead9d73a6fbcb85d340b2d77b28d84fcbdfecdb1c0b3e8a8258955dc25
DMG-AYNP-0,Entry #1,issotm-1,https://gbhwdb.gekkio.fi/cartridges/DMG-AYNP-0/issotm-1.html,ISSOtm,Yannick Noah Tennis (France) (En),DMG-AYNP-FRA,12,DMG-BEAN-10,K,1,November/1998,1998,November,,ROM,LH53517,DMG-AYNP-0 S LH5317VR JAPAN B1 9850 E,Sharp,Week 50/1998,1998,,50,Mapper,MBC1B,DMG MBC1-B Nintendo P 8'N4,Panasonic,November/1998,1998,November,,,,,,,,,,,,,,,,,,,,,,,,,,,,,,,,,,,,,,,,,,,,,,,,,,,,,,,,,,,,
DMG-AYRP-0,Entry #1,ikk5-1,https://gbhwdb.gekkio.fi/cartridges/DMG-AYRP-0/ikk5-1.html,ikk5,"Sylvester & Tweety - Breakfast on the Run (Europe) (En,Fr,De,Es,It,Nl) (GB Compatible)",DMG-AYRP-HOL,22,DMG-A07-01,K,5,July/1999,1999,July,,ROM,,DMG-AYRP-0 S LH538WNM JAPAN F1 9936 D,Sharp,Week 36/1999,1999,,36,Mapper,MBC5,MBC5 P-1 930U3L,Panasonic,Week 30/1999,1999,,30,,,,,,,,,,,,,,,,,,,,,,,,,,,,,,,,,,,,,,,,,,,,,,,,,,,,,,,,,,,
DMG-AYRP-0,Entry #1,kurodo-1,https://gbhwdb.gekkio.fi/cartridges/DMG-AYRP-0/kurodo-1.html,Kurodo,"Sylvester & Tweety - Breakfast on the Run (Europe) (En,Fr,De,Es,It,Nl) (GB Compatible)",DMG-AYRP-FRA,22,DMG-A07-01,K,6,January/1999,1999,January,,ROM,,DMG-AYRP-0 S LH538WNM JAPAN F1 9904 D,Sharp,Week 4/1999,1999,,4,Mapper,MBC5,MBC5 LZ9GB31 9850 A,Sharp,Week 50/1998,1998,,50,,,,,,,,,,,,,,,,,,,,,,,,,,,,,,,,,,,,,,,,,,,,,,,,,,,,,,,,,,,
DMG-AYUJ-0,Entry #1,granmastro-1,https://gbhwdb.gekkio.fi/cartridges/DMG-AYUJ-0/granmastro-1.html,Granmastro,Yu-Gi-Oh! Duel Monsters (Japan) (SGB Enhanced),DMG-AYUJ-JPN,,DMG-DFCN-10,I,3,November/1998,1998,November,,ROM,MSM538011E,DMG-AYUJ-0 F1 M538011E-24 8465410,OKI,Week 46/1998,1998,,46,Mapper,MBC1B,DMG MBC1-B Nintendo P 8'N4,Panasonic,November/1998,1998,November,,RAM,HY6264ALLJ-10,HY6264A LLJ-10 9828B KOREA,Hyundai,Week 28/1998,1998,,28,Supervisor & Reset,MM1026A,844 26A,Mitsumi,1998,1998,,,,,,,,,,,,,,,,,,,,,,,,,,,,,,,,,,,CR1616,98-11,,November/1998,1998,November,,,,,
DMG-AYWJ-0,Entry #1,gekkio-1,https://gbhwdb.gekkio.fi/cartridges/DMG-AYWJ-0/gekkio-1.html,gekkio,Bokujou Monogatari GB (Japan) (SGB Enhanced),DMG-AYWJ-JPN,12,DMG-KECN-01,I,1,November/1997,1997,November,,ROM,,DMG-AYWJ-0 S LH5S4MW6 JAPAN E1 9748 D,Sharp,Week 48/1997,1997,,48,Mapper,MBC3,MBC3 LR385364 9744 A,Sharp,Week 44/1997,1997,,44,RAM,LH5168N-10PL,LH5168N-10PL MOSEL-VITELIC JAPAN N745 1G BH,Mosel-Vitelic,Week 45/1997,1997,,45,Supervisor & Reset,BA6129A,6129A 7A27,ROHM,October/1997,1997,October,,,,,,,,,,,,,,,,,,,,,,,,,,Crystal,32.768 kHz,KDS7J,Daishinku,September/1997,1997,September,,CR2025,,,,,,,,,,3dca0ab924c8ce941ee5795350a98e3a242eaab6ffaa1a2d899cd77728225f46
DMG-AYWJ-0,Entry #1,hdr-1,https://gbhwdb.gekkio.fi/cartridges/DMG-AYWJ-0/hdr-1.html,HDR,Bokujou Monogatari GB (Japan) (SGB Enhanced),DMG-AYWJ-JPN,22,DMG-KECN-01,I,5,November/1997,1997,November,,ROM,μPD23C4001EJGW,DMG-AYWJ-0 E1 N-4001EJGW-J79 9748E7005,NEC,Week 48/1997,1997,,48,Mapper,MBC3,MBC3 LR385364 9746 A,Sharp,Week 46/1997,1997,,46,RAM,BR6265BF-10SL,BR6265BF-10SL 748 133N,ROHM,Week 48/1997,1997,,48,Supervisor & Reset,BA6129A,6129A 7B30,ROHM,November/1997,1997,November,,,,,,,,,,,,,,,,,,,,,,,,,,Crystal,,,,,,,,CR2025,,,,,,,,,,
DMG-AYWJ-0,Entry #2,hdr-2,https://gbhwdb.gekkio.fi/cartridges/DMG-AYWJ-0/hdr-2.html,HDR,Bokujou Monogatari GB (Japan) (SGB Enhanced),DMG-AYWJ-JPN,00,DMG-KECN-01,I,2,November/1997,1997,November,,ROM,μPD23C4001EJGW,DMG-AYWJ-0 E1 N-4001EJGW-J79 9747E7025,NEC,Week 47/1997,1997,,47,Mapper,MBC3,MBC3 LR385364 9743 A,Sharp,Week 43/1997,1997,,43,RAM,BR6265BF-10SL,BR6265BF-10SL 744 152N,ROHM,Week 44/1997,1997,,44,Supervisor & Reset,BA6129A,6129A 7A25,ROHM,October/1997,1997,October,,,,,,,,,,,,,,,,,,,,,,,,,,Crystal,32.768 kHz,KDS7K,Daishinku,October/1997,1997,October,,CR2025,,,,,,,,,,
DMG-AYWJ-0,Entry #3,hdr-3,https://gbhwdb.gekkio.fi/cartridges/DMG-AYWJ-0/hdr-3.html,HDR,Bokujou Monogatari GB (Japan) (SGB Enhanced),DMG-AYWJ-JPN,00,DMG-KECN-01,I,4,November/1997,1997,November,,ROM,μPD23C4001EJGW,DMG-AYWJ-0 E1 N-4001EJGW-J79 9747E7019,NEC,Week 47/1997,1997,,47,Mapper,MBC3,MBC3 LR385364 9747 A,Sharp,Week 47/1997,1997,,47,RAM,BR6265BF-10SL,BR6265BF-10SL 748 133N,ROHM,Week 48/1997,1997,,48,Supervisor & Reset,BA6129A,6129A 7A89,ROHM,October/1997,1997,October,,,,,,,,,,,,,,,,,,,,,,,,,,Crystal,,,,,,,,CR2025,,,,,,,,,,
DMG-AYWJ-0,Entry #4,hdr-4,https://gbhwdb.gekkio.fi/cartridges/DMG-AYWJ-0/hdr-4.html,HDR,Bokujou Monogatari GB (Japan) (SGB Enhanced),DMG-AYWJ-JPN,22,DMG-KECN-01,I,6,November/1997,1997,November,,ROM,,DMG-AYWJ-0 S LH5S4MW6 JAPAN E1 9748 D,Sharp,Week 48/1997,1997,,48,Mapper,MBC3,MBC3 LR385364 9748 A,Sharp,Week 48/1997,1997,,48,RAM,HY6264ALLJ-10,HY6264A LLJ-10 9740B KOREA,Hyundai,Week 40/1997,1997,,40,Supervisor & Reset,BA6129A,6129A 7B28,ROHM,November/1997,1997,November,,,,,,,,,,,,,,,,,,,,,,,,,,Crystal,32.768 kHz,KDS7K,Daishinku,October/1997,1997,October,,CR2025,,,,,,,,,,
DMG-AYWJ-1,Entry #1,hdr-1,https://gbhwdb.gekkio.fi/cartridges/DMG-AYWJ-1/hdr-1.html,HDR,Bokujou Monogatari GB (Japan) (Rev 1) (SGB Enhanced),DMG-AYWJ-JPN,22B,DMG-KECN-10,I,5,September/1998,1998,September,,ROM,,DMG-AYWJ-1 S LH5S4MWF JAPAN E1 9839 D,Sharp,Week 39/1998,1998,,39,Mapper,MBC3A,MBC3 A P-2 831U2E,Panasonic,Week 31/1998,1998,,31,RAM,BR6265BF-10SL,BR6265BF-10SL 830 110N,ROHM,Week 30/1998,1998,,30,Supervisor & Reset,MM1026A,834 26A,Mitsumi,1998,1998,,,,,,,,,,,,,,,,,,,,,,,,,,,Crystal,32.768 kHz,KDS8C,Daishinku,March/1998,1998,March,,CR2025,,,,,,,,,,
DMG-AYWJ-1,Entry #2,hdr-2,https://gbhwdb.gekkio.fi/cartridges/DMG-AYWJ-1/hdr-2.html,HDR,Bokujou Monogatari GB (Japan) (Rev 1) (SGB Enhanced),DMG-AYWJ-JPN,22B,DMG-KECN-10,I,4,September/1998,1998,September,,ROM,,DMG-AYWJ-1 S LH5S4MWF JAPAN E1 9839 D,Sharp,Week 39/1998,1998,,39,Mapper,MBC3A,MBC3 A P-2 831U1E,Panasonic,Week 31/1998,1998,,31,RAM,BR6265BF-10SL,BR6265BF-10SL 831 170N,ROHM,Week 31/1998,1998,,31,Supervisor & Reset,MM1026A,835 26A,Mitsumi,1998,1998,,,,,,,,,,,,,,,,,,,,,,,,,,,Crystal,32.768 kHz,KDS8C,Daishinku,March/1998,1998,March,,CR2025,,,,,,,,,,
DMG-AYWJ-1,Entry #3,hdr-3,https://gbhwdb.gekkio.fi/cartridges/DMG-AYWJ-1/hdr-3.html,HDR,Bokujou Monogatari GB (Japan) (Rev 1) (SGB Enhanced),DMG-AYWJ-JPN,00B,DMG-KECN-20,I,2,May/1999,1999,May,,ROM,μPD23C4001EJGW,DMG-AYWJ-1 E1 N-4001EJGW-J82 9920E7022,NEC,Week 20/1999,1999,,20,Mapper,MBC3A,MBC3 A P-2 845U2E,Panasonic,Week 45/1998,1998,,45,RAM,LH5164AN-10L,LH5164AN-10L SHARP A9909 5 CB,Sharp,Week 9/1999,1999,,9,Supervisor & Reset,MM1134A,916 134A,Mitsumi,Week 16/1999,1999,,16,,,,,,,,,,,,,,,,,,,,,,,,,Crystal,32.768 kHz,KDS8J,Daishinku,September/1998,1998,September,,CR2025,,,,,,,,,,
DMG-AYWJ-1,Entry #4,hdr-4,https://gbhwdb.gekkio.fi/cartridges/DMG-AYWJ-1/hdr-4.html,HDR,Bokujou Monogatari GB (Japan) (Rev 1) (SGB Enhanced),DMG-AYWJ-JPN,00A,DMG-KECN-01,I,2,January/1998,1998,January,,ROM,μPD23C4001EJGW,DMG-AYWJ-1 E1 N-4001EJGW-J82 9804E7012,NEC,Week 4/1998,1998,,4,Mapper,MBC3,MBC3 LR385364 9743 A,Sharp,Week 43/1997,1997,,43,RAM,BR6265BF-10SL,BR6265BF-10SL 802 134N,ROHM,Week 2/1998,1998,,2,Supervisor & Reset,BA6129A,6129A 7C86,ROHM,December/1997,1997,December,,,,,,,,,,,,,,,,,,,,,,,,,,Crystal,32.768 kHz,KDS7K,Daishinku,October/1997,1997,October,,CR2025,,,,,,,,,,
DMG-AYWJ-1,Entry #1,smelly-ghost-1,https://gbhwdb.gekkio.fi/cartridges/DMG-AYWJ-1/smelly-ghost-1.html,Smelly-Ghost,Bokujou Monogatari GB (Japan) (Rev 1) (SGB Enhanced),DMG-AYWJ-JPN,22A,DMG-KECN-SP,I,6,April/1998,1998,April,,ROM,,DMG-AYWJ-1 S LH5S4MWF JAPAN E1 9819 D,Sharp,Week 19/1998,1998,,19,Mapper,MBC3,MBC3 LR385364 9743 A,Sharp,Week 43/1997,1997,,43,RAM,LH5164AN-10L,LH5164AN-10L SHARP JAPAN 9818 5 DB,Sharp,Week 18/1998,1998,,18,Supervisor & Reset,BA6129A,6129A 8316,ROHM,March/1998,1998,March,,,,,,,,,,,,,,,,,,,,,,,,,,Crystal,32.768 kHz,KDS8A,Daishinku,January/1998,1998,January,,CR2025,,,,,,,,,,
DMG-AZIP-0,Entry #1,ikk5-1,https://gbhwdb.gekkio.fi/cartridges/DMG-AZIP-0/ikk5-1.html,ikk5,"Godzilla - The Series (Europe) (En,Fr,De) (GB Compatible)",DMG-AZIP-EUR,00,DMG-A07-01,MB,1,November/1999,1999,November,,ROM,MX23C8005-12,C995249-M MX23C8005-12 DMG-AZIP-0 F1 1B3912A5,Macronix,Week 52/1999,1999,,52,Mapper,MBC5,MBC5 P-1 950U7M,Panasonic,Week 50/1999,1999,,50,,,,,,,,,,,,,,,,,,,,,,,,,,,,,,,,,,,,,,,,,,,,,,,,,,,,,,,,,,,
DMG-AZLE-2,Entry #1,beckybecky125-1,https://gbhwdb.gekkio.fi/cartridges/DMG-AZLE-2/beckybecky125-1.html,beckybecky125,"Legend of Zelda, The - Link's Awakening DX (USA, Europe) (Rev 2) (SGB Enhanced) (GB Compatible)",DMG-AZLE-USA-1,11C,DMG-A02-01,MB,2,March/2000,2000,March,,ROM,,DMG-AZLE-2 S LHMN8JNE JAPAN F1 0015 E,Sharp,Week 15/2000,2000,,15,Mapper,MBC5,MBC5 P-1 012U5M,Panasonic,Week 12/2000,2000,,12,RAM,LH52256CN-10LL,LH52256CN-10LL SHARP JAPAN 0013 7 SO,Sharp,Week 13/2000,2000,,13,Supervisor & Reset,BA6735,6735 0389,ROHM,March/2000,2000,March,,,,,,,,,,,,,,,,,,,,,,,,,,,,,,,,,,CR1616,00-03,,March/2000,2000,March,,06887a34,7351daa3c0a91d8f6fe2fbcca6182478,1c091225688d966928cc74336dbef2e07d12a47c,5dee5816ed9b46cfc4a2d94f275e555dd3c5080eca00ded975a41a881a6d4c06
DMG-AZLF-0,Entry #1,3615retro-1,https://gbhwdb.gekkio.fi/cartridges/DMG-AZLF-0/3615retro-1.html,3615Retro,"Legend of Zelda, The - Link's Awakening DX (France) (SGB Enhanced) (GB Compatible)",DMG-AZLF-FRA,34,DMG-A02-01,I,3,December/1998,1998,December,,ROM,,DMG-AZLF-0 S LH538WYF JAPAN F1 9853 E,Sharp,Week 53/1998,1998,,53,Mapper,MBC5,MBC5 P-1 850U4L,Panasonic,Week 50/1998,1998,,50,RAM,BR62256F-70LL,BR62256F-70LL 845 131A,ROHM,Week 45/1998,1998,,45,Supervisor & Reset,MM1134A,849 134A,Mitsumi,Week 49/1998,1998,,49,,,,,,,,,,,,,,,,,,,,,,,,,,,,,,,,,CR1616,,,,,,,f48824fe,1043fd167d0ed9c4094e3c9d8e757f1e,9a679e30b03e119a21ae7daac65e73e0ef4e0894,4d1cd3432808a4252522a9d16e5dffcb18ecc3b9b8087e9fbeeb5f98311a2952
DMG-AZLF-0,Entry #1,gdsn-1,https://gbhwdb.gekkio.fi/cartridges/DMG-AZLF-0/gdsn-1.html,gdsn,"Legend of Zelda, The - Link's Awakening DX (France) (SGB Enhanced) (GB Compatible)",DMG-AZLF-FRA,34,DMG-A02-01,I,6,December/1998,1998,December,,ROM,,DMG-AZLF-0 S LH538WYF JAPAN F1 9853 E,Sharp,Week 53/1998,1998,,53,Mapper,MBC5,MBC5 P-1 850U5L,Panasonic,Week 50/1998,1998,,50,RAM,BR62256F-70LL,BR62256F-70LL 844 100A,ROHM,Week 44/1998,1998,,44,Supervisor & Reset,MM1134A,849 134A,Mitsumi,Week 49/1998,1998,,49,,,,,,,,,,,,,,,,,,,,,,,,,,,,,,,,,CR1616,98-12,,December/1998,1998,December,,,,,
DMG-AZLF-1,Entry #1,3615retro-1,https://gbhwdb.gekkio.fi/cartridges/DMG-AZLF-1/3615retro-1.html,3615Retro,"Legend of Zelda, The - Link's Awakening DX (France) (Rev 1) (SGB Enhanced) (GB Compatible)",DMG-AZLF-FRA,20A,DMG-A02-01,A,6,November/2000,2000,November,,ROM,,DMG-AZLF-1 S LHMN8MW2 JAPAN F1 0105 D,Sharp,Week 5/2001,2001,,5,Mapper,MBC5,0CC37XT MBC5 2417,Texas Instruments,December/2000,2000,December,,RAM,GM76C256CLLFW70,HYUNDAI GM76C256CLLFW70 0049 KOREA,Hyundai,Week 49/2000,2000,,49,Supervisor & Reset,BA6735,6735 0C64,ROHM,December/2000,2000,December,,,,,,,,,,,,,,,,,,,,,,,,,,,,,,,,,,CR1616,,,,,,,4e2b75e7,68242187b65166b5f8225b20e2021659,b5e4df1a67432c609fa0f23519315297c6dcdc1d,211a1d1559dc2684d63d87f62a6b1e9109201a6383b4004e9dd5e18ee926ee83
DMG-AZLF-1,Entry #1,kurodo-1,https://gbhwdb.gekkio.fi/cartridges/DMG-AZLF-1/kurodo-1.html,Kurodo,"Legend of Zelda, The - Link's Awakening DX (France) (Rev 1) (SGB Enhanced) (GB Compatible)",DMG-AZLF-FRA,34A,DMG-A02-01,I,6,November/1999,1999,November,,ROM,,DMG-AZLF-1 S LH538WRZ JAPAN F1 9948 D,Sharp,Week 48/1999,1999,,48,Mapper,MBC5,MBC5 LZ9GB31 9941 A,Sharp,Week 41/1999,1999,,41,RAM,LH52256CN-10LL,LH52256CN-10LL SHARP A9802 3 EC,Sharp,Week 2/1998,1998,,2,Supervisor & Reset,MM1134A,944 134A,Mitsumi,Week 44/1999,1999,,44,,,,,,,,,,,,,,,,,,,,,,,,,,,,,,,,,CR1616,,,,,,,,,,
DMG-AZLF-1,Entry #2,kurodo-2,https://gbhwdb.gekkio.fi/cartridges/DMG-AZLF-1/kurodo-2.html,Kurodo,"Legend of Zelda, The - Link's Awakening DX (France) (Rev 1) (SGB Enhanced) (GB Compatible)",DMG-AZLF-FRA,00A,DMG-A02-01,A,1,January/2000,2000,January,,ROM,,DMG-AZLF-1 S LH538WRZ JAPAN F1 0010 D,Sharp,Week 10/2000,2000,,10,Mapper,MBC5,MBC5 LZ9GB31 AL03 A,Sharp,Week 3/2000,2000,,3,RAM,LH52256CVN,LH52256CVN SHARP JAPAN 9944 5 SO,Sharp,Week 44/1999,1999,,44,Supervisor & Reset,MM1134A,004 134A,Mitsumi,Week 4/2000,2000,,4,,,,,,,,,,,,,,,,,,,,,,,,,,,,,,,,,CR1616,,,,,,,,,,
DMG-AZLJ-0,Entry #1,gdsn-1,https://gbhwdb.gekkio.fi/cartridges/DMG-AZLJ-0/gdsn-1.html,gdsn,Zelda no Densetsu - Yume o Miru Shima DX (Japan) (SGB Enhanced) (GB Compatible),DMG-AZLJ-JPN,00,DMG-A02-01,K,1,October/1998,1998,October,,ROM,MX23C8005-12,S984849-M MX23C8005-12 DMG-AZLJ-0 F1 23754ZA1,Macronix,Week 48/1998,1998,,48,Mapper,MBC5,MBC5 LZ9GB31 9840 A,Sharp,Week 40/1998,1998,,40,RAM,LH52256CN-10LL,LH52256CN-10LL SHARP JAPAN 9842 3 SO,Sharp,Week 42/1998,1998,,42,Supervisor & Reset,MM1134A,846 134A,Mitsumi,Week 46/1998,1998,,46,,,,,,,,,,,,,,,,,,,,,,,,,,,,,,,,,CR1616,98-11,,November/1998,1998,November,,,,,
DMG-AZLJ-0,Entry #1,kay-kidoutai-1,https://gbhwdb.gekkio.fi/cartridges/DMG-AZLJ-0/kay-kidoutai-1.html,kay_kidoutai,Zelda no Densetsu - Yume o Miru Shima DX (Japan) (SGB Enhanced) (GB Compatible),DMG-AZLJ-JPN,00,DMG-A02-01,A,1,November/1998,1998,November,,ROM,MX23C8005-12,S984849-M MX23C8005-12 DMG-AZLJ-0 F1 23751ZA1,Macronix,Week 48/1998,1998,,48,Mapper,MBC5,MBC5 LZ9GB31 9844 A,Sharp,Week 44/1998,1998,,44,RAM,GM76C256CLLFW70,LGS GM76C256CLLFW70 9826 KOREA,Lucky GoldStar,Week 26/1998,1998,,26,Supervisor & Reset,MM1134A,845 134A,Mitsumi,Week 45/1998,1998,,45,,,,,,,,,,,,,,,,,,,,,,,,,,,,,,,,,CR1616,,,,,,,,,,
DMG-AZLP-0,Entry #1,gekkio-1,https://gbhwdb.gekkio.fi/cartridges/DMG-AZLP-0/gekkio-1.html,gekkio,"Legend of Zelda, The - Link's Awakening DX (USA, Europe) (SGB Enhanced) (GB Compatible)",DMG-AZLP-EUR,22,DMG-A02-01,Y,5,December/1998,1998,December,,ROM,,DMG-AZLP-0 S LH538WYD JAPAN F1 9853 D,Sharp,Week 53/1998,1998,,53,Mapper,MBC5,MBC5 P-1 850U3L,Panasonic,Week 50/1998,1998,,50,RAM,LH52256CN-10LL,LH52256CN-10LL SHARP JAPAN 9841 3 SO,Sharp,Week 41/1998,1998,,41,Supervisor & Reset,BA6735,6735 8B02,ROHM,November/1998,1998,November,,,,,,,,,,,,,,,,,,,,,,,,,,,,,,,,,,CR1616,98-11,Maxell,November/1998,1998,November,,,,,c95dd3d9cb798e86c28e3269554e458d434bf3277b96cadf5bc81cfacfb5ee60
DMG-AZLP-1,Entry #1,granmastro-1,https://gbhwdb.gekkio.fi/cartridges/DMG-AZLP-1/granmastro-1.html,Granmastro,"Legend of Zelda, The - Link's Awakening DX (USA, Europe) (Rev 1) (SGB Enhanced) (GB Compatible)",DMG-AZLP-EUR,,DMG-A02-01,A,4,November/1998,1998,November,,ROM,,DMG-AZLP-1 S LH538WYL JAPAN F1 9907 E,Sharp,Week 7/1999,1999,,7,Mapper,MBC5,MBC-5 BU3650K 849 126,ROHM,Week 49/1998,1998,,49,RAM,GM76C256CLLFW70,LGS GM76C256CLLFW70 9845 KOREA,Lucky GoldStar,Week 45/1998,1998,,45,Supervisor & Reset,BA6735,6735 8B96,ROHM,November/1998,1998,November,,,,,,,,,,,,,,,,,,,,,,,,,,,,,,,,,,CR1616,98-12,,December/1998,1998,December,,,,,
DMG-AZLP-2,Entry #1,tobiasvl-1,https://gbhwdb.gekkio.fi/cartridges/DMG-AZLP-2/tobiasvl-1.html,tobiasvl,"Legend of Zelda, The - Link's Awakening DX (USA, Europe) (Rev 2) (SGB Enhanced) (GB Compatible)",DMG-AZLP-EUR,12B,DMG-A02-01,A,3,October/2000,2000,October,,ROM,,DMG-AZLP-2 S LHMN8MNF JAPAN F1 0047 D,Sharp,Week 47/2000,2000,,47,Mapper,MBC5,0AC1VFT MBC5 2417,Texas Instruments,October/2000,2000,October,,RAM,BR62256F-70LL,BR62256F-70LL 043 136NA,ROHM,Week 43/2000,2000,,43,Supervisor & Reset,BA6735,6735 0A55,ROHM,October/2000,2000,October,,,,,,,,,,,,,,,,,,,,,,,,,,,,,,,,,,CR1616,,,,,,,,,,
DMG-B2A-0,Entry #1,marcao-cfh-1,https://gbhwdb.gekkio.fi/cartridges/DMG-B2A-0/marcao-cfh-1.html,marcao_cfh,Bubble Bobble (Japan) (En),DMG-B2A,,DMG-BEAN-01,T,2,October/1990,1990,October,,ROM,μPD23C1001EGW,DMG-B2A-0 C1 N-1001EGW-J21 9044E9006,NEC,Week 44/1990,1990,,44,Mapper,MBC1B,Nintendo DMG MBC1B N 9038BA049,NEC,Week 38/1990,1990,,38,,,,,,,,,,,,,,,,,,,,,,,,,,,,,,,,,,,,,,,,,,,,,,,,,,,,,,,,,,,
DMG-B2E-0,Entry #1,mattcurrie-1,https://gbhwdb.gekkio.fi/cartridges/DMG-B2E-0/mattcurrie-1.html,mattcurrie,"Bubble Bobble (USA, Europe)",DMG-B2-AUS,22,DMG-BEAN-02,I,2,September/1991,1991,September,,ROM,μPD23C1001EGW,DMG-B2E-0 C1 N-1001EGW-J30 9136E9023,NEC,Week 36/1991,1991,,36,Mapper,MBC1B,DMG MBC1-B Nintendo P 1'93,Panasonic,September/1991,1991,September,,,,,,,,,,,,,,,,,,,,,,,,,,,,,,,,,,,,,,,,,,,,,,,,,,,,,,,,,,,,
DMG-B7HJ-0,Entry #1,gekkio-1,https://gbhwdb.gekkio.fi/cartridges/DMG-B7HJ-0/gekkio-1.html,gekkio,Nakayoshi Pet Series 1 - Kawaii Hamster (Japan) (GB Compatible),DMG-B7HJ-JPN,09,DMG-A06-01,MB,5,March/2000,2000,March,,ROM,,DMG-B7HJ-0 S LH538WK5 JAPAN F1 0014 D,Sharp,Week 14/2000,2000,,14,Mapper,MBC5,MBC5 P-1 008U1M,Panasonic,Week 8/2000,2000,,8,RAM,BR6265BF-10SL,BR6265BF-10SL 953 145N,ROHM,Week 53/1999,1999,,53,Supervisor & Reset,MM1134A,007 134A,Mitsumi,Week 7/2000,2000,,7,,,,,,,,,,,,,,,,,,,,,,,,,,,,,,,,,CR1616,00-03,Maxell,March/2000,2000,March,,,,,90e94a2539824b6cd62a73ae01fa84cd5df72ed7cc4464d3fd9fc06c9e2ea150
DMG-B9X-0,Entry #1,louhike-1,https://gbhwdb.gekkio.fi/cartridges/DMG-B9X-0/louhike-1.html,Louhike,Bomb Jack (Europe),DMG-B9-NOE,20,DMG-AAA-03,I,2,May/1996,1996,May,,ROM,LH53259,DMG-B9X-0 S LH5359V3 JAPAN A0 9623 D,Sharp,Week 23/1996,1996,,23,,,,,,,,,,,,,,,,,,,,,,,,,,,,,,,,,,,,,,,,,,,,,,,,,,,,,,,,,,,,,,,,,,,
DMG-BAA-0,Entry #1,mattcurrie-1,https://gbhwdb.gekkio.fi/cartridges/DMG-BAA-0/mattcurrie-1.html,mattcurrie,Batman - The Video Game (World),DMG-BA-USA,22,DMG-BEAN-01,I,5,April/1990,1990,April,,ROM,LH530800,DMG-BAA-0 S LH5308N1 JAPAN C1 9016 E,Sharp,Week 16/1990,1990,,16,Mapper,MBC1B,Nintendo DMG MBC1B N 9016BA057,NEC,Week 16/1990,1990,,16,,,,,,,,,,,,,,,,,,,,,,,,,,,,,,,,,,,,,,,,,,,,,,,,,,,,,,,,,,,
DMG-BBE-0,Entry #1,beckybecky125-1,https://gbhwdb.gekkio.fi/cartridges/DMG-BBE-0/beckybecky125-1.html,beckybecky125,"Bugs Bunny Crazy Castle, The (USA, Europe)",DMG-BB-USA-1,00,DMG-BEAN-10,K,5,November/1997,1997,November,,ROM,LH53517,DMG-BBE-0 S LH5317V5 JAPAN B1 9750 D,Sharp,Week 50/1997,1997,,50,Mapper,MBC1B1,DMG MBC1B1 Nintendo S 9746 1 A,Sharp,Week 46/1997,1997,,46,,,,,,,,,,,,,,,,,,,,,,,,,,,,,,,,,,,,,,,,,,,,,,,,,,,,,,,,403e1b7e,43189b859c0036119f233d46b1f2e9fd,2a3e982e542a849f95b4497025ca5b04db2abe8c,a0bd5d25545de941e719437f7829f4edf32b3a140a399387f96dda2f8059fe4e
DMG-BBE-0,Entry #1,gekkio-1,https://gbhwdb.gekkio.fi/cartridges/DMG-BBE-0/gekkio-1.html,gekkio,"Bugs Bunny Crazy Castle, The (USA, Europe)",DMG-BB-EUR,22,DMG-BEAN-10,K,5,October/1998,1998,October,,ROM,LH53517,DMG-BBE-0 S LH5317V5 JAPAN B1 9845 E,Sharp,Week 45/1998,1998,,45,Mapper,MBC1B,DMG MBC1-B Nintendo P 8'01,Panasonic,October/1998,1998,October,,,,,,,,,,,,,,,,,,,,,,,,,,,,,,,,,,,,,,,,,,,,,,,,,,,,,,,,,,,,a0bd5d25545de941e719437f7829f4edf32b3a140a399387f96dda2f8059fe4e
DMG-BBE-0,Entry #2,gekkio-2,https://gbhwdb.gekkio.fi/cartridges/DMG-BBE-0/gekkio-2.html,gekkio,"Bugs Bunny Crazy Castle, The (USA, Europe)",DMG-BB-FAH,05,DMG-BEAN-02,I,5,November/1991,1991,November,,ROM,LH53514,DMG-BBE-0 S LH5314GY JAPAN B1 9148 E,Sharp,Week 48/1991,1991,,48,Mapper,MBC1B,Nintendo DMG MBC1B N 9146BA067,NEC,Week 46/1991,1991,,46,,,,,,,,,,,,,,,,,,,,,,,,,,,,,,,,,,,,,,,,,,,,,,,,,,,,,,,,,,,a0bd5d25545de941e719437f7829f4edf32b3a140a399387f96dda2f8059fe4e
DMG-BDA-0,Entry #1,marcao-cfh-1,https://gbhwdb.gekkio.fi/cartridges/DMG-BDA-0/marcao-cfh-1.html,marcao_cfh,Boulder Dash (Japan) (En),DMG-BDA,,DMG-BEAN-01,I,1,August/1990,1990,August,,ROM,LH53514,DMG-BDA-0 S LH5314B7 JAPAN B1 9033 D,Sharp,Week 33/1990,1990,,33,Mapper,MBC1A,DMG MBC1A Nintendo S 9031 3 A,Sharp,Week 31/1990,1990,,31,,,,,,,,,,,,,,,,,,,,,,,,,,,,,,,,,,,,,,,,,,,,,,,,,,,,,,,,,,,
DMG-BFXP-0,Entry #1,ikk5-1,https://gbhwdb.gekkio.fi/cartridges/DMG-BFXP-0/ikk5-1.html,ikk5,Titus the Fox (Europe) (GB Compatible),DMG-BFXP-EUR,41,DMG-A07-01,I,5,August/2000,2000,August,,ROM,,DMG-BFXP-0 S LHMN8MN5 JAPAN F1 0034 D,Sharp,Week 34/2000,2000,,34,Mapper,MBC5,MBC5 P-1 028U7M,Panasonic,Week 28/2000,2000,,28,,,,,,,,,,,,,,,,,,,,,,,,,,,,,,,,,,,,,,,,,,,,,,,,,,,,,,,,,,,
DMG-BGE-0,Entry #1,granmastro-1,https://gbhwdb.gekkio.fi/cartridges/DMG-BGE-0/granmastro-1.html,Granmastro,"Bubble Ghost (USA, Europe)",DMG-BG-ITA,,DMG-AAA-03,I,3,November/1991,1991,November,,ROM,LH53259,DMG-BGE-0 SHARP JAPAN A0 9204 E,Sharp,Week 4/1992,1992,,4,,,,,,,,,,,,,,,,,,,,,,,,,,,,,,,,,,,,,,,,,,,,,,,,,,,,,,,,,,,,,,,,,,,
DMG-BHEJ-0,Entry #1,granmastro-1,https://gbhwdb.gekkio.fi/cartridges/DMG-BHEJ-0/granmastro-1.html,Granmastro,Shin Megami Tensei Devil Children - Kuro no Sho (Japan) (SGB Enhanced) (GB Compatible),,,DMG-A03-10,I,1,January/2001,2001,January,,ROM,MX23C1603-12A,M010419-M MX23C1603-12A DMG-BHEJ-0 G2 2D732601,Macronix,Week 4/2001,2001,,4,Mapper,MBC5,0CCHJXT MBC5 2417,Texas Instruments,December/2000,2000,December,,RAM,GM76C256CLLFW70,HYUNDAI GM76C256CLLFW70 0043 KOREA,Hyundai,Week 43/2000,2000,,43,Supervisor & Reset,BA6735,6735 0C86,ROHM,December/2000,2000,December,,,,,,,,,,,,,,,,,,,,,,,,,,,,,,,,,,CR1616,00-11,,November/2000,2000,November,,,,,
DMG-BIA-0,Entry #1,tobiasvl-1,https://gbhwdb.gekkio.fi/cartridges/DMG-BIA-0/tobiasvl-1.html,tobiasvl,Bomber King - Scenario 2 (Japan) (En),DMG-BIA,22,DMG-BEAN-02,B,1,September/1991,1991,September,,ROM,μPD23C1001EGW,STANDARD MICRO DMG-BIA-0 C1 23C1001EGW-J61 9140E9017,Standard Microsystems Corporation,Week 40/1991,1991,,40,Mapper,MBC1B,DMG MBC1-B Nintendo P 1'05,Panasonic,October/1991,1991,October,,,,,,,,,,,,,,,,,,,,,,,,,,,,,,,,,,,,,,,,,,,,,,,,,,,,,,,,,,,,
DMG-BKJ-0,Entry #1,marcao-cfh-1,https://gbhwdb.gekkio.fi/cartridges/DMG-BKJ-0/marcao-cfh-1.html,marcao_cfh,Baseball Kids (Japan),DMG-BKJ,,DMG-BEAN-01,I,4,January/1990,1990,January,,ROM,μPD23C1001EGW,NEC JAPAN DMG-BKJ-0 C1 UPD23C1001EGW-J02 9002E9719,NEC,Week 2/1990,1990,,2,Mapper,MBC1B,Nintendo DMG MBC1B N9004AD,NEC,Week 4/1990,1990,,4,,,,,,,,,,,,,,,,,,,,,,,,,,,,,,,,,,,,,,,,,,,,,,,,,,,,,,,,,,,
DMG-BLUJ-0,Entry #1,gekkio-1,https://gbhwdb.gekkio.fi/cartridges/DMG-BLUJ-0/gekkio-1.html,gekkio,From TV Animation One Piece - Yume no Luffy Kaizokudan Tanjou! (Japan) (SGB Enhanced) (GB Compatible),DMG-BLUJ-JPN,01,DMG-A08-10,YG,1,April/2001,2001,April,,ROM,MX23C3203-12A2,S012123-M MX23C3203-12A2 DMG-BLUJ-0 H2 2D781800,Macronix,Week 21/2001,2001,,21,Mapper,MBC5,MBC5 P-2 102U1M,Panasonic,Week 2/2001,2001,,2,RAM,W2465S-70LL,Winbond W2465S-70LL 115AD20484620-II1RA,Winbond,Week 15/2001,2001,,15,Supervisor & Reset,MM1134A,043 134A,Mitsumi,Week 43/2000,2000,,43,,,,,,,,,,,,,,,,,,,,,,,,,,,,,,,,,CR1616,01-01,Panasonic,January/2001,2001,January,,,,,6680858cfdcc658e4b1e10d49f48b0f4abfdba10cd52007cde64744036eadff4
DMG-BLUJ-0,Entry #1,granmastro-1,https://gbhwdb.gekkio.fi/cartridges/DMG-BLUJ-0/granmastro-1.html,Granmastro,From TV Animation One Piece - Yume no Luffy Kaizokudan Tanjou! (Japan) (SGB Enhanced) (GB Compatible),DMG-BLUJ-JPN,34,DMG-A08-10,K,2,March/2001,2001,March,,ROM,MX23C3203-12A2,M011823-M MX23C3203-12A2 DMG-BLUJ-0 H2 2D566300,Macronix,Week 18/2001,2001,,18,Mapper,MBC5,12CE4RT MBC5 2417,Texas Instruments,February/2001,2001,February,,RAM,W2465S-70LL,Winbond W2465S-70LL 115AD20484620-811RA,Winbond,Week 15/2001,2001,,15,Supervisor & Reset,BA6735,6735 1401,ROHM,April/2001,2001,April,,,,,,,,,,,,,,,,,,,,,,,,,,,,,,,,,,CR1616,01-01,,January/2001,2001,January,,,,,
DMG-BM2P-0,Entry #1,ikk5-1,https://gbhwdb.gekkio.fi/cartridges/DMG-BM2P-0/ikk5-1.html,ikk5,Harvest Moon 2 GBC (Europe) (SGB Enhanced) (GB Compatible),DMG-BM2P-EUR,12,DMG-A03-10,I,1,January/2001,2001,January,,ROM,MX23C1603-12A,S010604-M MX23C1603-12A DMG-BM2P-0 G2 1C8079A1,Macronix,Week 6/2001,2001,,6,Mapper,MBC5,MBC5 P-2 050U1M,Panasonic,Week 50/2000,2000,,50,RAM,GM76C256CLLFW70,HYUNDAI GM76C256CLLFW70 0049 KOREA,Hyundai,Week 49/2000,2000,,49,Supervisor & Reset,BA6735,6735 0C85,ROHM,December/2000,2000,December,,,,,,,,,,,,,,,,,,,,,,,,,,,,,,,,,,CR1616,00-11,,November/2000,2000,November,,,,,
DMG-BM6E-0,Entry #1,tobiasvl-1,https://gbhwdb.gekkio.fi/cartridges/DMG-BM6E-0/tobiasvl-1.html,tobiasvl,"Mega Man Xtreme (USA, Europe) (GB Compatible)",DMG-BM6E-USA,00,DMG-Z02-01,NC,4,October/2000,2000,October,,ROM,MX23C8005-12,S004449-M MX23C8005-12 DMG-BM6E-0 F1 1C3670A1,Macronix,Week 44/2000,2000,,44,Mapper,MBC5,09ED1LT MBC5 2417,Texas Instruments,September/2000,2000,September,,RAM,BS62LV256SC-70,BSI BS62LV256SC-70 S282735053 F0042 TAIWAN,BSI,Week 42/2000,2000,,42,Supervisor & Reset,BA6735,6735 0A53,ROHM,October/2000,2000,October,,,,,,,,,,,,,,,,,,,,,,,,,,,,,,,,,,CR1616,,,,,,,,,,
DMG-BMAE-0,Entry #1,gekkio-1,https://gbhwdb.gekkio.fi/cartridges/DMG-BMAE-0/gekkio-1.html,gekkio,"Mary-Kate and Ashley - Pocket Planner (USA, Europe) (GB Compatible)",DMG-BMAE-USA,22,DMG-KFCN-01,I,2,October/2000,2000,October,,ROM,MSM538011E,DMG-BMAE-0 F1 M538011E-2C 0455414,OKI,Week 45/2000,2000,,45,Mapper,MBC3A,MBC3 A LR38536B 9948 A,Sharp,Week 48/1999,1999,,48,RAM,LC3564BM-70,SANYO LC3564BM-70 JAPAN 0JUBG,Sanyo,September/2000,2000,September,,Supervisor & Reset,MM1134A,039 134A,Mitsumi,Week 39/2000,2000,,39,,,,,,,,,,,,,,,,,,,,,,,,,Crystal,32.768 kHz,KDS0J,Daishinku,September/2000,2000,September,,CR2025,00-09,,September/2000,2000,September,,,,,3afc54651b9a6d71d7a5a884c6b86b9e2f6d5c6380aeff2e533cd14280444f21
DMG-BMAP-0,Entry #1,gekkio-1,https://gbhwdb.gekkio.fi/cartridges/DMG-BMAP-0/gekkio-1.html,gekkio,"Mary-Kate and Ashley - Pocket Planner (USA, Europe) (GB Compatible)",DMG-BMAP-EUR,12,DMG-KFCN-01,I,6,November/2000,2000,November,,ROM,MX23C8003-20,S010649-M MX23C8003-20 DMG-BMAP-0 F1 1C3876A1,Macronix,Week 6/2001,2001,,6,Mapper,MBC3B,MBC-3 B BU3634K 103 H56,ROHM,Week 3/2001,2001,,3,RAM,LH5164AN-10L,LH5164AN-10L SHARP JAPAN 0043 5 EB,Sharp,Week 43/2000,2000,,43,Supervisor & Reset,BA6735,6735 0B01,ROHM,November/2000,2000,November,,,,,,,,,,,,,,,,,,,,,,,,,,Crystal,32.768 kHz,KDS0M,Daishinku,December/2000,2000,December,,CR2025,01-01,,January/2001,2001,January,,,,,3afc54651b9a6d71d7a5a884c6b86b9e2f6d5c6380aeff2e533cd14280444f21
DMG-BMAP-0,Entry #2,gekkio-2,https://gbhwdb.gekkio.fi/cartridges/DMG-BMAP-0/gekkio-2.html,gekkio,"Mary-Kate and Ashley - Pocket Planner (USA, Europe) (GB Compatible)",DMG-BMAP-EUR,12,DMG-KFCN-01,I,1,February/2001,2001,February,,ROM,MX23C8003-20,S010649-M MX23C8003-20 DMG-BMAP-0 F1 1C3876A1,Macronix,Week 6/2001,2001,,6,Mapper,MBC3B,MBC-3 B BU3634K 103 H56,ROHM,Week 3/2001,2001,,3,RAM,LH5164AN-10L,LH5164AN-10L SHARP A0041 7 CB,Sharp,Week 41/2000,2000,,41,Supervisor & Reset,BA6735,6735 0C63,ROHM,December/2000,2000,December,,,,,,,,,,,,,,,,,,,,,,,,,,Crystal,32.768 kHz,32K0Z,,2000,2000,,,CR2025,00-12,Panasonic,December/2000,2000,December,,,,,3afc54651b9a6d71d7a5a884c6b86b9e2f6d5c6380aeff2e533cd14280444f21
DMG-BPWJ-0,Entry #1,marcao-cfh-1,https://gbhwdb.gekkio.fi/cartridges/DMG-BPWJ-0/marcao-cfh-1.html,marcao_cfh,Power Pro Kun Pocket 2 (Japan) (SGB Enhanced) (GB Compatible),DMG-BPWJ-JPN,13,DMG-A03-01,I,2,February/2000,2000,February,,ROM,MR531614G,DMG-BPWJ-0 G2 R531614G-28 011232D,OKI,Week 11/2000,2000,,11,Mapper,MBC5,MBC5 LZ9GB31 AL06 A,Sharp,Week 6/2000,2000,,6,RAM,LH52256CN-10LL,LH52256CN-10LL SHARP JAPAN 0012 3 SO,Sharp,Week 12/2000,2000,,12,Supervisor & Reset,BA6735,6735 0268,ROHM,February/2000,2000,February,,,,,,,,,,,,,,,,,,,,,,,,,,,,,,,,,,CR1616,00-01,,January/2000,2000,January,,,,,
DMG-BQLJ-0,Entry #1,gekkio-1,https://gbhwdb.gekkio.fi/cartridges/DMG-BQLJ-0/gekkio-1.html,gekkio,Dragon Quest Monsters 2 - Maruta no Fushigina Kagi - Ruka no Tabidachi (Japan) (SGB Enhanced) (GB Compatible),DMG-BQLJ-JPN,22,DMG-A03-10,MB,3,November/2000,2000,November,,ROM,MX23C3203-12A2,E005223-M MX23C3203-12A2 DMG-BQLJ-0 H2 2D480700,Macronix,Week 52/2000,2000,,52,Mapper,MBC5,0CA7T1T MBC5 2417,Texas Instruments,December/2000,2000,December,,RAM,LC35256FM-70,SANYO LC35256FM-70U JAPAN 0LK5G,Sanyo,November/2000,2000,November,,Supervisor & Reset,MM1134A,044 134A,Mitsumi,Week 44/2000,2000,,44,,,,,,,,,,,,,,,,,,,,,,,,,,,,,,,,,CR1616,00-11,Maxell,November/2000,2000,November,,,,,90517f73231e52fe3ef733e369b8a3464996e785803fdb583398d40689760ab7
DMG-BSA-0,Entry #1,beckybecky125-1,https://gbhwdb.gekkio.fi/cartridges/DMG-BSA-0/beckybecky125-1.html,beckybecky125,Baseball (World),DMG-BS-USA,23,DMG-BEAN-01,T,2,August/1990,1990,August,,ROM,LH53514,DMG-BSA-0 S LH5314B0 JAPAN B1 9032 D,Sharp,Week 32/1990,1990,,32,Mapper,MBC1B,Nintendo DMG MBC1B N 9030BA025,NEC,Week 30/1990,1990,,30,,,,,,,,,,,,,,,,,,,,,,,,,,,,,,,,,,,,,,,,,,,,,,,,,,,,,,,,6eea2526,e7bcb3f5534c8363f855ba92d83cb2d9,bb613ed8d492d49db35370bec38d9f2515dc24c9,debc4ac9d7587166f4754d99955c8ed8c5ae014bb10e91764fe9e632cdbcb3fc
DMG-BSA-0,Entry #1,org-1,https://gbhwdb.gekkio.fi/cartridges/DMG-BSA-0/org-1.html,org,Baseball (World),DMG-BSA,23,DMG-BBA-01,B,3,March/1989,1989,March,,ROM,LH53515,DMG-BSA-0 SHARP JAPAN B0 8916 D,Sharp,Week 16/1989,1989,,16,Mapper,MBC1,DMG MBC1 Nintendo S 8914 T,Sharp,Week 14/1989,1989,,14,,,,,,,,,,,,,,,,,,,,,,,,,,,,,,,,,,,,,,,,,,,,,,,,,,,,,,,,,,,
DMG-BTE-0,Entry #1,mattcurrie-1,https://gbhwdb.gekkio.fi/cartridges/DMG-BTE-0/mattcurrie-1.html,mattcurrie,"Balloon Kid (USA, Europe)",DMG-BT-FAH,01,DMG-BEAN-01,I,5,October/1990,1990,October,,ROM,LH530800,DMG-BTE-0 S LH5308P8 JAPAN C1 9044 E,Sharp,Week 44/1990,1990,,44,Mapper,MBC1B,Nintendo DMG MBC1B N 9026BA036,NEC,Week 26/1990,1990,,26,,,,,,,,,,,,,,,,,,,,,,,,,,,,,,,,,,,,,,,,,,,,,,,,,,,,,,,,,,,
DMG-BTZJ-0,Entry #1,granmastro-1,https://gbhwdb.gekkio.fi/cartridges/DMG-BTZJ-0/granmastro-1.html,Granmastro,Keitai Denjuu Telefang - Speed Version (Japan) (GB Compatible),,,DMG-KGDU-10,MB,1,September/2000,2000,September,,ROM,μPD23C16019WG5,DMG-BTZJ-0 G2 N-16019WG5-M65 0040K7014,NEC,Week 40/2000,2000,,40,Mapper,MBC3A,MBC3 A LR38536B 0003 A,Sharp,Week 3/2000,2000,,3,RAM,LC35256FM-70,SANYO LC35256FM-70U JAPAN 0HUNG,Sanyo,August/2000,2000,August,,Supervisor & Reset,BA6735,6735 0999,ROHM,September/2000,2000,September,,,,,,,,,,,,,,,,,,,,,,,,,,Crystal,32.768 kHz,KDS0J,Daishinku,September/2000,2000,September,,CR2025,00-09,,September/2000,2000,September,,,,,
DMG-BVE-0,Entry #1,mattcurrie-1,https://gbhwdb.gekkio.fi/cartridges/DMG-BVE-0/mattcurrie-1.html,mattcurrie,"Battletoads (USA, Europe)",DMG-BV-AUS,23,DMG-BEAN-02,I,4,May/1992,1992,May,,ROM,μPD23C1001EAGW,DMG-BVE-0 C1 N-1001EAGW-J06 9221K9005,NEC,Week 21/1992,1992,,21,Mapper,MBC1B,DMG MBC1B Nintendo J9211BR,Motorola,Week 11/1992,1992,,11,,,,,,,,,,,,,,,,,,,,,,,,,,,,,,,,,,,,,,,,,,,,,,,,,,,,,,,,,,,
DMG-BYE-0,Entry #1,beckybecky125-1,https://gbhwdb.gekkio.fi/cartridges/DMG-BYE-0/beckybecky125-1.html,beckybecky125,"Bugs Bunny Crazy Castle 2, The (USA)",DMG-BY-USA-1,22,DMG-BEAN(K)-02,Hs,1,June/1996,1996,June,,ROM,LH530800A,DMG-BYE-0 S LH531HHE JAPAN C1 9632 E,Sharp,Week 32/1996,1996,,32,Mapper,MBC1B,DMG MBC1-B Nintendo P 6'71,Panasonic,July/1996,1996,July,,,,,,,,,,,,,,,,,,,,,,,,,,,,,,,,,,,,,,,,,,,,,,,,,,,,,,,,,a973e604,8963803e642dbfbe4f5f3bc5a567785d,1e4c8c8fe8b6c34f76cd0da876442f14299da725,cf1a8d9c9d4fc9e58740f6e008e5280ff2831c099aecab642e64e5195c0ad0bc
DMG-BZOJ-0,Entry #1,marcao-cfh-1,https://gbhwdb.gekkio.fi/cartridges/DMG-BZOJ-0/marcao-cfh-1.html,marcao_cfh,From TV Animation One Piece - Maboroshi no Grand Line Boukenki! (Japan) (SGB Enhanced) (GB Compatible),DMG-BZOJ-JPN,01,DMG-A03-10,CM,5,September/2001,2001,September,,ROM,MX23C3203-12A2,S022023-M MX23C3203-12A2 DMG-BZOJ-0 H2 2D877900,Macronix,Week 20/2002,2002,,20,Mapper,MBC5,MBC-5 BU3650K 206 H76,ROHM,Week 6/2002,2002,,6,RAM,HY62WT081ED70C,hynix 0210A HY62WT081ED70C KOREA,Hynix,Week 10/2002,2002,,10,Supervisor & Reset,BA6735,6735 1B01,ROHM,November/2001,2001,November,,,,,,,,,,,,,,,,,,,,,,,,,,,,,,,,,,CR1616,01-11,,November/2001,2001,November,,,,,
DMG-C3X-0,Entry #1,mattcurrie-1,https://gbhwdb.gekkio.fi/cartridges/DMG-C3X-0/mattcurrie-1.html,mattcurrie,Alfred Chicken (Europe),DMG-C3-FAH,23,DMG-BEAN-02,I,5,October/1993,1993,October,,ROM,LH530800,DMG-C3X-0 S LH5308WB JAPAN C1 9346 D,Sharp,Week 46/1993,1993,,46,Mapper,MBC1B,Nintendo DMG MBC1B N 9340BA048,NEC,Week 40/1993,1993,,40,,,,,,,,,,,,,,,,,,,,,,,,,,,,,,,,,,,,,,,,,,,,,,,,,,,,,,,,,,,
DMG-C8E-0,Entry #1,mattcurrie-1,https://gbhwdb.gekkio.fi/cartridges/DMG-C8E-0/mattcurrie-1.html,mattcurrie,"Incredible Crash Dummies, The (USA, Europe)",DMG-C8-USA,22,DMG-BEAN-02,B,1,October/1992,1992,October,,ROM,LH530800,DMG-C8E-0 S LH5308KZ JAPAN C1 9243 E,Sharp,Week 43/1992,1992,,43,Mapper,MBC1B1,DMG MBC1B1 Nintendo S 9223 3 A,Sharp,Week 23/1992,1992,,23,,,,,,,,,,,,,,,,,,,,,,,,,,,,,,,,,,,,,,,,,,,,,,,,,,,,,,,,,,,
DMG-CEX-0,Entry #1,ikk5-1,https://gbhwdb.gekkio.fi/cartridges/DMG-CEX-0/ikk5-1.html,ikk5,"Caesars Palace (Europe) (En,Fr,De,Es,It)",DMG-CE-FAH,23,DMG-BEAN-02,B,2,April/1992,1992,April,,ROM,LH530800,DMG-CEX-0 S LH5308Z0 JAPAN C1 9214 E,Sharp,Week 14/1992,1992,,14,Mapper,MBC1B,Nintendo DMG MBC1B N 9208BA089,NEC,Week 8/1992,1992,,8,,,,,,,,,,,,,,,,,,,,,,,,,,,,,,,,,,,,,,,,,,,,,,,,,,,,,,,,,,,
DMG-CIE-0,Entry #1,beckybecky125-1,https://gbhwdb.gekkio.fi/cartridges/DMG-CIE-0/beckybecky125-1.html,beckybecky125,"Yoshi's Cookie (USA, Europe)",DMG-CI-USA,23,DMG-BEAN-02,B,6,January/1993,1993,January,,ROM,LH530800,DMG-CIE-0 S LH5308YZ JAPAN C1 9309 D,Sharp,Week 9/1993,1993,,9,Mapper,MBC1B,DMG MBC1B Nintendo J9301BR,Motorola,Week 1/1993,1993,,1,,,,,,,,,,,,,,,,,,,,,,,,,,,,,,,,,,,,,,,,,,,,,,,,,,,,,,,,75336712,bc1a3848092bdc900c157996c29a7783,233dcc94d86951ddf167aaa82ec9b94b87b29e2d,fb29a19cae1b04bf0f3e20e9f9853d62a5b3bf536c8aece32943442d5bb0a049
DMG-CIE-0,Entry #1,ikk5-1,https://gbhwdb.gekkio.fi/cartridges/DMG-CIE-0/ikk5-1.html,ikk5,"Yoshi's Cookie (USA, Europe)",DMG-CI-FAH,22,DMG-BEAN-02,I,5,May/1993,1993,May,,ROM,LH530800,DMG-CIE-0 S LH5308YZ JAPAN C1 9322 D,Sharp,Week 22/1993,1993,,22,Mapper,MBC1B,DMG MBC1-B Nintendo P 3'35,Panasonic,March/1993,1993,March,,,,,,,,,,,,,,,,,,,,,,,,,,,,,,,,,,,,,,,,,,,,,,,,,,,,,,,,,,,,
DMG-CIE-0,Entry #1,max-m-1,https://gbhwdb.gekkio.fi/cartridges/DMG-CIE-0/max-m-1.html,max-m,"Yoshi's Cookie (USA, Europe)",DMG-CI-EUR,22,DMG-BEAN-10,I,3,December/1997,1997,December,,ROM,μPD23C1001EUGW,DMG-CIE-0 C1 N-1001EUGW-J23 9804E7012,NEC,Week 4/1998,1998,,4,Mapper,MBC1B1,DMG MBC1B1 Nintendo S 9751 5 A,Sharp,Week 51/1997,1997,,51,,,,,,,,,,,,,,,,,,,,,,,,,,,,,,,,,,,,,,,,,,,,,,,,,,,,,,,,,,,
DMG-CLE-0,Entry #1,ikk5-1,https://gbhwdb.gekkio.fi/cartridges/DMG-CLE-0/ikk5-1.html,ikk5,"Ninja Boy (USA, Europe)",DMG-CL-ESP,20,DMG-BEAN-02,I,2,September/1992,1992,September,,ROM,LH53514,DMG-CLE-0 S LH5314P5 JAPAN B1 9239 E,Sharp,Week 39/1992,1992,,39,Mapper,MBC1B1,DMG MBC1B1 Nintendo S 9226 3 A,Sharp,Week 26/1992,1992,,26,,,,,,,,,,,,,,,,,,,,,,,,,,,,,,,,,,,,,,,,,,,,,,,,,,,,,,,,,,,
DMG-CMJ-0,Entry #1,marcao-cfh-1,https://gbhwdb.gekkio.fi/cartridges/DMG-CMJ-0/marcao-cfh-1.html,marcao_cfh,Chibi Maruko-chan - Okozukai Daisakusen! (Japan),DMG-CMJ,22,DMG-BEAN-02,I,1,October/1991,1991,October,,ROM,LH53514,DMG-CMJ-0 S LH5314U2 JAPAN B1 9146 D,Sharp,Week 46/1991,1991,,46,Mapper,MBC1B,DMG MBC1B Nintendo S 9146 5 AA,Sharp,Week 46/1991,1991,,46,,,,,,,,,,,,,,,,,,,,,,,,,,,,,,,,,,,,,,,,,,,,,,,,,,,,,,,,,,,
DMG-CNE-0,Entry #1,gekkio-1,https://gbhwdb.gekkio.fi/cartridges/DMG-CNE-0/gekkio-1.html,gekkio,Operation C (USA),DMG-CN-USA,22,DMG-BEAN-01,B,6,December/1990,1990,December,,ROM,LH530800,DMG-CNE-0 S LH5308SL JAPAN C1 9052 D,Sharp,Week 52/1990,1990,,52,Mapper,MBC1B,DMG MBC1B Nintendo S 9103 5 A,Sharp,Week 3/1991,1991,,3,,,,,,,,,,,,,,,,,,,,,,,,,,,,,,,,,,,,,,,,,,,,,,,,,,,,,,,,,,,0b6670e44cc2edc6fbf32fc78f499e774cf0802019480f2bf7bdb836ee15c433
DMG-CVJ-0,Entry #1,gekkio-1,https://gbhwdb.gekkio.fi/cartridges/DMG-CVJ-0/gekkio-1.html,gekkio,Dracula Densetsu (Japan),DMG-CVJ,23,DMG-BBA-02,I,2,October/1989,1989,October,,ROM,LH53515,DMG-CVJ-0 SHARP JAPAN B0 8941 D,Sharp,Week 41/1989,1989,,41,Mapper,MBC1B,Nintendo DMG MBC1B 8940AJ,NEC,Week 40/1989,1989,,40,,,,,,,,,,,,,,,,,,,,,,,,,,,,,,,,,,,,,,,,,,,,,,,,,,,,,,,,,,,5d8ba1f7cd9ee6cd14dca5132b651cf248e08ff7d4274c1d883fbaa5597309e5
DMG-CVJ-0,Entry #1,granmastro-1,https://gbhwdb.gekkio.fi/cartridges/DMG-CVJ-0/granmastro-1.html,Granmastro,Dracula Densetsu (Japan),DMG-CVJ,,DMG-BBA-02,I,4,October/1989,1989,October,,ROM,LH53515,DMG-CVJ-0 SHARP JAPAN B0 8941 D,Sharp,Week 41/1989,1989,,41,Mapper,MBC1A,DMG MBC1A Nintendo S 8941 3 A,Sharp,Week 41/1989,1989,,41,,,,,,,,,,,,,,,,,,,,,,,,,,,,,,,,,,,,,,,,,,,,,,,,,,,,,,,,,,,
DMG-CVX-0,Entry #1,3615retro-1,https://gbhwdb.gekkio.fi/cartridges/DMG-CVX-0/3615retro-1.html,3615Retro,Castlevania - The Adventure (Europe),DMG-CV-FAH,22,DMG-BEAN-02,I,2,July/1991,1991,July,,ROM,LH53514,DMG-CVX-0 S LH5314E6 JAPAN B1 9129 D,Sharp,Week 29/1991,1991,,29,Mapper,MBC1B,DMG MBC1-B Nintendo P 1'75,Panasonic,July/1991,1991,July,,,,,,,,,,,,,,,,,,,,,,,,,,,,,,,,,,,,,,,,,,,,,,,,,,,,,,,,,6977c265,7c0cbb81025deed9e32ecdca5f1bb482,d54888039344597fa038f2c5eedc0726dd35cc46,2658b85a1c9179adb495329013f03e00f25aa191b5462278739aff7aafdef3c7
DMG-CVX-0,Entry #1,mattcurrie-1,https://gbhwdb.gekkio.fi/cartridges/DMG-CVX-0/mattcurrie-1.html,mattcurrie,Castlevania - The Adventure (Europe),DMG-CV-NOE,27,DMG-BEAN-02,I,1,June/1991,1991,June,,ROM,LH53514,DMG-CVX-0 S LH5314E6 JAPAN B1 9127 D,Sharp,Week 27/1991,1991,,27,Mapper,MBC1B,Nintendo DMG MBC1B N 9109BA007,NEC,Week 9/1991,1991,,9,,,,,,,,,,,,,,,,,,,,,,,,,,,,,,,,,,,,,,,,,,,,,,,,,,,,,,,,,,,
DMG-CWE-0,Entry #1,3615retro-1,https://gbhwdb.gekkio.fi/cartridges/DMG-CWE-0/3615retro-1.html,3615Retro,"Castlevania II - Belmont's Revenge (USA, Europe)",DMG-CW-FAH,22,DMG-BEAN-02,Ca,2,October/1992,1992,October,,ROM,TC531001CF,TOSHIBA 9249EAI TC531001CF DMG-CWE-0 C1 J566 JAPAN,Toshiba,Week 49/1992,1992,,49,Mapper,MBC1B1,DMG MBC1B1 Nintendo S 9249 1 A,Sharp,Week 49/1992,1992,,49,,,,,,,,,,,,,,,,,,,,,,,,,,,,,,,,,,,,,,,,,,,,,,,,,,,,,,,,8875c8fe,7c65e9da405d2225d079f75e56276822,696b9ad1e9cfb7112977c9a7c05cf64fe8423d8a,17570ceec1b22153604622c4412d048dd8f7ccb4626daf9ddea96de8a062dbf2
DMG-CWJ-0,Entry #1,granmastro-1,https://gbhwdb.gekkio.fi/cartridges/DMG-CWJ-0/granmastro-1.html,Granmastro,Dracula Densetsu II (Japan),DMG-CWJ,,DMG-BEAN-02,I,4,June/1991,1991,June,,ROM,MN231100S-NLH,DMG-CWJ-0 C1 MN231100S-NLH 16651 P,Panasonic,,,,,Mapper,MBC1B,DMG MBC1B Nintendo S 9123 5 A,Sharp,Week 23/1991,1991,,23,,,,,,,,,,,,,,,,,,,,,,,,,,,,,,,,,,,,,,,,,,,,,,,,,,,,,,,,,,,
DMG-D7X-0,Entry #1,ikk5-1,https://gbhwdb.gekkio.fi/cartridges/DMG-D7X-0/ikk5-1.html,ikk5,DuckTales 2 (Europe),DMG-D7-FAH,23,DMG-BEAN-02,I,6,August/1994,1994,August,,ROM,LH530800A,DMG-D7X-0 S LH531H2J JAPAN C1 9435 D,Sharp,Week 35/1994,1994,,35,Mapper,MBC1B1,DMG MBC1B1 Nintendo S 9431 3 A,Sharp,Week 31/1994,1994,,31,,,,,,,,,,,,,,,,,,,,,,,,,,,,,,,,,,,,,,,,,,,,,,,,,,,,,,,,,,,
DMG-D8E-0,Entry #1,ikk5-1,https://gbhwdb.gekkio.fi/cartridges/DMG-D8E-0/ikk5-1.html,ikk5,"Pinball Dreams (USA, Europe)",DMG-D8-UKV,00,DMG-BEAN-02,Y,2,October/1996,1996,October,,ROM,LH530800A,DMG-D8E-0 S LH531H6A JAPAN C1 9642 E,Sharp,Week 42/1996,1996,,42,Mapper,MBC1B1,DMG MBC1B1 Nintendo S 9641 1 A,Sharp,Week 41/1996,1996,,41,,,,,,,,,,,,,,,,,,,,,,,,,,,,,,,,,,,,,,,,,,,,,,,,,,,,,,,,,,,
DMG-DCX-0,Entry #1,mattcurrie-1,https://gbhwdb.gekkio.fi/cartridges/DMG-DCX-0/mattcurrie-1.html,mattcurrie,Darkwing Duck (Europe),DMG-DC-AUS,22,DMG-BEAN-10,I,2,May/1998,1998,May,,ROM,LH530800A,DMG-DCX-0 S LH531HZ9 JAPAN C1 9824 E,Sharp,Week 24/1998,1998,,24,Mapper,MBC1B,DMG MBC1-B Nintendo P 8'33,Panasonic,March/1998,1998,March,,,,,,,,,,,,,,,,,,,,,,,,,,,,,,,,,,,,,,,,,,,,,,,,,,,,,,,,,,,,
DMG-DDE-0,Entry #1,gekkio-1,https://gbhwdb.gekkio.fi/cartridges/DMG-DDE-0/gekkio-1.html,gekkio,"Double Dragon (USA, Europe)",DMG-DD-USA,05,DMG-BEAN-01,B,3,June/1990,1990,June,,ROM,LH530800,DMG-DDE-0 S LH5308NH JAPAN C1 9029 E,Sharp,Week 29/1990,1990,,29,Mapper,MBC1B,Nintendo DMG MBC1B N 9019BA012,NEC,Week 19/1990,1990,,19,,,,,,,,,,,,,,,,,,,,,,,,,,,,,,,,,,,,,,,,,,,,,,,,,,,,,,,,,,,75f902ab8674c3cd379438fbd54cfe7e87ca3ddf9727679547261d1b77db720b
DMG-DDE-0,Entry #1,ikk5-1,https://gbhwdb.gekkio.fi/cartridges/DMG-DDE-0/ikk5-1.html,ikk5,"Double Dragon (USA, Europe)",DMG-DD-FAH,22,DMG-BEAN-02,I,3,July/1991,1991,July,,ROM,LH530800,DMG-DDE-0 S LH5308NH JAPAN C1 9129 E,Sharp,Week 29/1991,1991,,29,Mapper,MBC1B,DMG MBC1B Nintendo S 9129 1 A,Sharp,Week 29/1991,1991,,29,,,,,,,,,,,,,,,,,,,,,,,,,,,,,,,,,,,,,,,,,,,,,,,,,,,,,,,,,,,
DMG-DDE-0,Entry #1,jan-spakula-1,https://gbhwdb.gekkio.fi/cartridges/DMG-DDE-0/jan-spakula-1.html,Jan Spakula,"Double Dragon (USA, Europe)",DMG-DD-UKV,23,DMG-BEAN-02,T,6,July/1991,1991,July,,ROM,LH530800,DMG-DDE-0 S LH5308NH JAPAN C1 9129 E,Sharp,Week 29/1991,1991,,29,Mapper,MBC1B,DMG MBC1-B Nintendo P 1'67,Panasonic,June/1991,1991,June,,,,,,,,,,,,,,,,,,,,,,,,,,,,,,,,,,,,,,,,,,,,,,,,,,,,,,,,,,,,
DMG-DFE-0,Entry #1,3615retro-1,https://gbhwdb.gekkio.fi/cartridges/DMG-DFE-0/3615retro-1.html,3615Retro,"Kid Dracula (USA, Europe)",DMG-DF-FAH,22,DMG-BEAN-02,B,3,April/1993,1993,April,,ROM,,JAPAN DMG-DFE-0 D1 1P2 AK 9321 R18,Fujitsu,Week 21/1993,1993,,21,Mapper,MBC1B,DMG MBC1-B Nintendo P 3'10,Panasonic,January/1993,1993,January,,,,,,,,,,,,,,,,,,,,,,,,,,,,,,,,,,,,,,,,,,,,,,,,,,,,,,,,,f27294b7,24a6b4457a511cc667e9ac25417401ab,f186833a2ccec808210eb4ba669f08401f950e23,b0a1019b6199c923a6a764c15e7bf6d1bb0bef8a042c383f3e3ead74ab171ede
DMG-DFE-0,Entry #1,ikk5-1,https://gbhwdb.gekkio.fi/cartridges/DMG-DFE-0/ikk5-1.html,ikk5,"Kid Dracula (USA, Europe)",DMG-DF-UKV,23,DMG-BEAN-02,Ca,3,March/1993,1993,March,,ROM,,JAPAN DMG-DFE-0 D1 1P2 AK 9315 R13,Fujitsu,Week 15/1993,1993,,15,Mapper,MBC1B,Nintendo DMG MBC1B N 9314BA029,NEC,Week 14/1993,1993,,14,,,,,,,,,,,,,,,,,,,,,,,,,,,,,,,,,,,,,,,,,,,,,,,,,,,,,,,,,,,
DMG-DFJ-0,Entry #1,der-gespenster-1,https://gbhwdb.gekkio.fi/cartridges/DMG-DFJ-0/der-gespenster-1.html,Der Gespenster,Akumajou Special - Boku Dracula-kun (Japan),DMG-DFJ,22,DMG-BEAN-02,B,5,November/1992,1992,November,,ROM,LH532100,DMG-DFJ-0 S LH5321FL JAPAN D1 9249 D,Sharp,Week 49/1992,1992,,49,Mapper,MBC1B1,DMG MBC1B1 Nintendo S 9208 7 A,Sharp,Week 8/1992,1992,,8,,,,,,,,,,,,,,,,,,,,,,,,,,,,,,,,,,,,,,,,,,,,,,,,,,,,,,,,,,,
DMG-DIJ-0,Entry #1,mattcurrie-1,https://gbhwdb.gekkio.fi/cartridges/DMG-DIJ-0/mattcurrie-1.html,mattcurrie,Daiku no Gen-san - Ghost Building Company (Japan),DMG-DIJ,22,DMG-BEAN-02,I,2,May/1992,1992,May,,ROM,,DMG-DIJ-0 S LH532D17 JAPAN D1 9223 D,Sharp,Week 23/1992,1992,,23,Mapper,MBC1B,DMG MBC1B Nintendo J9217BR,Motorola,Week 17/1992,1992,,17,,,,,,,,,,,,,,,,,,,,,,,,,,,,,,,,,,,,,,,,,,,,,,,,,,,,,,,,,,,
DMG-DLX-0,Entry #1,ikk5-1,https://gbhwdb.gekkio.fi/cartridges/DMG-DLX-0/ikk5-1.html,ikk5,Dragon's Lair - The Legend (Europe),DMG-DL-SCN,22,DMG-BEAN-02,I,6,November/1991,1991,November,,ROM,LH530800,DMG-DLX-0 S LH5308B9 JAPAN C1 9203 D,Sharp,Week 3/1992,1992,,3,Mapper,MBC1B,DMG MBC1B Nintendo S 9203 5 AB,Sharp,Week 3/1992,1992,,3,,,,,,,,,,,,,,,,,,,,,,,,,,,,,,,,,,,,,,,,,,,,,,,,,,,,,,,,,,,
DMG-DTX-0,Entry #1,ikk5-1,https://gbhwdb.gekkio.fi/cartridges/DMG-DTX-0/ikk5-1.html,ikk5,DuckTales (Europe),DMG-DT-FAH,23,DMG-BEAN-02,I,6,June/1991,1991,June,,ROM,LH53514,DMG-DTX-0 S LH5314E8 JAPAN B1 9129 E,Sharp,Week 29/1991,1991,,29,Mapper,MBC1B,Nintendo DMG MBC1B N 9108BA021,NEC,Week 8/1991,1991,,8,,,,,,,,,,,,,,,,,,,,,,,,,,,,,,,,,,,,,,,,,,,,,,,,,,,,,,,,,,,
DMG-DTX-0,Entry #1,louhike-1,https://gbhwdb.gekkio.fi/cartridges/DMG-DTX-0/louhike-1.html,Louhike,DuckTales (Europe),DMG-DT-EUR,22,DMG-BEAN-10,Y,6,October/1997,1997,October,,ROM,LH53517,DMG-DTX-0 S LH5317VH JAPAN B1 9830 E,Sharp,Week 30/1998,1998,,30,Mapper,MBC1B,DMG MBC1-B Nintendo P 8'52,Panasonic,May/1998,1998,May,,,,,,,,,,,,,,,,,,,,,,,,,,,,,,,,,,,,,,,,,,,,,,,,,,,,,,,,,,,,
DMG-DTX-0,Entry #1,mattcurrie-1,https://gbhwdb.gekkio.fi/cartridges/DMG-DTX-0/mattcurrie-1.html,mattcurrie,DuckTales (Europe),DMG-DT-NOE,23,DMG-BEAN-02,I,1,March/1992,1992,March,,ROM,LH53514,DMG-DTX-0 S LH5314E8 JAPAN B1 9214 E,Sharp,Week 14/1992,1992,,14,Mapper,MBC1B,Nintendo DMG MBC1B N 9207BA053,NEC,Week 7/1992,1992,,7,,,,,,,,,,,,,,,,,,,,,,,,,,,,,,,,,,,,,,,,,,,,,,,,,,,,,,,,,,,
DMG-EAE-0,Entry #1,ikk5-1,https://gbhwdb.gekkio.fi/cartridges/DMG-EAE-0/ikk5-1.html,ikk5,"Elevator Action (USA, Europe)",DMG-EA-NOE,23,DMG-BEAN-02,I,2,January/1992,1992,January,,ROM,LH53514,DMG-EAE-0 S LH5314ED JAPAN B1 9204 E,Sharp,Week 4/1992,1992,,4,Mapper,MBC1B,DMG MBC1B Nintendo J9151BR,Motorola,Week 51/1991,1991,,51,,,,,,,,,,,,,,,,,,,,,,,,,,,,,,,,,,,,,,,,,,,,,,,,,,,,,,,,,,,
DMG-ECJ-0,Entry #1,beckybecky125-1,https://gbhwdb.gekkio.fi/cartridges/DMG-ECJ-0/beckybecky125-1.html,beckybecky125,X (Japan),DMG-ECJ,23,DMG-GDAN-03,I,2,May/1992,1992,May,,ROM,,JAPAN DMG-ECJ-0 D1 2N2 AK 9220 R05,Fujitsu,Week 20/1992,1992,,20,Mapper,MBC2A,DMG MBC2-A Nintendo P 2'13,Panasonic,January/1992,1992,January,,Supervisor & Reset,MM1026A,1L51 26A,Mitsumi,1991,1991,,,,,,,,,,,,,,,,,,,,,,,,,,,,,,,,,,,,,,,,,,,CR1616,92-02,,February/1992,1992,February,,75e1d268,988516a3d733132af304b1c6710a923a,c72f0b494ceba72db244266cb29e4d2b4d514263,d6b1e41a17244770ba3675efc73ea19cc049cb413bf6c29125b6983c6f800f61
DMG-EEE-0,Entry #1,tobiasvl-1,https://gbhwdb.gekkio.fi/cartridges/DMG-EEE-0/tobiasvl-1.html,tobiasvl,"Wario Blast Featuring Bomberman! (USA, Europe) (SGB Enhanced)",DMG-EE-UKV,23,DMG-BEAN-02,I,4,November/1994,1994,November,,ROM,TC532000BF,TOSHIBA 9448EAI TC532000BF DMG-EEE-0 D1 N875 JAPAN,Toshiba,Week 48/1994,1994,,48,Mapper,MBC1B,Nintendo DMG MBC1B N 9423BA014,NEC,Week 23/1994,1994,,23,,,,,,,,,,,,,,,,,,,,,,,,,,,,,,,,,,,,,,,,,,,,,,,,,,,,,,,,,,,
DMG-EHX-0,Entry #1,3615retro-1,https://gbhwdb.gekkio.fi/cartridges/DMG-EHX-0/3615retro-1.html,3615Retro,"Tetris 2 (USA, Europe) (SGB Enhanced)",DMG-EH-FAH,23,DMG-BEAN-02,I,2,June/1994,1994,June,,ROM,μPD23C1001EAGW,Ⓜ AT&T JAPAN DMG-EHX-0 C1 23C1001EAGW-K66 9425E9008,AT&T Technologies,Week 25/1994,1994,,25,Mapper,MBC1B1,DMG MBC1B1 Nintendo S 9414 7 A,Sharp,Week 14/1994,1994,,14,,,,,,,,,,,,,,,,,,,,,,,,,,,,,,,,,,,,,,,,,,,,,,,,,,,,,,,,ea19a9d9,0a2e27e279ee4faac326b0cf620b269b,1f88be9dea864eaa74c3b5ce3488e61139818e8d,2c3bc48a4ec9b6c640b83ce6524570f472db329d4a96d0b527b34abd42b7d695
DMG-EMX-0,Entry #1,ikk5-1,https://gbhwdb.gekkio.fi/cartridges/DMG-EMX-0/ikk5-1.html,ikk5,"Chessmaster, The (Europe)",DMG-EM-FAH,22,DMG-BEAN-02,I,3,October/1992,1992,October,,ROM,LH53514,DMG-EMX-0 S LH5314F7 JAPAN B1 9244 D,Sharp,Week 44/1992,1992,,44,Mapper,MBC1B1,DMG MBC1B1 Nintendo S 9224 3 A,Sharp,Week 24/1992,1992,,24,,,,,,,,,,,,,,,,,,,,,,,,,,,,,,,,,,,,,,,,,,,,,,,,,,,,,,,,,,,
DMG-F1A-1,Entry #1,3615retro-1,https://gbhwdb.gekkio.fi/cartridges/DMG-F1A-1/3615retro-1.html,3615Retro,F-1 Race (World) (Rev 1),DMG-F1-EUR,20A,DMG-GDAN-10,I,4,December/1997,1997,December,,ROM,LH530800A,DMG-F1A-1 S LH531H2M JAPAN C1 9806 E,Sharp,Week 6/1998,1998,,6,Mapper,MBC2A,DMG MBC2A Nintendo S 9750 7 AB,Sharp,Week 50/1997,1997,,50,Supervisor & Reset,BA6129A,6129A 7C62,ROHM,December/1997,1997,December,,,,,,,,,,,,,,,,,,,,,,,,,,,,,,,,,,,,,,,,,,CR1616,,,,,,,ab83bd70,8ac5c061641b2a8b4c44b46ef693aeef,0256082f482af57e0472f5713a432a22bfa4d2fc,32ff6a1b3e5a53584dfe9e90ce5311b5afac48c9e0d2c0a3ac81fc39d333a961
DMG-F1A-1,Entry #1,beckybecky125-1,https://gbhwdb.gekkio.fi/cartridges/DMG-F1A-1/beckybecky125-1.html,beckybecky125,F-1 Race (World) (Rev 1),DMG-F1-USA-1,22A,DMG-GDAN-10,I,1,March/1998,1998,March,,ROM,μPD23C1001EUGW,DMG-F1A-1 C1 N-1001EUGW-J17 9812E7031,NEC,Week 12/1998,1998,,12,Mapper,MBC2A,DMG MBC2-A Nintendo P 8'27,Panasonic,February/1998,1998,February,,Supervisor & Reset,BA6129A,6129A 8274,ROHM,February/1998,1998,February,,,,,,,,,,,,,,,,,,,,,,,,,,,,,,,,,,,,,,,,,,CR1616,97-12,,December/1997,1997,December,,ab83bd70,8ac5c061641b2a8b4c44b46ef693aeef,0256082f482af57e0472f5713a432a22bfa4d2fc,32ff6a1b3e5a53584dfe9e90ce5311b5afac48c9e0d2c0a3ac81fc39d333a961
DMG-F1A-1,Entry #2,beckybecky125-2,https://gbhwdb.gekkio.fi/cartridges/DMG-F1A-1/beckybecky125-2.html,beckybecky125,F-1 Race (World) (Rev 1),DMG-F1-USA,23A,DMG-GDAN-03,I,6,June/1991,1991,June,,ROM,μPD23C1001EAGW,DMG-F1A-1 C1 N-1001EAGW-J02 9138K9003,NEC,Week 38/1991,1991,,38,Mapper,MBC2A,Nintendo DMG MBC2A N 9130CA018,NEC,Week 30/1991,1991,,30,Supervisor & Reset,MM1026A,1951 26A,Mitsumi,1991,1991,,,,,,,,,,,,,,,,,,,,,,,,,,,,,,,,,,,,,,,,,,,CR1616,91-09,,September/1991,1991,September,,ab83bd70,8ac5c061641b2a8b4c44b46ef693aeef,0256082f482af57e0472f5713a432a22bfa4d2fc,32ff6a1b3e5a53584dfe9e90ce5311b5afac48c9e0d2c0a3ac81fc39d333a961
DMG-F1A-1,Entry #1,ben-black-1,https://gbhwdb.gekkio.fi/cartridges/DMG-F1A-1/ben-black-1.html,Ben Black,F-1 Race (World) (Rev 1),DMG-F1-USA,23A,DMG-GDAN-03,I,6,July/1991,1991,July,,ROM,LH530800,DMG-F1A-1 S LH5308PS JAPAN C1 9128 E,Sharp,Week 28/1991,1991,,28,Mapper,MBC2A,Nintendo DMG MBC2A N 9126CA040,NEC,Week 26/1991,1991,,26,Supervisor & Reset,MM1026A,165 26A,Mitsumi,1991,1991,,,,,,,,,,,,,,,,,,,,,,,,,,,,,,,,,,,,,,,,,,,CR1616,,,,,,,,,,
DMG-F1A-1,Entry #1,gekkio-1,https://gbhwdb.gekkio.fi/cartridges/DMG-F1A-1/gekkio-1.html,gekkio,F-1 Race (World) (Rev 1),DMG-F1-EUR,,DMG-GDAN-10,I,3,August/1998,1998,August,,ROM,LH530800A,DMG-F1A-1 S LH531H2M JAPAN C1 9838 D,Sharp,Week 38/1998,1998,,38,Mapper,MBC2A,DMG MBC2-A Nintendo P 8'73,Panasonic,July/1998,1998,July,,Supervisor & Reset,BA6129A,6129A 8R42,ROHM,1998,1998,,,,,,,,,,,,,,,,,,,,,,,,,,,,,,,,,,,,,,,,,,,CR1616,98-08,Maxell,August/1998,1998,August,,,,,32ff6a1b3e5a53584dfe9e90ce5311b5afac48c9e0d2c0a3ac81fc39d333a961
DMG-F1A-1,Entry #2,gekkio-2,https://gbhwdb.gekkio.fi/cartridges/DMG-F1A-1/gekkio-2.html,gekkio,F-1 Race (World) (Rev 1),DMG-F1-EUR,22A,DMG-GDAN-10,I,3,May/1997,1997,May,,ROM,LH530800A,DMG-F1A-1 S LH531H2M JAPAN C1 9721 E,Sharp,Week 21/1997,1997,,21,Mapper,MBC2A,DMG MBC2A Nintendo S 9716 5 AB,Sharp,Week 16/1997,1997,,16,Supervisor & Reset,MM1026A,713 26A,Mitsumi,1997,1997,,,,,,,,,,,,,,,,,,,,,,,,,,,,,,,,,,,,,,,,,,,CR1616,97-05,,May/1997,1997,May,,,,,32ff6a1b3e5a53584dfe9e90ce5311b5afac48c9e0d2c0a3ac81fc39d333a961
DMG-F1A-1,Entry #3,gekkio-3,https://gbhwdb.gekkio.fi/cartridges/DMG-F1A-1/gekkio-3.html,gekkio,F-1 Race (World) (Rev 1),DMG-F1-SCN,23A,DMG-GDAN-03,I,4,June/1991,1991,June,,ROM,LH530800,DMG-F1A-1 S LH5308PS JAPAN C1 9126 E,Sharp,Week 26/1991,1991,,26,Mapper,MBC2A,DMG MBC2-A Nintendo P 1'59,Panasonic,May/1991,1991,May,,Supervisor & Reset,MM1026A,165 26A,Mitsumi,1991,1991,,,,,,,,,,,,,,,,,,,,,,,,,,,,,,,,,,,,,,,,,,,CR1616,91-06,Maxell,June/1991,1991,June,,,,,
DMG-F1A-1,Entry #1,granmastro-1,https://gbhwdb.gekkio.fi/cartridges/DMG-F1A-1/granmastro-1.html,Granmastro,F-1 Race (World) (Rev 1),DMG-F1-EUR,,DMG-GDAN-10,I,4,September/1997,1997,September,,ROM,LH530800A,DMG-F1A-1 S LH531H2M JAPAN C1 9738 D,Sharp,Week 38/1997,1997,,38,Mapper,MBC2A,DMG MBC2A Nintendo S 9737 5 AB,Sharp,Week 37/1997,1997,,37,Supervisor & Reset,BA6129A,6129A 7985,ROHM,September/1997,1997,September,,,,,,,,,,,,,,,,,,,,,,,,,,,,,,,,,,,,,,,,,,CR1616,,,,,,,,,,
DMG-F1A-1,Entry #1,mattcurrie-1,https://gbhwdb.gekkio.fi/cartridges/DMG-F1A-1/mattcurrie-1.html,mattcurrie,F-1 Race (World) (Rev 1),DMG-F1A,23A,DMG-GDAN-02,I,5,October/1990,1990,October,,ROM,LH530800,DMG-F1A-1 S LH5308PS JAPAN C1 9044 E,Sharp,Week 44/1990,1990,,44,Mapper,MBC2A,DMG MBC2A Nintendo S 9044 5 A,Sharp,Week 44/1990,1990,,44,Supervisor & Reset,MM1026A,0J5 26A,Mitsumi,1990,1990,,,,,,,,,,,,,,,,,,,,,,,,,,,,,,,,,,,,,,,,,,,CR1616,,,,,,,,,,
DMG-F4E-0,Entry #1,gekkio-1,https://gbhwdb.gekkio.fi/cartridges/DMG-F4E-0/gekkio-1.html,gekkio,"4-in-1 Fun Pak (USA, Europe)",DMG-F4-USA-1,22,DMG-BEAN-02,I,5,March/1995,1995,March,,ROM,μPD23C1001EAGW,STANDARD MICRO DMG-F4E-0 C1 23C1001EAGW-J72 9512E9002,Standard Microsystems Corporation,Week 12/1995,1995,,12,Mapper,MBC1B,DMG MBC1-B Nintendo P 5'29,Panasonic,February/1995,1995,February,,,,,,,,,,,,,,,,,,,,,,,,,,,,,,,,,,,,,,,,,,,,,,,,,,,,,,,,,,,,
DMG-F5E-0,Entry #1,ikk5-1,https://gbhwdb.gekkio.fi/cartridges/DMG-F5E-0/ikk5-1.html,ikk5,"F1 Pole Position (USA, Europe)",DMG-F5-UKV,00,DMG-BEAN-10,I,4,August/1997,1997,August,,ROM,,DMG-F5E-0 S LH532MAP JAPAN D1 9732 D,Sharp,Week 32/1997,1997,,32,Mapper,MBC1B1,DMG MBC1B1 Nintendo S 9732 1 A,Sharp,Week 32/1997,1997,,32,,,,,,,,,,,,,,,,,,,,,,,,,,,,,,,,,,,,,,,,,,,,,,,,,,,,,,,,,,,
DMG-FAE-0,Entry #1,gekkio-1,https://gbhwdb.gekkio.fi/cartridges/DMG-FAE-0/gekkio-1.html,gekkio,Faceball 2000 (USA),DMG-FA-USA,05,DMG-BEAN-02,I,2,October/1991,1991,October,,ROM,TC531001CF,TOSHIBA 9144EAI TC531001CF DMG-FAE-0 C1 J619 JAPAN,Toshiba,Week 44/1991,1991,,44,Mapper,MBC1B,DMG MBC1B Nintendo S 9144 3 AA,Sharp,Week 44/1991,1991,,44,,,,,,,,,,,,,,,,,,,,,,,,,,,,,,,,,,,,,,,,,,,,,,,,,,,,,,,,,,,7689773cb3f483aa7bfcef61aa965041b3d11cd88642083992d50c0856dc9ddd
DMG-FPA-0,Entry #1,mattcurrie-1,https://gbhwdb.gekkio.fi/cartridges/DMG-FPA-0/mattcurrie-1.html,mattcurrie,Flipull - An Exciting Cube Game (Japan) (En),DMG-FPA,05,DMG-AAA-02,I,5,January/1989,1989,January,,ROM,LH53259,DMG-FPA-0 SHARP JAPAN A0 9004 E,Sharp,Week 4/1990,1990,,4,,,,,,,,,,,,,,,,,,,,,,,,,,,,,,,,,,,,,,,,,,,,,,,,,,,,,,,,,,,,,,,,,,,
DMG-FPE-0,Entry #1,gekkio-1,https://gbhwdb.gekkio.fi/cartridges/DMG-FPE-0/gekkio-1.html,gekkio,Flipull (USA),DMG-FP-USA,20,DMG-AAA-02,T,3,February/1990,1990,February,,ROM,LH53259,DMG-FPE-0 SHARP JAPAN A0 9011 D,Sharp,Week 11/1990,1990,,11,,,,,,,,,,,,,,,,,,,,,,,,,,,,,,,,,,,,,,,,,,,,,,,,,,,,,,,,,,,,,,,,,,,23fe1e88229645354f665908eb0dcd39cd8f3fbbeebec4bd93d11f7740a478e4
DMG-G2E-0,Entry #1,3615retro-1,https://gbhwdb.gekkio.fi/cartridges/DMG-G2E-0/3615retro-1.html,3615Retro,"Gauntlet II (USA, Europe)",DMG-G2-FAH,23,DMG-BEAN-02,I,4,January/1992,1992,January,,ROM,TC532000BF,TOSHIBA 9205EAI TC532000BF DMG-G2E-0 D1 J571 JAPAN,Toshiba,Week 5/1992,1992,,5,Mapper,MBC1B,DMG MBC1B Nintendo S 9204 3 AB,Sharp,Week 4/1992,1992,,4,,,,,,,,,,,,,,,,,,,,,,,,,,,,,,,,,,,,,,,,,,,,,,,,,,,,,,,,1907dac5,cdca15cfd1645c02fe1cc327b772264e,dc37df322b54a5df5d04bc637e26b011b84598bf,b7774eb039d335d8870b28e05ff7bc0869c46d0accc0d7f467affd71bbae8871
DMG-G2E-0,Entry #1,gekkio-1,https://gbhwdb.gekkio.fi/cartridges/DMG-G2E-0/gekkio-1.html,gekkio,"Gauntlet II (USA, Europe)",DMG-G2-USA,22,DMG-BEAN-02,I,4,July/1991,1991,July,,ROM,TC532000BF,TOSHIBA 9127EAI TC532000BF DMG-G2E-0 D1 J571 JAPAN,Toshiba,Week 27/1991,1991,,27,Mapper,MBC1B,DMG MBC1B Nintendo S 9131 5 A,Sharp,Week 31/1991,1991,,31,,,,,,,,,,,,,,,,,,,,,,,,,,,,,,,,,,,,,,,,,,,,,,,,,,,,,,,,,,,b7774eb039d335d8870b28e05ff7bc0869c46d0accc0d7f467affd71bbae8871
DMG-G2E-0,Entry #2,gekkio-2,https://gbhwdb.gekkio.fi/cartridges/DMG-G2E-0/gekkio-2.html,gekkio,"Gauntlet II (USA, Europe)",DMG-G2-UKV,34,DMG-BEAN-02,B,6,January/1992,1992,January,,ROM,TC532000BF,TOSHIBA 9205EAI TC532000BF DMG-G2E-0 D1 J571 JAPAN,Toshiba,Week 5/1992,1992,,5,Mapper,MBC1B,Nintendo DMG MBC1B N 9204BA018,NEC,Week 4/1992,1992,,4,,,,,,,,,,,,,,,,,,,,,,,,,,,,,,,,,,,,,,,,,,,,,,,,,,,,,,,,,,,b7774eb039d335d8870b28e05ff7bc0869c46d0accc0d7f467affd71bbae8871
DMG-GAJ-0,Entry #1,granmastro-1,https://gbhwdb.gekkio.fi/cartridges/DMG-GAJ-0/granmastro-1.html,Granmastro,G Arms - Operation Gundam (Japan),DMG-GAJ,,DMG-BEAN-02,B,6,March/1991,1991,March,,ROM,LH530800,DMG-GAJ-0 S LH5308TS JAPAN C1 9114 E,Sharp,Week 14/1991,1991,,14,Mapper,MBC1B,DMG MBC1-B Nintendo P 0'07,Panasonic,October/1990,1990,October,,,,,,,,,,,,,,,,,,,,,,,,,,,,,,,,,,,,,,,,,,,,,,,,,,,,,,,,,,,,
DMG-GBE-0,Entry #1,ikk5-1,https://gbhwdb.gekkio.fi/cartridges/DMG-GBE-0/ikk5-1.html,ikk5,"Ghostbusters II (USA, Europe)",DMG-GB-FAH,05,DMG-BEAN-02,Y,3,December/1991,1991,December,,ROM,μPD23C1001EAGW,DMG-GBE-0 C1 N-1001EAGW-J51 9150K9019,NEC,Week 50/1991,1991,,50,Mapper,MBC1B,Nintendo DMG MBC1B N 9150BA004,NEC,Week 50/1991,1991,,50,,,,,,,,,,,,,,,,,,,,,,,,,,,,,,,,,,,,,,,,,,,,,,,,,,,,,,,,,,,
DMG-GCJ-0,Entry #1,granmastro-1,https://gbhwdb.gekkio.fi/cartridges/DMG-GCJ-0/granmastro-1.html,Granmastro,Ganbare Goemon - Sarawareta Ebisumaru (Japan),DMG-GCJ,,DMG-BEAN-02,I,3,,,,,ROM,LH532100,DMG-GCJ-0 S LH5321GA JAPAN D1 9148 D,Sharp,Week 48/1991,1991,,48,Mapper,MBC1B,DMG MBC1B Nintendo S 9148 5 AA,Sharp,Week 48/1991,1991,,48,,,,,,,,,,,,,,,,,,,,,,,,,,,,,,,,,,,,,,,,,,,,,,,,,,,,,,,,,,,
DMG-GKE-0,Entry #1,ikk5-1,https://gbhwdb.gekkio.fi/cartridges/DMG-GKE-0/ikk5-1.html,ikk5,Bonk's Adventure (USA),DMG-GK-USA,23,DMG-BEAN-02,I,3,October/1992,1992,October,,ROM,LH532100,DMG-GKE-0 S LH5321F9 JAPAN D1 9248 D,Sharp,Week 48/1992,1992,,48,Mapper,MBC1B,Nintendo DMG MBC1B N 9245BA018,NEC,Week 45/1992,1992,,45,,,,,,,,,,,,,,,,,,,,,,,,,,,,,,,,,,,,,,,,,,,,,,,,,,,,,,,,,,,
DMG-GKX-0,Entry #1,mattcurrie-1,https://gbhwdb.gekkio.fi/cartridges/DMG-GKX-0/mattcurrie-1.html,mattcurrie,B.C. Kid (Europe),DMG-GK-UKV,22,DMG-BEAN-02,B,6,June/1993,1993,June,,ROM,,JAPAN DMG-GKX-0 D1 1P0 AK 9328 R09,Fujitsu,Week 28/1993,1993,,28,Mapper,MBC1B1,DMG MBC1B1 Nintendo S 9226 5 A,Sharp,Week 26/1992,1992,,26,,,,,,,,,,,,,,,,,,,,,,,,,,,,,,,,,,,,,,,,,,,,,,,,,,,,,,,,,,,
DMG-GMA-0,Entry #1,mattcurrie-1,https://gbhwdb.gekkio.fi/cartridges/DMG-GMA-0/mattcurrie-1.html,mattcurrie,BurgerTime Deluxe (World),DMG-GM-NOE,05,DMG-BEAN-02,I,4,October/1991,1991,October,,ROM,LH53514,DMG-GMA-0 S LH5314UA JAPAN B1 9142 E,Sharp,Week 42/1991,1991,,42,Mapper,MBC1B,Nintendo DMG MBC1B N 9140BA023,NEC,Week 40/1991,1991,,40,,,,,,,,,,,,,,,,,,,,,,,,,,,,,,,,,,,,,,,,,,,,,,,,,,,,,,,,,,,
DMG-GOA-0,Entry #1,beckybecky125-1,https://gbhwdb.gekkio.fi/cartridges/DMG-GOA-0/beckybecky125-1.html,beckybecky125,Golf (World),DMG-GO-USA-1,22,DMG-GDAN-10,I,4,December/1997,1997,December,,ROM,LH530800A,DMG-GOA-0 S LH531H2L JAPAN C1 9750 E,Sharp,Week 50/1997,1997,,50,Mapper,MBC2A,DMG MBC2A Nintendo S 9746 3 AB,Sharp,Week 46/1997,1997,,46,Supervisor & Reset,MM1026A,742 26A,Mitsumi,1997,1997,,,,,,,,,,,,,,,,,,,,,,,,,,,,,,,,,,,,,,,,,,,CR1616,97-11,,November/1997,1997,November,,6ed10383,6175a5ef55a1998944267e75d8ebf79d,2acee1a14ba611e73b0b7d6bce170107213fcc0c,896d9ffbdfe35c802cdcb66b5a6ce84a4ad6bc356c85067904883944a621cbb4
DMG-GRA-0,Entry #1,kurodo-1,https://gbhwdb.gekkio.fi/cartridges/DMG-GRA-0/kurodo-1.html,Kurodo,Gremlins 2 - The New Batch (World),DMG-GR-FAH,05,DMG-BEAN-02,Y,6,December/1991,1991,December,,ROM,LH530800,DMG-GRA-0 S LH5308SI JAPAN C1 9151 E,Sharp,Week 51/1991,1991,,51,Mapper,MBC1B,Nintendo DMG MBC1B N 9149BA061,NEC,Week 49/1991,1991,,49,,,,,,,,,,,,,,,,,,,,,,,,,,,,,,,,,,,,,,,,,,,,,,,,,,,,,,,,,,,
DMG-GWJ-0,Entry #1,gekkio-1,https://gbhwdb.gekkio.fi/cartridges/DMG-GWJ-0/gekkio-1.html,gekkio,Game Boy Wars (Japan),DMG-GWJ,05,DMG-DECN-01,I,1,March/1991,1991,March,,ROM,TC532000BF,TOSHIBA 9114EAI TC532000BF DMG-GWJ-0 D1 J542 JAPAN,Toshiba,Week 14/1991,1991,,14,Mapper,MBC1B,DMG MBC1-B Nintendo P 0'D7,Panasonic,December/1990,1990,December,,RAM,LH5168NFA-10L,LH5168NFA-10L SHARP JAPAN 9103 3 SA,Sharp,Week 3/1991,1991,,3,Supervisor & Reset,MM1026A,135 26A,Mitsumi,1991,1991,,,,,,,,,,,,,,,,,,,,,,,,,,,,,,,,,,,CR1616,91-05,Maxell,May/1991,1991,May,,,,,0727cb5e298e1f87f757471b558965a2b8dfb01a5b8bffe7cce5a625673b55ef
DMG-GWJ-0,Entry #1,granmastro-1,https://gbhwdb.gekkio.fi/cartridges/DMG-GWJ-0/granmastro-1.html,Granmastro,Game Boy Wars (Japan),DMG-GWJ,,DMG-DECN-01,I,4,April/1991,1991,April,,ROM,LH532100,DMG-GWJ-0 S LH5321N8 JAPAN D1 9116 D,Sharp,Week 16/1991,1991,,16,Mapper,MBC1B,Nintendo DMG MBC1B N 9030BA055,NEC,Week 30/1990,1990,,30,RAM,LH5168NFA-10L,LH5168NFA-10L SHARP JAPAN 9051 1 SA,Sharp,Week 51/1990,1990,,51,Supervisor & Reset,MM1026A,145 26A,Mitsumi,1991,1991,,,,,,,,,,,,,,,,,,,,,,,,,,,,,,,,,,,CR1616,,,,,,,,,,
DMG-GWJ-0,Entry #1,louhike-1,https://gbhwdb.gekkio.fi/cartridges/DMG-GWJ-0/louhike-1.html,Louhike,Game Boy Wars (Japan),DMG-GWJ,03,DMG-DECN-01,I,5,April/1991,1991,April,,ROM,TC532000BF,TOSHIBA 9114EAI TC532000BF DMG-GWJ-0 D1 J542 JAPAN,Toshiba,Week 14/1991,1991,,14,Mapper,MBC1B,DMG MBC1B Nintendo S 9114 1 A,Sharp,Week 14/1991,1991,,14,RAM,LH5168NFA-10L,LH5168NFA-10L SHARP JAPAN 9049 3 SA,Sharp,Week 49/1990,1990,,49,Supervisor & Reset,MM1026A,145 26A,Mitsumi,1991,1991,,,,,,,,,,,,,,,,,,,,,,,,,,,,,,,,,,,CR1616,91-05,,May/1991,1991,May,,,,,
DMG-H2E-0,Entry #1,issotm-1,https://gbhwdb.gekkio.fi/cartridges/DMG-H2E-0/issotm-1.html,ISSOtm,"NBA All-Star Challenge 2 (USA, Europe)",DMG-H2-FAH,23,DMG-BEAN-02,I,5,June/1993,1993,June,,ROM,μPD23C1001EAGW,STANDARD MICRO DMG-H2E-0 C1 23C1001EAGW-J62 9328E9020,Standard Microsystems Corporation,Week 28/1993,1993,,28,Mapper,MBC1B1,DMG MBC1B1 Nintendo S 9226 3 A,Sharp,Week 26/1992,1992,,26,,,,,,,,,,,,,,,,,,,,,,,,,,,,,,,,,,,,,,,,,,,,,,,,,,,,,,,,,,,
DMG-HAE-0,Entry #1,gekkio-1,https://gbhwdb.gekkio.fi/cartridges/DMG-HAE-0/gekkio-1.html,gekkio,Heiankyo Alien (USA),DMG-HA-USA,00,DMG-AAA-03,I,6,March/1990,1990,March,,ROM,LH53259,DMG-HAE-0 SHARP JAPAN A0 9009 E,Sharp,Week 9/1990,1990,,9,,,,,,,,,,,,,,,,,,,,,,,,,,,,,,,,,,,,,,,,,,,,,,,,,,,,,,,,,,,,,,,,,,,3f9d3767803ec4d9ab9092a3326705a68693b9a036b74768f6029eac15d71c20
DMG-HBA-0,Entry #1,gekkio-1,https://gbhwdb.gekkio.fi/cartridges/DMG-HBA-0/gekkio-1.html,gekkio,Bomber Boy (Japan) (En),DMG-HBA,22,DMG-BEAN-02,I,1,February/1991,1991,February,,ROM,LH530800,DMG-HBA-0 S LH5308ND JAPAN C1 9113 D,Sharp,Week 13/1991,1991,,13,Mapper,MBC1B,DMG MBC1B Nintendo S 9107 5 A,Sharp,Week 7/1991,1991,,7,,,,,,,,,,,,,,,,,,,,,,,,,,,,,,,,,,,,,,,,,,,,,,,,,,,,,,,,,,,4bf5e484e7c0ae4db784560431402b26963ca12eb82eea7cd6587cbbb414402b
DMG-HBX-0,Entry #1,mattcurrie-1,https://gbhwdb.gekkio.fi/cartridges/DMG-HBX-0/mattcurrie-1.html,mattcurrie,Dynablaster (Europe),DMG-HB-AUS,05,DMG-BEAN-02,Y,3,November/1991,1991,November,,ROM,LH530800,DMG-HBX-0 S LH5308G6 JAPAN C1 9149 D,Sharp,Week 49/1991,1991,,49,Mapper,MBC1B,Nintendo DMG MBC1B N 9148BA054,NEC,Week 48/1991,1991,,48,,,,,,,,,,,,,,,,,,,,,,,,,,,,,,,,,,,,,,,,,,,,,,,,,,,,,,,,,,,
DMG-HDJ-0,Entry #1,marcao-cfh-1,https://gbhwdb.gekkio.fi/cartridges/DMG-HDJ-0/marcao-cfh-1.html,marcao_cfh,Daisenryaku (Japan),DMG-HDJ,23,DMG-GDAN-02,I,5,April/1991,1991,April,,ROM,μPD23C1001EGW,DMG-HDJ-0 C1 N-1001EGW-J44 9116E9023,NEC,Week 16/1991,1991,,16,Mapper,MBC2A,Nintendo DMG MBC2A N 9113CA008,NEC,Week 13/1991,1991,,13,Supervisor & Reset,MM1026A,145 26A,Mitsumi,1991,1991,,,,,,,,,,,,,,,,,,,,,,,,,,,,,,,,,,,,,,,,,,,CR1616,91-05,,May/1991,1991,May,,,,,
DMG-HFAJ-0,Entry #1,gekkio-1,https://gbhwdb.gekkio.fi/cartridges/DMG-HFAJ-0/gekkio-1.html,gekkio,Pocket Family GB (Japan) (SGB Enhanced),DMG-HFAJ-JPN,22,DMG-UEDT-01,I,3,September/1998,1998,September,,ROM,,DMG-HFAJ-0 S LHMN4MTI JAPAN E 9838 E,Sharp,Week 38/1998,1998,,38,Mapper,HuC-3,HuC-3 © HUDSON Nintendo 9824 A,Hudson,Week 24/1998,1998,,24,RAM,LH52256CT-10LL,LH52256CT-10LL SHARP JAPAN 9824 3 SF,Sharp,Week 24/1998,1998,,24,Supervisor & Reset,MM1026A,837 26A,Mitsumi,1998,1998,,,Hex inverter,TC74LVX04FT,LVX 04 8 04,Toshiba,Week 4/1998,1998,,4,,,,,,,,,,,,,,,,,Crystal,32.768 kHz,KDS8D,Daishinku,April/1998,1998,April,,CR2025,,,,,,,,,,2e8cdceaed2f5d911047bda5a8be2620f5bbda94497e12af348a47dc29356140
DMG-HFAJ-0,Entry #2,gekkio-2,https://gbhwdb.gekkio.fi/cartridges/DMG-HFAJ-0/gekkio-2.html,gekkio,Pocket Family GB (Japan) (SGB Enhanced),DMG-HFAJ-JPN,22,DMG-UEDT-01,I,6,September/1998,1998,September,,ROM,,DMG-HFAJ-0 S LHMN4MTI JAPAN E 9838 E,Sharp,Week 38/1998,1998,,38,Mapper,HuC-3,HuC-3 © HUDSON Nintendo 9825 A,Hudson,Week 25/1998,1998,,25,RAM,LH52256CT-10LL,LH52256CT-10LL SHARP JAPAN 9824 3 SF,Sharp,Week 24/1998,1998,,24,Supervisor & Reset,MM1026A,837 26A,Mitsumi,1998,1998,,,Hex inverter,TC74LVX04FT,LVX 04 8 04,Toshiba,Week 4/1998,1998,,4,,,,,,,,,,,,,,,,,Crystal,32.768 kHz,KDS8D,Daishinku,April/1998,1998,April,,CR2025,,,,,,,,,,2e8cdceaed2f5d911047bda5a8be2620f5bbda94497e12af348a47dc29356140
DMG-HFAJ-0,Entry #1,kay-kidoutai-1,https://gbhwdb.gekkio.fi/cartridges/DMG-HFAJ-0/kay-kidoutai-1.html,kay_kidoutai,Pocket Family GB (Japan) (SGB Enhanced),DMG-HFAJ-JPN,22,DMG-UEDT-01,I,2,July/1998,1998,July,,ROM,,DMG-HFAJ-0 S LHMN4MTI JAPAN E 9828 E,Sharp,Week 28/1998,1998,,28,Mapper,HuC-3,HuC-3 © HUDSON Nintendo 9824 A,Hudson,Week 24/1998,1998,,24,RAM,LH52256CT-10LL,LH52256CT-10LL SHARP JAPAN 9824 3 SF,Sharp,Week 24/1998,1998,,24,Supervisor & Reset,BA6129A,6129A 8M11,ROHM,1998,1998,,,Hex inverter,TC74LVX04FT,LVX 04 8 24,Toshiba,Week 24/1998,1998,,24,,,,,,,,,,,,,,,,,Crystal,,,,,,,,CR2025,,,,,,,,,,
DMG-HFE-0,Entry #1,gekkio-1,https://gbhwdb.gekkio.fi/cartridges/DMG-HFE-0/gekkio-1.html,gekkio,"Hunt for Red October, The (USA, Europe)",DMG-HF-USA,01,DMG-BEAN-02,B,6,March/1991,1991,March,,ROM,LH530800,DMG-HFE-0 S LH5308UO JAPAN C1 9113 E,Sharp,Week 13/1991,1991,,13,Mapper,MBC1B,DMG MBC1B Nintendo S 9112 5 A,Sharp,Week 12/1991,1991,,12,,,,,,,,,,,,,,,,,,,,,,,,,,,,,,,,,,,,,,,,,,,,,,,,,,,,,,,,,,,0ea3c547fb5f74c99cc721d45886ca0ad2fea032b6648a82046351251f754eae
DMG-HLA-1,Entry #1,gekkio-1,https://gbhwdb.gekkio.fi/cartridges/DMG-HLA-1/gekkio-1.html,gekkio,Hyper Lode Runner (World) (Rev 1),DMG-HLA,05A,DMG-AAA-01,I,3,August/1989,1989,August,,ROM,LH53259,DMG-HLA-1 SHARP JAPAN A0 8934 D,Sharp,Week 34/1989,1989,,34,,,,,,,,,,,,,,,,,,,,,,,,,,,,,,,,,,,,,,,,,,,,,,,,,,,,,,,,,,,,,,,,,,,bc551a36b67b18b64a21320a51db6d2025930991437d15b5d53f1217a942bd0f
DMG-HLA-1,Entry #1,mattcurrie-1,https://gbhwdb.gekkio.fi/cartridges/DMG-HLA-1/mattcurrie-1.html,mattcurrie,Hyper Lode Runner (World) (Rev 1),DMG-HLA,05A,DMG-AAA-02,B,2,November/1989,1989,November,,ROM,LH53259,DMG-HLA-1 SHARP JAPAN A0 8949 D,Sharp,Week 49/1989,1989,,49,,,,,,,,,,,,,,,,,,,,,,,,,,,,,,,,,,,,,,,,,,,,,,,,,,,,,,,,,,,,,,,,,,,
DMG-HQE-0,Entry #1,gekkio-1,https://gbhwdb.gekkio.fi/cartridges/DMG-HQE-0/gekkio-1.html,gekkio,"Chase H.Q. (USA, Europe)",DMG-HQ-USA,22,DMG-BEAN-02,B,3,February/1991,1991,February,,ROM,μPD23C1001EGW,DMG-HQE-0 C1 N-1001EGW-J23 9110E9001,NEC,Week 10/1991,1991,,10,Mapper,MBC1B,DMG MBC1B Nintendo S 9109 1 A,Sharp,Week 9/1991,1991,,9,,,,,,,,,,,,,,,,,,,,,,,,,,,,,,,,,,,,,,,,,,,,,,,,,,,,,,,,,,,4424900339aad0514538250aaea1d407869dad2b0df7310b8ce778de8c35c5c3
DMG-HQJ-0,Entry #1,mattcurrie-1,https://gbhwdb.gekkio.fi/cartridges/DMG-HQJ-0/mattcurrie-1.html,mattcurrie,Taito Chase H.Q. (Japan),DMG-HQJ,23,DMG-BEAN-01,I,3,November/1990,1990,November,,ROM,LH530800,DMG-HQJ-0 S LH5308S3 JAPAN C1 9049 D,Sharp,Week 49/1990,1990,,49,Mapper,MBC1B,Nintendo DMG MBC1B N 9035BA026,NEC,Week 35/1990,1990,,35,,,,,,,,,,,,,,,,,,,,,,,,,,,,,,,,,,,,,,,,,,,,,,,,,,,,,,,,,,,
DMG-HRCJ-0,Entry #1,gekkio-1,https://gbhwdb.gekkio.fi/cartridges/DMG-HRCJ-0/gekkio-1.html,gekkio,Robot Poncots - Star Version (Japan) (SGB Enhanced) (GB Compatible),DMG-HRCJ-JPN,22,DMG-UFDT-01,I,1,November/1998,1998,November,,ROM,,DMG-HRCJ-0 S LH5S8MTI JAPAN F 9846 E,Sharp,Week 46/1998,1998,,46,Mapper,HuC-3,HuC-3 © HUDSON Nintendo 9845 A,Hudson,Week 45/1998,1998,,45,RAM,LH52256CT-10LL,LH52256CT-10LL SHARP JAPAN 9842 7 SS,Sharp,Week 42/1998,1998,,42,Supervisor & Reset,MM1134A,838 134A,Mitsumi,Week 38/1998,1998,,38,Hex inverter,TC74LVX04FT,LVX 04 8 45,Toshiba,Week 45/1998,1998,,45,,,,,,,,,,,,,,,,,Crystal,32.768 kHz,KDS8K,Daishinku,October/1998,1998,October,,CR2025,,,,,,,,,,a0bafdead828c50ec412293b0d004c78564c3ae8ae5f295c2b46e6ed4e0d4818
DMG-HRCJ-0,Entry #2,gekkio-2,https://gbhwdb.gekkio.fi/cartridges/DMG-HRCJ-0/gekkio-2.html,gekkio,Robot Poncots - Star Version (Japan) (SGB Enhanced) (GB Compatible),DMG-HRCJ-JPN,22,DMG-UFDT-01,I,2,November/1998,1998,November,,ROM,,DMG-HRCJ-0 S LH5S8MTI JAPAN F 9846 E,Sharp,Week 46/1998,1998,,46,Mapper,HuC-3,HuC-3 © HUDSON Nintendo 9842 A,Hudson,Week 42/1998,1998,,42,RAM,LH52256CT-10LL,LH52256CT-10LL SHARP JAPAN 9824 3 SF,Sharp,Week 24/1998,1998,,24,Supervisor & Reset,MM1134A,842 134A,Mitsumi,Week 42/1998,1998,,42,Hex inverter,TC74LVX04FT,LVX 04 8 24,Toshiba,Week 24/1998,1998,,24,,,,,,,,,,,,,,,,,Crystal,32.768 kHz,KDS8K,Daishinku,October/1998,1998,October,,CR2025,,,,,,,,,,a0bafdead828c50ec412293b0d004c78564c3ae8ae5f295c2b46e6ed4e0d4818
DMG-HREJ-0,Entry #1,endrift-1,https://gbhwdb.gekkio.fi/cartridges/DMG-HREJ-0/endrift-1.html,endrift,Robot Poncots - Sun Version (Japan) (SGB Enhanced) (GB Compatible),DMG-HREJ-JPN,22,DMG-UFDT-01,I,2,November/1998,1998,November,,ROM,,DMG-HREJ-0 S LH5S8MT0 JAPAN F 9846 E,Sharp,Week 46/1998,1998,,46,Mapper,HuC-3,HuC-3 © HUDSON Nintendo 9842 A,Hudson,Week 42/1998,1998,,42,RAM,LH52256CT-10LL,LH52256CT-10LL SHARP JAPAN 9844 5 SS,Sharp,Week 44/1998,1998,,44,Supervisor & Reset,MM1134A,838 134A,Mitsumi,Week 38/1998,1998,,38,Hex inverter,TC74LVX04FT,LVX 04 8 45,Toshiba,Week 45/1998,1998,,45,,,,,,,,,,,,,,,,,Crystal,,,,,,,,CR2025,,,,,,,,,,
DMG-HSX-0,Entry #1,granmastro-1,https://gbhwdb.gekkio.fi/cartridges/DMG-HSX-0/granmastro-1.html,Granmastro,Hook (Europe),DMG-HS-ITA,,DMG-BEAN-02,I,5,April/1992,1992,April,,ROM,μPD23C1001EAGW,STANDARD MICRO DMG-HSX-0 C1 23C1001EAGW-J60 9214K9014,Standard Microsystems Corporation,Week 14/1992,1992,,14,Mapper,MBC1B,Nintendo DMG MBC1B N 9209BA023,NEC,Week 9/1992,1992,,9,,,,,,,,,,,,,,,,,,,,,,,,,,,,,,,,,,,,,,,,,,,,,,,,,,,,,,,,,,,
DMG-HUX-0,Entry #1,mattcurrie-1,https://gbhwdb.gekkio.fi/cartridges/DMG-HUX-0/mattcurrie-1.html,mattcurrie,"Humans, The (Europe) (En,Fr,De,Es,It)",DMG-HU-UKV,23,DMG-BEAN-02,B,2,October/1993,1993,October,,ROM,,DMG-HUX-0 S LH532MAZ JAPAN D1 9349 D,Sharp,Week 49/1993,1993,,49,Mapper,MBC1B1,DMG MBC1B1 Nintendo S 9346 5 A,Sharp,Week 46/1993,1993,,46,,,,,,,,,,,,,,,,,,,,,,,,,,,,,,,,,,,,,,,,,,,,,,,,,,,,,,,,,,,
DMG-I5X-0,Entry #1,beckybecky125-1,https://gbhwdb.gekkio.fi/cartridges/DMG-I5X-0/beckybecky125-1.html,beckybecky125,"Mickey Mouse - Magic Wands! (USA, Europe) (SGB Enhanced)",DMG-I5-USA,20,DMG-BEAN-10,K,2,March/1998,1998,March,,ROM,LH530800A,DMG-I5X-0 S LH531HPE JAPAN C1 9814 D,Sharp,Week 14/1998,1998,,14,Mapper,MBC1B1,DMG MBC1B1 Nintendo S 9749 5 A,Sharp,Week 49/1997,1997,,49,,,,,,,,,,,,,,,,,,,,,,,,,,,,,,,,,,,,,,,,,,,,,,,,,,,,,,,,f0482567,38b65d28ac0bd619f5dee5a45d5fc542,90a181ee7d42941bce3b425077d6570da0e2fb2c,bc14dac53de625535cc2825efa3d2399bf0c8c661f8a9417c4b97414a630cd0e
DMG-J7E-0,Entry #1,gekkio-1,https://gbhwdb.gekkio.fi/cartridges/DMG-J7E-0/gekkio-1.html,gekkio,"Jungle Book, The (USA, Europe)",DMG-J7-FRA,22,DMG-BEAN-02,B,4,April/1994,1994,April,,ROM,μPD23C1001EAGW,Ⓜ AT&T JAPAN DMG-J7E-0 C1 23C1001EAGW-K67 9423E9006,AT&T Technologies,Week 23/1994,1994,,23,Mapper,MBC1B,DMG MBC1-B Nintendo P 4'56,Panasonic,May/1994,1994,May,,,,,,,,,,,,,,,,,,,,,,,,,,,,,,,,,,,,,,,,,,,,,,,,,,,,,,,,,,,,
DMG-J7E-0,Entry #1,ikk5-1,https://gbhwdb.gekkio.fi/cartridges/DMG-J7E-0/ikk5-1.html,ikk5,"Jungle Book, The (USA, Europe)",DMG-J7-EUR,22,DMG-BEAN-10,I,2,May/1998,1998,May,,ROM,LH530800A,DMG-J7E-0 S LH531HYA JAPAN C1 9826 E,Sharp,Week 26/1998,1998,,26,Mapper,MBC1B,DMG MBC1-B Nintendo P 8'33,Panasonic,March/1998,1998,March,,,,,,,,,,,,,,,,,,,,,,,,,,,,,,,,,,,,,,,,,,,,,,,,,,,,,,,,,,,,
DMG-J7E-0,Entry #1,louhike-1,https://gbhwdb.gekkio.fi/cartridges/DMG-J7E-0/louhike-1.html,Louhike,"Jungle Book, The (USA, Europe)",DMG-J7-FRA,22,DMG-BEAN-02,B,5,March/1994,1994,March,,ROM,μPD23C1001EAGW,Ⓜ AT&T JAPAN DMG-J7E-0 C1 23C1001EAGW-K67 9423E9007,AT&T Technologies,Week 23/1994,1994,,23,Mapper,MBC1B,DMG MBC1-B Nintendo P 4'58,Panasonic,May/1994,1994,May,,,,,,,,,,,,,,,,,,,,,,,,,,,,,,,,,,,,,,,,,,,,,,,,,,,,,,,,,,,,
DMG-J7E-0,Entry #1,mattcurrie-1,https://gbhwdb.gekkio.fi/cartridges/DMG-J7E-0/mattcurrie-1.html,mattcurrie,"Jungle Book, The (USA, Europe)",DMG-J7-AUS,20,DMG-BEAN-10,I,6,September/1997,1997,September,,ROM,μPD23C1001EUGW,DMG-J7E-0 C1 N-1001EUGW-J07 9737K7004,NEC,Week 37/1997,1997,,37,Mapper,MBC1B1,DMG MBC1B1 Nintendo S 9738 1 A,Sharp,Week 38/1997,1997,,38,,,,,,,,,,,,,,,,,,,,,,,,,,,,,,,,,,,,,,,,,,,,,,,,,,,,,,,,,,,
DMG-JBE-0,Entry #1,mattcurrie-1,https://gbhwdb.gekkio.fi/cartridges/DMG-JBE-0/mattcurrie-1.html,mattcurrie,"Jordan vs Bird - One on One (USA, Europe)",DMG-JB-AUS,23,DMG-BEAN-02,I,2,April/1992,1992,April,,ROM,LH53514,DMG-JBE-0 S LH5314D5 JAPAN B1 9219 D,Sharp,Week 19/1992,1992,,19,Mapper,MBC1B,DMG MBC1B Nintendo J9213BR,Motorola,Week 13/1992,1992,,13,,,,,,,,,,,,,,,,,,,,,,,,,,,,,,,,,,,,,,,,,,,,,,,,,,,,,,,,,,,
DMG-JKE-0,Entry #1,ikk5-1,https://gbhwdb.gekkio.fi/cartridges/DMG-JKE-0/ikk5-1.html,ikk5,"George Foreman's KO Boxing (USA, Europe)",DMG-JK-NOE,22,DMG-BEAN-02,I,3,September/1995,1995,September,,ROM,LH530800A,DMG-JKE-0 S LH531HPK JAPAN C1 9540 E,Sharp,Week 40/1995,1995,,40,Mapper,MBC1B1,DMG MBC1B1 Nintendo S 9539 7 A,Sharp,Week 39/1995,1995,,39,,,,,,,,,,,,,,,,,,,,,,,,,,,,,,,,,,,,,,,,,,,,,,,,,,,,,,,,,,,
DMG-JPE-0,Entry #1,jan-spakula-1,https://gbhwdb.gekkio.fi/cartridges/DMG-JPE-0/jan-spakula-1.html,Jan Spakula,Jeopardy! (USA),DMG-JP-USA,22,DMG-BEAN-02,I,2,April/1992,1992,April,,ROM,LH530800,DMG-JPE-0 S LH5308T5 JAPAN C1 9217 D,Sharp,Week 17/1992,1992,,17,Mapper,MBC1B,DMG MBC1B Nintendo J9213BR,Motorola,Week 13/1992,1992,,13,,,,,,,,,,,,,,,,,,,,,,,,,,,,,,,,,,,,,,,,,,,,,,,,,,,,,,,,,,,
DMG-JQX-0,Entry #1,mattcurrie-1,https://gbhwdb.gekkio.fi/cartridges/DMG-JQX-0/mattcurrie-1.html,mattcurrie,"Jurassic Park (Europe) (En,Fr,De,Es,It)",DMG-JQ-AUS,23,DMG-BEAN-02,B,6,August/1993,1993,August,,ROM,μPD23C2001EGW,DMG-JQX-0 D1 N-2001EGW-J42 9334X9007,NEC,Week 34/1993,1993,,34,Mapper,MBC1B,DMG MBC1-B Nintendo P 3'56,Panasonic,May/1993,1993,May,,,,,,,,,,,,,,,,,,,,,,,,,,,,,,,,,,,,,,,,,,,,,,,,,,,,,,,,,,,,
DMG-K9E-0,Entry #1,3615retro-1,https://gbhwdb.gekkio.fi/cartridges/DMG-K9E-0/3615retro-1.html,3615Retro,"Kirby's Pinball Land (USA, Europe)",DMG-K9-FAH,22,DMG-GDAN-03,I,3,November/1993,1993,November,,ROM,,DMG-K9E-0 S LH532MAF JAPAN D1 9352 D,Sharp,Week 52/1993,1993,,52,Mapper,MBC2A,DMG MBC2A Nintendo S 9349 5 AB,Sharp,Week 49/1993,1993,,49,Supervisor & Reset,BA6129,6129 3B15,ROHM,November/1993,1993,November,,,,,,,,,,,,,,,,,,,,,,,,,,,,,,,,,,,,,,,,,,CR1616,,,,,,,31cb6526,f711ed10307d4ea27223fe965595b123,06efdb138ff56cd9522dece44adadd3fae169c76,43bbc3111fe66b5d87940da810a1a0839ab7d48b50c327807538026241b40295
DMG-K9E-0,Entry #1,beckybecky125-1,https://gbhwdb.gekkio.fi/cartridges/DMG-K9E-0/beckybecky125-1.html,beckybecky125,"Kirby's Pinball Land (USA, Europe)",DMG-K9-USA-1,22,DMG-GDAN-03,I,2,September/1996,1996,September,,ROM,μPD23C2001EUGW,DMG-K9E-0 D1 N-2001EUGW-J06 9637K7006,NEC,Week 37/1996,1996,,37,Mapper,MBC2A,Nintendo DMG MBC2A N 9403CA012,NEC,Week 3/1994,1994,,3,Supervisor & Reset,BA6129A,6129A 6840,ROHM,August/1996,1996,August,,,,,,,,,,,,,,,,,,,,,,,,,,,,,,,,,,,,,,,,,,CR1616,96-09,,September/1996,1996,September,,31cb6526,f711ed10307d4ea27223fe965595b123,06efdb138ff56cd9522dece44adadd3fae169c76,43bbc3111fe66b5d87940da810a1a0839ab7d48b50c327807538026241b40295
DMG-K9E-0,Entry #1,max-m-1,https://gbhwdb.gekkio.fi/cartridges/DMG-K9E-0/max-m-1.html,max-m,"Kirby's Pinball Land (USA, Europe)",DMG-K9-FAH,22,DMG-GDAN-03,I,5,December/1993,1993,December,,ROM,,DMG-K9E-0 S LH532MAF JAPAN D1 9352 D,Sharp,Week 52/1993,1993,,52,Mapper,MBC2A,DMG MBC2A Nintendo S 9349 5 AB,Sharp,Week 49/1993,1993,,49,Supervisor & Reset,MM1026A,337 26A,Mitsumi,1993,1993,,,,,,,,,,,,,,,,,,,,,,,,,,,,,,,,,,,,,,,,,,,CR1616,,,,,,,,,,
DMG-K9J-0,Entry #1,marcao-cfh-1,https://gbhwdb.gekkio.fi/cartridges/DMG-K9J-0/marcao-cfh-1.html,marcao_cfh,Kirby no Pinball (Japan),DMG-K9J,22,DMG-GDAN-03,I,5,October/1993,1993,October,,ROM,,DMG-K9J-0 S LH532MAK JAPAN D1 9349 E,Sharp,Week 49/1993,1993,,49,Mapper,MBC2A,DMG MBC2A Nintendo S 9221 3 AB,Sharp,Week 21/1992,1992,,21,Supervisor & Reset,BA6129,6129 3B50,ROHM,November/1993,1993,November,,,,,,,,,,,,,,,,,,,,,,,,,,,,,,,,,,,,,,,,,,CR1616,93-09,,September/1993,1993,September,,,,,
DMG-KFX-0,Entry #1,ikk5-1,https://gbhwdb.gekkio.fi/cartridges/DMG-KFX-0/ikk5-1.html,ikk5,"Super Kick Off (Europe) (En,Fr,De,It,Nl)",DMG-KF-FAH,22,DMG-BEAN-02,I,2,January/1992,1992,January,,ROM,μPD23C1001EAGW,STANDARD MICRO DMG-KFX-0 C1 23C1001EAGW-J54 9207K9035,Standard Microsystems Corporation,Week 7/1992,1992,,7,Mapper,MBC1B,DMG MBC1-B Nintendo P 2'11,Panasonic,January/1992,1992,January,,,,,,,,,,,,,,,,,,,,,,,,,,,,,,,,,,,,,,,,,,,,,,,,,,,,,,,,,,,,
DMG-KLA-0,Entry #1,mattcurrie-1,https://gbhwdb.gekkio.fi/cartridges/DMG-KLA-0/mattcurrie-1.html,mattcurrie,Klax (Japan) (En) (Hudson Soft),DMG-KLA,22,DMG-AAA-03,I,5,October/1990,1990,October,,ROM,LH53259,DMG-KLA-0 SHARP JAPAN A0 9044 D,Sharp,Week 44/1990,1990,,44,,,,,,,,,,,,,,,,,,,,,,,,,,,,,,,,,,,,,,,,,,,,,,,,,,,,,,,,,,,,,,,,,,,
DMG-KUJ-0,Entry #1,marcao-cfh-1,https://gbhwdb.gekkio.fi/cartridges/DMG-KUJ-0/marcao-cfh-1.html,marcao_cfh,Nekketsu Kouha Kunio-kun - Bangai Rantou Hen (Japan),DMG-KUJ,,DMG-BEAN-01,I,2,November/1990,1990,November,,ROM,μPD23C1001EGW,DMG-KUJ-0 C1 N-1001EGW-J19 9044E9011,NEC,Week 44/1990,1990,,44,Mapper,MBC1B,Nintendo DMG MBC1B N 9022BA036,NEC,Week 22/1990,1990,,22,,,,,,,,,,,,,,,,,,,,,,,,,,,,,,,,,,,,,,,,,,,,,,,,,,,,,,,,,,,
DMG-KYE-0,Entry #1,3615retro-1,https://gbhwdb.gekkio.fi/cartridges/DMG-KYE-0/3615retro-1.html,3615Retro,"Kirby's Dream Land (USA, Europe)",DMG-KY-FAH,22,DMG-BEAN-02,I,6,December/1993,1993,December,,ROM,,DMG-KYE-0 S LH532MN6 JAPAN D1 9352 D,Sharp,Week 52/1993,1993,,52,Mapper,MBC1B,Nintendo DMG MBC1B N 9345BA001,NEC,Week 45/1993,1993,,45,,,,,,,,,,,,,,,,,,,,,,,,,,,,,,,,,,,,,,,,,,,,,,,,,,,,,,,,40f25740,a66e4918edcd042ec171a57fe3ce36c3,90979baa1d0e24b41b5c304c5ddaf77450692d5a,0f6dba94fae248d419083001c42c02a78be6bd3dff679c895517559e72c98d58
DMG-KYE-0,Entry #1,beckybecky125-1,https://gbhwdb.gekkio.fi/cartridges/DMG-KYE-0/beckybecky125-1.html,beckybecky125,"Kirby's Dream Land (USA, Europe)",DMG-KY-USA-1,22,DMG-BEAN-10,I,3,September/1997,1997,September,,ROM,μPD23C2001EUGW,DMG-KYE-0 D1 N-2001EUGW-J11 9736K7011,NEC,Week 36/1997,1997,,36,Mapper,MBC1B1,DMG MBC1B1 Nintendo S 9736 1 A,Sharp,Week 36/1997,1997,,36,,,,,,,,,,,,,,,,,,,,,,,,,,,,,,,,,,,,,,,,,,,,,,,,,,,,,,,,40f25740,a66e4918edcd042ec171a57fe3ce36c3,90979baa1d0e24b41b5c304c5ddaf77450692d5a,0f6dba94fae248d419083001c42c02a78be6bd3dff679c895517559e72c98d58
DMG-KYE-0,Entry #1,gdsn-1,https://gbhwdb.gekkio.fi/cartridges/DMG-KYE-0/gdsn-1.html,gdsn,"Kirby's Dream Land (USA, Europe)",DMG-KY-FAH,22,DMG-BEAN-02,B,1,November/1993,1993,November,,ROM,,DMG-KYE-0 S LH532MN6 JAPAN D1 9351 D,Sharp,Week 51/1993,1993,,51,Mapper,MBC1B,Nintendo DMG MBC1B N 9342BA041,NEC,Week 42/1993,1993,,42,,,,,,,,,,,,,,,,,,,,,,,,,,,,,,,,,,,,,,,,,,,,,,,,,,,,,,,,,,,
DMG-KYE-0,Entry #1,ikk5-1,https://gbhwdb.gekkio.fi/cartridges/DMG-KYE-0/ikk5-1.html,ikk5,"Kirby's Dream Land (USA, Europe)",DMG-KY-FAH,23,DMG-BEAN-02,I,2,October/1993,1993,October,,ROM,,DMG-KYE-0 S LH532MN6 JAPAN D1 9349 D,Sharp,Week 49/1993,1993,,49,Mapper,MBC1B1,DMG MBC1B1 Nintendo S 9338 3 A,Sharp,Week 38/1993,1993,,38,,,,,,,,,,,,,,,,,,,,,,,,,,,,,,,,,,,,,,,,,,,,,,,,,,,,,,,,,,,
DMG-KYE-0,Entry #1,kurodo-1,https://gbhwdb.gekkio.fi/cartridges/DMG-KYE-0/kurodo-1.html,Kurodo,"Kirby's Dream Land (USA, Europe)",DMG-KY-FAH,22,DMG-BEAN-02,I,2,October/1993,1993,October,,ROM,μPD23C2001EGW,DMG-KYE-0 D1 N-2001EGW-J48 9344X9021,NEC,Week 44/1993,1993,,44,Mapper,MBC1B,Nintendo DMG MBC1B N 9324BA004,NEC,Week 24/1993,1993,,24,,,,,,,,,,,,,,,,,,,,,,,,,,,,,,,,,,,,,,,,,,,,,,,,,,,,,,,,,,,
DMG-KYE-0,Entry #1,mattcurrie-1,https://gbhwdb.gekkio.fi/cartridges/DMG-KYE-0/mattcurrie-1.html,mattcurrie,"Kirby's Dream Land (USA, Europe)",DMG-KY-AUS,22,DMG-BEAN-10,I,5,February/1997,1997,February,,ROM,,DMG-KYE-0 S LH532MN6 JAPAN D1 9708 D,Sharp,Week 8/1997,1997,,8,Mapper,MBC1B1,DMG MBC1B1 Nintendo S 9702 7 A,Sharp,Week 2/1997,1997,,2,,,,,,,,,,,,,,,,,,,,,,,,,,,,,,,,,,,,,,,,,,,,,,,,,,,,,,,,,,,
DMG-KYE-0,Entry #1,tobiasvl-1,https://gbhwdb.gekkio.fi/cartridges/DMG-KYE-0/tobiasvl-1.html,tobiasvl,"Kirby's Dream Land (USA, Europe)",DMG-KY-SCN,20,DMG-BEAN(K)-02,Hs,1,April/1996,1996,April,,ROM,,DMG-KYE-0 S LH532MN6 JAPAN D1 9618 E,Sharp,Week 18/1996,1996,,18,Mapper,MBC1B,DMG MBC1-B Nintendo P 6'31,Panasonic,March/1996,1996,March,,,,,,,,,,,,,,,,,,,,,,,,,,,,,,,,,,,,,,,,,,,,,,,,,,,,,,,,,,,,
DMG-KYJ-0,Entry #1,kai-1,https://gbhwdb.gekkio.fi/cartridges/DMG-KYJ-0/kai-1.html,Kai,Hoshi no Kirby (Japan),DMG-KYJ,23,DMG-BEAN-02,I,1,March/1992,1992,March,,ROM,,DMG-KYJ-0 S LH532D10 JAPAN D1 9214 D,Sharp,Week 14/1992,1992,,14,Mapper,MBC1B,DMG MBC1B Nintendo J9209BR,Motorola,Week 9/1992,1992,,9,,,,,,,,,,,,,,,,,,,,,,,,,,,,,,,,,,,,,,,,,,,,,,,,,,,,,,,,,,,
DMG-KYJ-1,Entry #1,gdsn-1,https://gbhwdb.gekkio.fi/cartridges/DMG-KYJ-1/gdsn-1.html,gdsn,Hoshi no Kirby (Japan) (Rev 1),DMG-KYJ,22A,DMG-BEAN(K)-02,Hs,3,August/1996,1996,August,,ROM,,DMG-KYJ-1 S LH532MND JAPAN D1 9643 E,Sharp,Week 43/1996,1996,,43,Mapper,MBC1B1,DMG MBC1B1 Nintendo S 9644 5 A,Sharp,Week 44/1996,1996,,44,,,,,,,,,,,,,,,,,,,,,,,,,,,,,,,,,,,,,,,,,,,,,,,,,,,,,,,,,,,
DMG-KYJ-1,Entry #1,louhike-1,https://gbhwdb.gekkio.fi/cartridges/DMG-KYJ-1/louhike-1.html,Louhike,Hoshi no Kirby (Japan) (Rev 1),DMG-KYJ,22A,DMG-BEAN(K)-02,Hs,4,November/1995,1995,November,,ROM,,DMG-KYJ-1 S LH532MND JAPAN D1 9614 E,Sharp,Week 14/1996,1996,,14,Mapper,MBC1B1,DMG MBC1B1 Nintendo S 9545 5 A,Sharp,Week 45/1995,1995,,45,,,,,,,,,,,,,,,,,,,,,,,,,,,,,,,,,,,,,,,,,,,,,,,,,,,,,,,,,,,
DMG-L3E-0,Entry #1,kurodo-1,https://gbhwdb.gekkio.fi/cartridges/DMG-L3E-0/kurodo-1.html,Kurodo,"Alien 3 (USA, Europe)",DMG-L3-FAH,00,DMG-BEAN-02,Y,4,October/1996,1996,October,,ROM,LH530800A,DMG-L3E-0 S LH531HPN JAPAN C1 9643 D,Sharp,Week 43/1996,1996,,43,Mapper,MBC1B,DMG MBC1-B Nintendo P 6'08,Panasonic,October/1996,1996,October,,,,,,,,,,,,,,,,,,,,,,,,,,,,,,,,,,,,,,,,,,,,,,,,,,,,,,,,,,,,
DMG-L3E-0,Entry #1,mattcurrie-1,https://gbhwdb.gekkio.fi/cartridges/DMG-L3E-0/mattcurrie-1.html,mattcurrie,"Alien 3 (USA, Europe)",DMG-L3-AUS,23,DMG-BEAN-02,B,4,October/1992,1992,October,,ROM,LH530800,DMG-L3E-0 S LH5308VY JAPAN C1 9303 E,Sharp,Week 3/1993,1993,,3,Mapper,MBC1B,Nintendo DMG MBC1B N 9252BA008,NEC,Week 52/1992,1992,,52,,,,,,,,,,,,,,,,,,,,,,,,,,,,,,,,,,,,,,,,,,,,,,,,,,,,,,,,,,,
DMG-L6J-2,Entry #1,gekkio-1,https://gbhwdb.gekkio.fi/cartridges/DMG-L6J-2/gekkio-1.html,gekkio,Super Mario Land 2 - 6-tsu no Kinka (Japan) (Rev 2),DMG-L6J,23B,DMG-DECN-02,I,6,November/1994,1994,November,,ROM,μPD23C4001EAGW,DMG-L6J-2 E1 N-4001EAGW-J11 9451X9208,NEC,Week 51/1994,1994,,51,Mapper,MBC1B,DMG MBC1-B Nintendo P 4'N6,Panasonic,November/1994,1994,November,,RAM,XLJ6265AF-10SL,XLJ6265AF-10SL 437 132,ROHM,Week 37/1994,1994,,37,Supervisor & Reset,BA6129,6129 4803,ROHM,August/1994,1994,August,,,,,,,,,,,,,,,,,,,,,,,,,,,,,,,,,,CR1616,94-07,,July/1994,1994,July,,,,,fe27376d7dfd218c900873bfd0b1ed5cb618b5a2bc9d427c3618ed5382fe5327
DMG-L7E-0,Entry #1,ikk5-1,https://gbhwdb.gekkio.fi/cartridges/DMG-L7E-0/ikk5-1.html,ikk5,"Lamborghini American Challenge (USA, Europe)",DMG-L7-FAH,22,DMG-BEAN-10,I,6,October/1997,1997,October,,ROM,LH530800A,DMG-L7E-0 S LH531HYW JAPAN C1 9745 D,Sharp,Week 45/1997,1997,,45,Mapper,MBC1B1,DMG MBC1B1 Nintendo S 9738 5 A,Sharp,Week 38/1997,1997,,38,,,,,,,,,,,,,,,,,,,,,,,,,,,,,,,,,,,,,,,,,,,,,,,,,,,,,,,,,,,
DMG-LCA-0,Entry #1,granmastro-1,https://gbhwdb.gekkio.fi/cartridges/DMG-LCA-0/granmastro-1.html,Granmastro,Lock n' Chase (World),DMG-LCA,,DMG-BBA-02,T,5,March/1990,1990,March,,ROM,LH53515,DMG-LCA-0 SHARP JAPAN B0 9014 D,Sharp,Week 14/1990,1990,,14,Mapper,MBC1A,DMG MBC1A Nintendo S 9010 1 A,Sharp,Week 10/1990,1990,,10,,,,,,,,,,,,,,,,,,,,,,,,,,,,,,,,,,,,,,,,,,,,,,,,,,,,,,,,,,,
DMG-LDE-0,Entry #1,gekkio-1,https://gbhwdb.gekkio.fi/cartridges/DMG-LDE-0/gekkio-1.html,gekkio,"Little Mermaid, The (USA)",DMG-LD-USA-1,00,DMG-BEAN-10,I,3,February/1998,1998,February,,ROM,μPD23C1001EUGW,DMG-LDE-0 C1 N-1001EUGW-J27 9808E7013,NEC,Week 8/1998,1998,,8,Mapper,MBC1B1,DMG MBC1B1 Nintendo S 9750 1 A,Sharp,Week 50/1997,1997,,50,,,,,,,,,,,,,,,,,,,,,,,,,,,,,,,,,,,,,,,,,,,,,,,,,,,,,,,,,,,f15722ebebdae93e08bd6642d642614114f2d128778d6a131748c9855603e052
DMG-LDX-0,Entry #1,ikk5-1,https://gbhwdb.gekkio.fi/cartridges/DMG-LDX-0/ikk5-1.html,ikk5,"Little Mermaid, The (Europe)",DMG-LD-EUR,22,DMG-BEAN-10,I,2,June/1998,1998,June,,ROM,LH530800A,DMG-LDX-0 S LH531HYJ JAPAN C1 9830 E,Sharp,Week 30/1998,1998,,30,Mapper,MBC1B,DMG MBC1-B Nintendo P 8'52,Panasonic,May/1998,1998,May,,,,,,,,,,,,,,,,,,,,,,,,,,,,,,,,,,,,,,,,,,,,,,,,,,,,,,,,,,,,
DMG-LGJ-0,Entry #1,granmastro-1,https://gbhwdb.gekkio.fi/cartridges/DMG-LGJ-0/granmastro-1.html,Granmastro,Legend - Ashita e no Tsubasa (Japan),DMG-LGJ,28,DMG-GDAN-02,I,5,April/1991,1991,April,,ROM,μPD23C1001EGW,DMG-LGJ-0 C1 N-1001EGW-J43 9115E9008,NEC,Week 15/1991,1991,,15,Mapper,MBC2A,Nintendo DMG MBC2A N 9113CA001,NEC,Week 13/1991,1991,,13,Supervisor & Reset,MM1026A,145 26A,Mitsumi,1991,1991,,,,,,,,,,,,,,,,,,,,,,,,,,,,,,,,,,,,,,,,,,,CR1616,91-05,,May/1991,1991,May,,,,,
DMG-LNE-0,Entry #1,granmastro-1,https://gbhwdb.gekkio.fi/cartridges/DMG-LNE-0/granmastro-1.html,Granmastro,"Looney Tunes (USA, Europe)",DMG-LN-USA,,DMG-BEAN-02,Y,4,July/1996,1996,July,,ROM,LH530800A,DMG-LNE-0 S LH531HL5 JAPAN C1 9627 E,Sharp,Week 27/1996,1996,,27,Mapper,MBC1B,DMG MBC1-B Nintendo P 6'54,Panasonic,May/1996,1996,May,,,,,,,,,,,,,,,,,,,,,,,,,,,,,,,,,,,,,,,,,,,,,,,,,,,,,,,,,,,,
DMG-LOX-0,Entry #1,ikk5-1,https://gbhwdb.gekkio.fi/cartridges/DMG-LOX-0/ikk5-1.html,ikk5,Adventures of Lolo (Europe) (SGB Enhanced),DMG-LO-EUR,00,DMG-BEAN(K)-02,Hs,6,November/1995,1995,November,,ROM,,DMG-LOX-0 S LH532MWY JAPAN D1 9552 D,Sharp,Week 52/1995,1995,,52,Mapper,MBC1B,DMG MBC1-B Nintendo P 5'D8,Panasonic,December/1995,1995,December,,,,,,,,,,,,,,,,,,,,,,,,,,,,,,,,,,,,,,,,,,,,,,,,,,,,,,,,,,,,
DMG-LWE-0,Entry #1,gekkio-1,https://gbhwdb.gekkio.fi/cartridges/DMG-LWE-0/gekkio-1.html,gekkio,"WWF Superstars (USA, Europe)",DMG-LW-USA,22,DMG-BEAN-02,B,2,February/1992,1992,February,,ROM,TC531001CF,TOSHIBA 9210EAI TC531001CF DMG-LWE-0 C1 J652 JAPAN,Toshiba,Week 10/1992,1992,,10,Mapper,MBC1B,DMG MBC1B Nintendo S 9204 1 AB,Sharp,Week 4/1992,1992,,4,,,,,,,,,,,,,,,,,,,,,,,,,,,,,,,,,,,,,,,,,,,,,,,,,,,,,,,,,,,3e9ea5a9215c7f0921797e9c414b7eed031843ff20ffbb638b5715f0ae319781
DMG-LWE-0,Entry #1,issotm-1,https://gbhwdb.gekkio.fi/cartridges/DMG-LWE-0/issotm-1.html,ISSOtm,"WWF Superstars (USA, Europe)",DMG-LW-NOE,23,DMG-BEAN-02,I,3,May/1992,1992,May,,ROM,TC531001CF,TOSHIBA 9227EAI TC531001CF DMG-LWE-0 C1 J652 JAPAN,Toshiba,Week 27/1992,1992,,27,Mapper,MBC1B,DMG MBC1-B Nintendo P 2'45,Panasonic,April/1992,1992,April,,,,,,,,,,,,,,,,,,,,,,,,,,,,,,,,,,,,,,,,,,,,,,,,,,,,,,,,,,,,
DMG-MBE-0,Entry #1,ikk5-1,https://gbhwdb.gekkio.fi/cartridges/DMG-MBE-0/ikk5-1.html,ikk5,"Marble Madness (USA, Europe)",DMG-MB-SCN,23,DMG-BEAN-02,I,3,January/1992,1992,January,,ROM,,JAPAN DMG-MBE-0 D1 0N7 AK 9205 R22,Fujitsu,Week 5/1992,1992,,5,Mapper,MBC1B,DMG MBC1B Nintendo S 9206 5 AB,Sharp,Week 6/1992,1992,,6,,,,,,,,,,,,,,,,,,,,,,,,,,,,,,,,,,,,,,,,,,,,,,,,,,,,,,,,,,,
DMG-MCE-0,Entry #1,beckybecky125-1,https://gbhwdb.gekkio.fi/cartridges/DMG-MCE-0/beckybecky125-1.html,beckybecky125,Mickey's Dangerous Chase (USA),DMG-MC-USA-1,34,DMG-BEAN-10,K,2,February/1998,1998,February,,ROM,LH530800A,DMG-MCE-0 S LH531HEP JAPAN C1 9810 D,Sharp,Week 10/1998,1998,,10,Mapper,MBC1B1,DMG MBC1B1 Nintendo S 9752 7 A,Sharp,Week 52/1997,1997,,52,,,,,,,,,,,,,,,,,,,,,,,,,,,,,,,,,,,,,,,,,,,,,,,,,,,,,,,,7b822d8f,16bc18ef00088094e9fad502e613be5e,37d0737be3773ad62664645d34505a136f0be99b,fedb0c8100987cb466c116a3ac3a6572675b6aa721a7a8930cec1ae39f677bc6
DMG-MCE-0,Entry #1,davidslv-1,https://gbhwdb.gekkio.fi/cartridges/DMG-MCE-0/davidslv-1.html,davidslv,Mickey's Dangerous Chase (USA),DMG-MC-USA,22,DMG-BEAN-02,I,3,May/1991,1991,May,,ROM,LH530800,DMG-MCE-0 S LH5308UY JAPAN C1 9123 D,Sharp,Week 23/1991,1991,,23,Mapper,MBC1B,DMG MBC1B Nintendo S 9123 5 A,Sharp,Week 23/1991,1991,,23,,,,,,,,,,,,,,,,,,,,,,,,,,,,,,,,,,,,,,,,,,,,,,,,,,,,,,,,,,,
DMG-MCX-0,Entry #1,ikk5-1,https://gbhwdb.gekkio.fi/cartridges/DMG-MCX-0/ikk5-1.html,ikk5,Mickey's Dangerous Chase (Europe),DMG-MC-EUR,12,DMG-BEAN-10,K,2,February/1998,1998,February,,ROM,LH530800A,DMG-MCX-0 S LH531HWG JAPAN C1 9812 E,Sharp,Week 12/1998,1998,,12,Mapper,MBC1B1,DMG MBC1B1 Nintendo S 9746 1 A,Sharp,Week 46/1997,1997,,46,,,,,,,,,,,,,,,,,,,,,,,,,,,,,,,,,,,,,,,,,,,,,,,,,,,,,,,,,,,
DMG-MEA-0,Entry #1,3615retro-1,https://gbhwdb.gekkio.fi/cartridges/DMG-MEA-0/3615retro-1.html,3615Retro,Metroid II - Return of Samus (World),DMG-ME-FAH,22,DMG-DECN-02,I,6,July/1992,1992,July,,ROM,LH532100,DMG-MEA-0 S LH5321G3 JAPAN D1 9233 D,Sharp,Week 33/1992,1992,,33,Mapper,MBC1B,DMG MBC1-B Nintendo P 2'40,Panasonic,April/1992,1992,April,,RAM,LH5168NFB-10L,LH5168NFB-10L SHARP JAPAN 9229 DC,Sharp,Week 29/1992,1992,,29,Supervisor & Reset,MM1026A,225 26A,Mitsumi,1992,1992,,,,,,,,,,,,,,,,,,,,,,,,,,,,,,,,,,,CR1616,,,,,,,dee05370,9639948ad274fa15281f549e5f9c4d87,74a2fad86b9a4c013149b1e214bc4600efb1066d,3080bcc2eb9965de463f5f4e02f0dabbb13b060e1654a18da8b50948c10af4a6
DMG-MEA-0,Entry #2,3615retro-2,https://gbhwdb.gekkio.fi/cartridges/DMG-MEA-0/3615retro-2.html,3615Retro,Metroid II - Return of Samus (World),DMG-206-CHN,,DMG-DECN-M11,HS,6,January/1996,1996,January,,ROM,,,,,,,,Mapper,MBC1B,DMG MBC1-B Nintendo P 5'N2,Panasonic,November/1995,1995,November,,RAM,,,,,,,,Supervisor & Reset,BA6129A,6129A 5A93,ROHM,October/1995,1995,October,,,,,,,,,,,,,,,,,,,,,,,,,,,,,,,,,,CR1616,95-08,,August/1995,1995,August,,dee05370,9639948ad274fa15281f549e5f9c4d87,74a2fad86b9a4c013149b1e214bc4600efb1066d,3080bcc2eb9965de463f5f4e02f0dabbb13b060e1654a18da8b50948c10af4a6
DMG-MEA-0,Entry #1,beckybecky125-1,https://gbhwdb.gekkio.fi/cartridges/DMG-MEA-0/beckybecky125-1.html,beckybecky125,Metroid II - Return of Samus (World),DMG-ME-USA-1,34,DMG-DECN-10,I,3,October/1997,1997,October,,ROM,,DMG-MEA-0 S LH532MN5 JAPAN D1 9746 E,Sharp,Week 46/1997,1997,,46,Mapper,MBC1B1,DMG MBC1B1 Nintendo S 9746 3 A,Sharp,Week 46/1997,1997,,46,RAM,LH5168N-10PL,LH5168N-10PL MOSEL-VITELIC JAPAN N745 01 BH,Mosel-Vitelic,Week 45/1997,1997,,45,Supervisor & Reset,MM1026A,742 26A,Mitsumi,1997,1997,,,,,,,,,,,,,,,,,,,,,,,,,,,,,,,,,,,CR1616,97-10,,October/1997,1997,October,,dee05370,9639948ad274fa15281f549e5f9c4d87,74a2fad86b9a4c013149b1e214bc4600efb1066d,3080bcc2eb9965de463f5f4e02f0dabbb13b060e1654a18da8b50948c10af4a6
DMG-MEA-0,Entry #1,bruno-bertuga-1,https://gbhwdb.gekkio.fi/cartridges/DMG-MEA-0/bruno-bertuga-1.html,Bruno Bertuga,Metroid II - Return of Samus (World),DMG-MEA,23,DMG-DECN-02,I,2,December/1991,1991,December,,ROM,LH532100,DMG-MEA-0 S LH5321G3 JAPAN D1 9204 D,Sharp,Week 4/1992,1992,,4,Mapper,MBC1B,DMG MBC1B Nintendo S 9203 7 AB,Sharp,Week 3/1992,1992,,3,RAM,LH5168NFB-10L,LH5168NFB-10L SHARP JAPAN 9147 DC,Sharp,Week 47/1991,1991,,47,Supervisor & Reset,MM1026A,1L51 26A,Mitsumi,1991,1991,,,,,,,,,,,,,,,,,,,,,,,,,,,,,,,,,,,CR1616,,,,,,,,,,
DMG-MEA-0,Entry #1,tobiasvl-1,https://gbhwdb.gekkio.fi/cartridges/DMG-MEA-0/tobiasvl-1.html,tobiasvl,Metroid II - Return of Samus (World),DMG-ME-SCN,22,DMG-DECN-10,I,3,September/1997,1997,September,,ROM,,DMG-MEA-0 S LH532MN5 JAPAN D1 9738 D,Sharp,Week 38/1997,1997,,38,Mapper,MBC1B,DMG MBC1-B Nintendo P 7'89,Panasonic,August/1997,1997,August,,RAM,LH5168N-10PL,LH5168N-10PL MOSEL-VITELIC JAPAN N7 34 22 BH,Mosel-Vitelic,Week 34/1997,1997,,34,Supervisor & Reset,BA6129A,6129A 7979,ROHM,September/1997,1997,September,,,,,,,,,,,,,,,,,,,,,,,,,,,,,,,,,,CR1616,,,,,,,,,,
DMG-MLA-0,Entry #1,fwwwn-1,https://gbhwdb.gekkio.fi/cartridges/DMG-MLA-0/fwwwn-1.html,fwwwn,Super Mario Land (World),DMG-MLA,23,DMG-BBA-01,J,2,April/1989,1989,April,,ROM,LH53515,DMG-MLA-0 SHARP JAPAN B0 8921 D,Sharp,Week 21/1989,1989,,21,Mapper,MBC1,DMG MBC1 Nintendo S 8919 T,Sharp,Week 19/1989,1989,,19,,,,,,,,,,,,,,,,,,,,,,,,,,,,,,,,,,,,,,,,,,,,,,,,,,,,,,,,,,,470d6c45c9bcf7f0397d00c1ae6de727c63dd471049c8eedbefdc540ceea80b4
DMG-MLA-0,Entry #1,ikk5-1,https://gbhwdb.gekkio.fi/cartridges/DMG-MLA-0/ikk5-1.html,ikk5,Super Mario Land (World),DMG-ML-USA,22,DMG-BBA-02,I,2,September/1989,1989,September,,ROM,LH53515,DMG-MLA-0 SHARP JAPAN B0 8939 D,Sharp,Week 39/1989,1989,,39,Mapper,MBC1A,DMG MBC1A Nintendo S 8938 5 A,Sharp,Week 38/1989,1989,,38,,,,,,,,,,,,,,,,,,,,,,,,,,,,,,,,,,,,,,,,,,,,,,,,,,,,,,,,,,,
DMG-MLA-1,Entry #1,3615retro-1,https://gbhwdb.gekkio.fi/cartridges/DMG-MLA-1/3615retro-1.html,3615Retro,Super Mario Land (World) (Rev 1),DMG-ML-FAH,12A,DMG-BEAN-02,B,4,April/1993,1993,April,,ROM,LH53514,DMG-MLA-1 S LH5314B2 JAPAN B1 9323 E,Sharp,Week 23/1993,1993,,23,Mapper,MBC1B,DMG MBC1-B Nintendo P 3'21,Panasonic,February/1993,1993,February,,,,,,,,,,,,,,,,,,,,,,,,,,,,,,,,,,,,,,,,,,,,,,,,,,,,,,,,,2c27ec70,b259feb41811c7e4e1dc200167985c84,418203621b887caa090215d97e3f509b79affd3e,49fbd2f61f953d5ef28cab73e357e524c3009ad19fcf30f6a9ee0ae273be41dc
DMG-MLA-1,Entry #1,beckybecky125-1,https://gbhwdb.gekkio.fi/cartridges/DMG-MLA-1/beckybecky125-1.html,beckybecky125,Super Mario Land (World) (Rev 1),DMG-ML-USA-1,20A,DMG-BEAN-10,Y,1,January/1997,1997,January,,ROM,LH53517,DMG-MLA-1 S LH531720 JAPAN B1 9726 D,Sharp,Week 26/1997,1997,,26,Mapper,MBC1B1,DMG MBC1B1 Nintendo S 9726 3 A,Sharp,Week 26/1997,1997,,26,,,,,,,,,,,,,,,,,,,,,,,,,,,,,,,,,,,,,,,,,,,,,,,,,,,,,,,,2c27ec70,b259feb41811c7e4e1dc200167985c84,418203621b887caa090215d97e3f509b79affd3e,49fbd2f61f953d5ef28cab73e357e524c3009ad19fcf30f6a9ee0ae273be41dc
DMG-MLA-1,Entry #2,beckybecky125-2,https://gbhwdb.gekkio.fi/cartridges/DMG-MLA-1/beckybecky125-2.html,beckybecky125,Super Mario Land (World) (Rev 1),DMG-ML-USA-2,22A,DMG-BEAN-20,I,3,October/1999,1999,October,,ROM,LH53517,DMG-MLA-1 S LH531720 JAPAN B1 9945 D,Sharp,Week 45/1999,1999,,45,Mapper,MBC1B,DMG MBC1-B Nintendo P 8'D8,Panasonic,December/1998,1998,December,,,,,,,,,,,,,,,,,,,,,,,,,,,,,,,,,,,,,,,,,,,,,,,,,,,,,,,,,,,,
DMG-MLA-1,Entry #1,davidslv-1,https://gbhwdb.gekkio.fi/cartridges/DMG-MLA-1/davidslv-1.html,davidslv,Super Mario Land (World) (Rev 1),DMG-ML-UKV,23A,DMG-BEAN-02,I,5,February/1992,1992,February,,ROM,LH53514,DMG-MLA-1 S LH5314B2 JAPAN B1 9209 D,Sharp,Week 9/1992,1992,,9,Mapper,MBC1B,Nintendo DMG MBC1B N 9207BA033,NEC,Week 7/1992,1992,,7,,,,,,,,,,,,,,,,,,,,,,,,,,,,,,,,,,,,,,,,,,,,,,,,,,,,,,,,,,,
DMG-MLA-1,Entry #1,gdsn-1,https://gbhwdb.gekkio.fi/cartridges/DMG-MLA-1/gdsn-1.html,gdsn,Super Mario Land (World) (Rev 1),DMG-ML-FAH,09A,DMG-BEAN-02,B,2,September/1991,1991,September,,ROM,LH53514,DMG-MLA-1 S LH5314B2 JAPAN B1 9136 D,Sharp,Week 36/1991,1991,,36,Mapper,MBC1B,DMG MBC1B Nintendo S 9122 3 A,Sharp,Week 22/1991,1991,,22,,,,,,,,,,,,,,,,,,,,,,,,,,,,,,,,,,,,,,,,,,,,,,,,,,,,,,,,,,,
DMG-MLA-1,Entry #1,gekkio-1,https://gbhwdb.gekkio.fi/cartridges/DMG-MLA-1/gekkio-1.html,gekkio,Super Mario Land (World) (Rev 1),DMG-ML-UKV,05A,DMG-BEAN-01,I,3,July/1990,1990,July,,ROM,LH53514,DMG-MLA-1 S LH5314B2 JAPAN B1 9028 D,Sharp,Week 28/1990,1990,,28,Mapper,MBC1B,Nintendo DMG MBC1B N 9029BA034,NEC,Week 29/1990,1990,,29,,,,,,,,,,,,,,,,,,,,,,,,,,,,,,,,,,,,,,,,,,,,,,,,,,,,,,,,,,,49fbd2f61f953d5ef28cab73e357e524c3009ad19fcf30f6a9ee0ae273be41dc
DMG-MLA-1,Entry #2,gekkio-2,https://gbhwdb.gekkio.fi/cartridges/DMG-MLA-1/gekkio-2.html,gekkio,Super Mario Land (World) (Rev 1),DMG-ML-ITA,20A,DMG-BEAN-02,I,6,June/1996,1996,June,,ROM,LH53517,DMG-MLA-1 S LH531720 JAPAN B1 9627 D,Sharp,Week 27/1996,1996,,27,Mapper,MBC1B1,DMG MBC1B1 Nintendo S 9625 3 A,Sharp,Week 25/1996,1996,,25,,,,,,,,,,,,,,,,,,,,,,,,,,,,,,,,,,,,,,,,,,,,,,,,,,,,,,,,,,,49fbd2f61f953d5ef28cab73e357e524c3009ad19fcf30f6a9ee0ae273be41dc
DMG-MLA-1,Entry #3,gekkio-3,https://gbhwdb.gekkio.fi/cartridges/DMG-MLA-1/gekkio-3.html,gekkio,Super Mario Land (World) (Rev 1),DMG-MLA,22A,DMG-BEAN-02,B,5,July/1993,1993,July,,ROM,LH53514,DMG-MLA-1 S LH5314B2 JAPAN B1 9339 E,Sharp,Week 39/1993,1993,,39,Mapper,MBC1B,DMG MBC1B Nintendo J9330BR,Motorola,Week 30/1993,1993,,30,,,,,,,,,,,,,,,,,,,,,,,,,,,,,,,,,,,,,,,,,,,,,,,,,,,,,,,,,,,49fbd2f61f953d5ef28cab73e357e524c3009ad19fcf30f6a9ee0ae273be41dc
DMG-MLA-1,Entry #1,granmastro-1,https://gbhwdb.gekkio.fi/cartridges/DMG-MLA-1/granmastro-1.html,Granmastro,Super Mario Land (World) (Rev 1),DMG-ML-ITA,,DMG-BEAN-02,Y,4,August/1996,1996,August,,ROM,LH53517,DMG-MLA-1 S LH531720 JAPAN B1 9636 E,Sharp,Week 36/1996,1996,,36,Mapper,MBC1B1,DMG MBC1B1 Nintendo S 9634 7 A,Sharp,Week 34/1996,1996,,34,,,,,,,,,,,,,,,,,,,,,,,,,,,,,,,,,,,,,,,,,,,,,,,,,,,,,,,,,,,
DMG-MLA-1,Entry #1,ikk5-1,https://gbhwdb.gekkio.fi/cartridges/DMG-MLA-1/ikk5-1.html,ikk5,Super Mario Land (World) (Rev 1),DMG-ML-EUR,12A,DMG-BEAN-10,I,4,September/1997,1997,September,,ROM,LH53517,DMG-MLA-1 S LH531720 JAPAN B1 9738 D,Sharp,Week 38/1997,1997,,38,Mapper,MBC1B1,DMG MBC1B1 Nintendo S 9732 5 A,Sharp,Week 32/1997,1997,,32,,,,,,,,,,,,,,,,,,,,,,,,,,,,,,,,,,,,,,,,,,,,,,,,,,,,,,,,,,,
DMG-MLA-1,Entry #2,ikk5-2,https://gbhwdb.gekkio.fi/cartridges/DMG-MLA-1/ikk5-2.html,ikk5,Super Mario Land (World) (Rev 1),DMG-ML-FAH,23,DMG-BEAN-02,I,1,July/1992,1992,July,,ROM,LH53514,DMG-MLA-1 S LH5314B2 JAPAN B1 9231 D,Sharp,Week 31/1992,1992,,31,Mapper,MBC1B,DMG MBC1B Nintendo J9222BR,Motorola,Week 22/1992,1992,,22,,,,,,,,,,,,,,,,,,,,,,,,,,,,,,,,,,,,,,,,,,,,,,,,,,,,,,,,,,,
DMG-MLA-1,Entry #1,tobiasvl-1,https://gbhwdb.gekkio.fi/cartridges/DMG-MLA-1/tobiasvl-1.html,tobiasvl,Super Mario Land (World) (Rev 1),DMG-ML-USA-1,22A,DMG-BEAN-10,I,5,July/1998,1998,July,,ROM,LH53517,DMG-MLA-1 S LH531720 JAPAN B1 9836 D,Sharp,Week 36/1998,1998,,36,Mapper,MBC1B,DMG MBC1-B Nintendo P 8'59,Panasonic,May/1998,1998,May,,,,,,,,,,,,,,,,,,,,,,,,,,,,,,,,,,,,,,,,,,,,,,,,,,,,,,,,,,,,
DMG-MQE-0,Entry #1,3615retro-1,https://gbhwdb.gekkio.fi/cartridges/DMG-MQE-0/3615retro-1.html,3615Retro,"Super Mario Land 2 - 6 Golden Coins (USA, Europe)",DMG-MQ-FAH,22,DMG-DECN-02,B,4,October/1992,1992,October,,ROM,,DMG-MQE-0 S LH534M02 JAPAN E1 9244 D,Sharp,Week 44/1992,1992,,44,Mapper,MBC1B1,DMG MBC1B1 Nintendo S 9224 1 A,Sharp,Week 24/1992,1992,,24,RAM,LH5168NFB-10TL,LH5168NFB-10TL LSI LOGIC JAPAN D244 1 BC,LSI Logic,Week 44/1992,1992,,44,Supervisor & Reset,MM1026A,2J5 26A,Mitsumi,1992,1992,,,,,,,,,,,,,,,,,,,,,,,,,,,,,,,,,,,CR1616,,,,,,,d5ec24e4,a8413347d5df8c9d14f97f0330d67bce,bba408539ecbf8d322324956d859bc86e2a9977b,5450dce1bd0c073964c374b5b5b5729dce8d00f2e807892c34af32b8bce1392e
DMG-MQE-0,Entry #1,max-m-1,https://gbhwdb.gekkio.fi/cartridges/DMG-MQE-0/max-m-1.html,max-m,"Super Mario Land 2 - 6 Golden Coins (USA, Europe)",DMG-MQ-NOE,00,DMG-DECN-02,I,2,September/1992,1992,September,,ROM,,DMG-MQE-0 S LH534M02 JAPAN E1 9243 D,Sharp,Week 43/1992,1992,,43,Mapper,MBC1B,Nintendo DMG MBC1B N 9221BA041,NEC,Week 21/1992,1992,,21,RAM,LH5168NFB-10TL,LH5168NFB-10TL LSI LOGIC JAPAN D242 7 BC,LSI Logic,Week 42/1992,1992,,42,Supervisor & Reset,MM1026A,295 26A,Mitsumi,1992,1992,,,,,,,,,,,,,,,,,,,,,,,,,,,,,,,,,,,CR1616,,,,,,,,,,
DMG-MQE-0,Entry #1,tobiasvl-1,https://gbhwdb.gekkio.fi/cartridges/DMG-MQE-0/tobiasvl-1.html,tobiasvl,"Super Mario Land 2 - 6 Golden Coins (USA, Europe)",DMG-MQ-UKV,23,DMG-DECN-02,I,2,November/1992,1992,November,,ROM,,DMG-MQE-0 S LH534M02 JAPAN E1 9248 D,Sharp,Week 48/1992,1992,,48,Mapper,MBC1B,Nintendo DMG MBC1B N 9245BA035,NEC,Week 45/1992,1992,,45,RAM,LH5168NFB-10TL,LH5168NFB-10TL LSI LOGIC JAPAN D244 7 BC,LSI Logic,Week 44/1992,1992,,44,Supervisor & Reset,MM1026A,2J5 26A,Mitsumi,1992,1992,,,,,,,,,,,,,,,,,,,,,,,,,,,,,,,,,,,CR1616,,,,,,,,,,
DMG-MQE-2,Entry #1,beckybecky125-1,https://gbhwdb.gekkio.fi/cartridges/DMG-MQE-2/beckybecky125-1.html,beckybecky125,"Super Mario Land 2 - 6 Golden Coins (USA, Europe) (Rev 2)",DMG-MQ-USA-1,20B,DMG-DECN-10,K,6,March/1998,1998,March,,ROM,μPD23C4001EJGW,DMG-MQE-2 E1 N-4001EJGW-J08 9822E7026,NEC,Week 22/1998,1998,,22,Mapper,MBC1B1,DMG MBC1B1 Nintendo S 9816 5 A,Sharp,Week 16/1998,1998,,16,RAM,BR6265BF-10SL,BR6265BF-10SL 814 136N,ROHM,Week 14/1998,1998,,14,Supervisor & Reset,MM1026A,746 26A,Mitsumi,1997,1997,,,,,,,,,,,,,,,,,,,,,,,,,,,,,,,,,,,CR1616,98-02,,February/1998,1998,February,,635a9112,4bd6e929ec716a5c7fe7dc684860d551,d11d94fa3c36b9f72e925070b66bb4f16d31001e,42045a1642f77b568534ab85b9db93c8a33d2b95c38ae84c987f497e8d52f97f
DMG-MQE-2,Entry #1,davidslv-1,https://gbhwdb.gekkio.fi/cartridges/DMG-MQE-2/davidslv-1.html,davidslv,"Super Mario Land 2 - 6 Golden Coins (USA, Europe) (Rev 2)",DMG-MQ-UKV,05B,DMG-DECN-02,I,6,December/1992,1992,December,,ROM,TC534000BF,TOSHIBA 9301EAI TC534000BF DMG-MQE-2 E1 N516 JAPAN,Toshiba,Week 1/1993,1993,,1,Mapper,MBC1B,Nintendo DMG MBC1B N 9251BA083,NEC,Week 51/1992,1992,,51,RAM,HY6264ALLJ-10,HYUNDAI HY6264ALLJ-10 9249A KOREA,Hyundai,Week 49/1992,1992,,49,Supervisor & Reset,BA6129,6129 2C71,ROHM,December/1992,1992,December,,,,,,,,,,,,,,,,,,,,,,,,,,,,,,,,,,CR1616,,,,,,,,,,
DMG-MQE-2,Entry #1,gdsn-1,https://gbhwdb.gekkio.fi/cartridges/DMG-MQE-2/gdsn-1.html,gdsn,"Super Mario Land 2 - 6 Golden Coins (USA, Europe) (Rev 2)",DMG-MQ-FAH,22B,DMG-DECN-02,B,6,May/1993,1993,May,,ROM,,DMG-MQE-2 S LH534MN3 JAPAN E1 9323 D,Sharp,Week 23/1993,1993,,23,Mapper,MBC1B,DMG MBC1-B Nintendo P 3'31,Panasonic,March/1993,1993,March,,RAM,MN4464S-08LL,Panasonic JAPAN MN4464S-08LL 93205B035,Panasonic,Week 20/1993,1993,,20,Supervisor & Reset,MM1026A,325 26A,Mitsumi,1993,1993,,,,,,,,,,,,,,,,,,,,,,,,,,,,,,,,,,,CR1616,93-02,,February/1993,1993,February,,,,,
DMG-MQE-2,Entry #1,ikk5-1,https://gbhwdb.gekkio.fi/cartridges/DMG-MQE-2/ikk5-1.html,ikk5,"Super Mario Land 2 - 6 Golden Coins (USA, Europe) (Rev 2)",DMG-MQ-FAH,22B,DMG-DECN-02,I,3,May/1993,1993,May,,ROM,,JAPAN DMG-MQE-2 E1 56P BK 9322 R60,Fujitsu,Week 22/1993,1993,,22,Mapper,MBC1B1,DMG MBC1B1 Nintendo S 9216 7 A,Sharp,Week 16/1992,1992,,16,RAM,LH5168NFB-10TL,LH5168NFB-10TL LSI LOGIC JAPAN D249 1 BC,LSI Logic,Week 49/1992,1992,,49,Supervisor & Reset,MM1026A,325 26A,Mitsumi,1993,1993,,,,,,,,,,,,,,,,,,,,,,,,,,,,,,,,,,,CR1616,93-02,,February/1993,1993,February,,,,,
DMG-MQE-2,Entry #2,ikk5-2,https://gbhwdb.gekkio.fi/cartridges/DMG-MQE-2/ikk5-2.html,ikk5,"Super Mario Land 2 - 6 Golden Coins (USA, Europe) (Rev 2)",DMG-MQ-EUR,12B,DMG-DECN-10,CM,5,October/1998,1998,October,,ROM,μPD23C4001EJGW,DMG-MQE-2 E1 N-4001EJGW-J08 9846E7006,NEC,Week 46/1998,1998,,46,Mapper,MBC1B1,DMG MBC1B1 Nintendo S 9842 5 A,Sharp,Week 42/1998,1998,,42,RAM,LH5164AN-10L,LH5164AN-10L SHARP A9816 1 CB,Sharp,Week 16/1998,1998,,16,Supervisor & Reset,BA6129A,6129A 8T08,ROHM,1998,1998,,,,,,,,,,,,,,,,,,,,,,,,,,,,,,,,,,,CR1616,98-10,,October/1998,1998,October,,,,,
DMG-MQE-2,Entry #1,kai-1,https://gbhwdb.gekkio.fi/cartridges/DMG-MQE-2/kai-1.html,Kai,"Super Mario Land 2 - 6 Golden Coins (USA, Europe) (Rev 2)",DMG-MQ-UKV,11B,DMG-DECN-02,I,1,December/1992,1992,December,,ROM,TC534000BF,TOSHIBA 9301EAI TC534000BF DMG-MQE-2 E1 N516 JAPAN,Toshiba,Week 1/1993,1993,,1,Mapper,MBC1B,DMG MBC1B Nintendo J9246BR,Motorola,Week 46/1992,1992,,46,RAM,HY6264ALLJ-10,HYUNDAI HY6264ALLJ-10 9249A KOREA,Hyundai,Week 49/1992,1992,,49,Supervisor & Reset,BA6129,6129 2B09,ROHM,November/1992,1992,November,,,,,,,,,,,,,,,,,,,,,,,,,,,,,,,,,,CR1616,,,,,,,,,,
DMG-MQE-2,Entry #1,melongx-1,https://gbhwdb.gekkio.fi/cartridges/DMG-MQE-2/melongx-1.html,MelonGx,"Super Mario Land 2 - 6 Golden Coins (USA, Europe) (Rev 2)",DMG-401CHN,,DMG-DECN-M01,HS,3,October/1994,1994,October,,ROM,μPD23C4001EAGW,MANI DMG-MQE-2 23C4001EAGW-J22 9447X9200,Mani Ltd.,Week 47/1994,1994,,47,Mapper,MBC1B,Nintendo DMG MBC1B N 9423BA012,NEC,Week 23/1994,1994,,23,RAM,HY6264ALLJ-10,HYUNDAI HY6264ALLJ-10 9422B KOREA,Hyundai,Week 22/1994,1994,,22,Supervisor & Reset,BA6129A,6129A 4A16,ROHM,October/1994,1994,October,,,,,,,,,,,,,,,,,,,,,,,,,,,,,,,,,,CR1616,,,,,,,,,,
DMG-MXE-0,Entry #1,ben-black-1,https://gbhwdb.gekkio.fi/cartridges/DMG-MXE-0/ben-black-1.html,Ben Black,Motocross Maniacs (USA),DMG-MX-USA,20,DMG-AAA-02,B,3,March/1989,1989,March,,ROM,LH53259,DMG-MXE-0 SHARP JAPAN A0 9012 D,Sharp,Week 12/1990,1990,,12,,,,,,,,,,,,,,,,,,,,,,,,,,,,,,,,,,,,,,,,,,,,,,,,,,,,,,,,,,,,,,,,,,,
DMG-N6X-0,Entry #1,issotm-1,https://gbhwdb.gekkio.fi/cartridges/DMG-N6X-0/issotm-1.html,ISSOtm,Super Battletank (Europe),DMG-N6-EUR,22,DMG-BEAN(K)-10,,1,,,,,ROM,LH530800A,DMG-N6X-0 S LH531HPT JAPAN C1 9715 D,Sharp,Week 15/1997,1997,,15,Mapper,MBC1B,DMG MBC1-B Nintendo P 7'25,Panasonic,,,February,,,,,,,,,,,,,,,,,,,,,,,,,,,,,,,,,,,,,,,,,,,,,,,,,,,,,,,,,,,,
DMG-NBA-0,Entry #1,gekkio-1,https://gbhwdb.gekkio.fi/cartridges/DMG-NBA-0/gekkio-1.html,gekkio,Kaisen Game - Navyblue (Japan) (En),DMG-NBA,22,DMG-BBA-02,I,5,November/1989,1989,November,,ROM,LH53515,DMG-NBA-0 SHARP JAPAN B0 8949 D,Sharp,Week 49/1989,1989,,49,Mapper,MBC1A,DMG MBC1A Nintendo S 8944 1 A,Sharp,Week 44/1989,1989,,44,,,,,,,,,,,,,,,,,,,,,,,,,,,,,,,,,,,,,,,,,,,,,,,,,,,,,,,,,,,bd8439e5fcad770a1f9a2c2bd417c2cf615ea5d4576a9a110d5d90bb31906242
DMG-NCE-0,Entry #1,gekkio-1,https://gbhwdb.gekkio.fi/cartridges/DMG-NCE-0/gekkio-1.html,gekkio,"Nintendo World Cup (USA, Europe)",DMG-NC-FAH,23,DMG-BEAN-02,B,6,April/1991,1991,April,,ROM,LH530800,DMG-NCE-0 S LH5308U4 JAPAN C1 9116 D,Sharp,Week 16/1991,1991,,16,Mapper,MBC1B,Nintendo DMG MBC1B N 9102BA015,NEC,Week 2/1991,1991,,2,,,,,,,,,,,,,,,,,,,,,,,,,,,,,,,,,,,,,,,,,,,,,,,,,,,,,,,,,,,
DMG-NCE-0,Entry #1,irfon-jones-1,https://gbhwdb.gekkio.fi/cartridges/DMG-NCE-0/irfon-jones-1.html,Irfon Jones,"Nintendo World Cup (USA, Europe)",DMG-NC-UKV,05,DMG-BEAN-02,I,1,August/1991,1991,August,,ROM,TC531001CF,TOSHIBA 9136EAI TC531001CF DMG-NCE-0 C1 J541 JAPAN,Toshiba,Week 36/1991,1991,,36,Mapper,MBC1B,DMG MBC1B Nintendo S 9136 7 A,Sharp,Week 36/1991,1991,,36,,,,,,,,,,,,,,,,,,,,,,,,,,,,,,,,,,,,,,,,,,,,,,,,,,,,,,,,,,,
DMG-NCE-0,Entry #1,issotm-1,https://gbhwdb.gekkio.fi/cartridges/DMG-NCE-0/issotm-1.html,ISSOtm,"Nintendo World Cup (USA, Europe)",,23,DMG-BEAN-02,B,4,November/1991,1991,November,,ROM,TC531001CF,TOSHIBA 9149EAI TC531001CF DMG-NCE-0 C1 J541 JAPAN,Toshiba,Week 49/1991,1991,,49,Mapper,MBC1B,Nintendo DMG MBC1B N 9150BA048,NEC,Week 50/1991,1991,,50,,,,,,,,,,,,,,,,,,,,,,,,,,,,,,,,,,,,,,,,,,,,,,,,,,,,,,,,,,,
DMG-NEE-0,Entry #1,3615retro-1,https://gbhwdb.gekkio.fi/cartridges/DMG-NEE-0/3615retro-1.html,3615Retro,Gradius - The Interstellar Assault (USA),DNG-NE-USA,22,DMG-BEAN-02,I,5,November/1991,1991,November,,ROM,LH532100,DMG-NEE-0 S LH5321GD JAPAN D1 9149 D,Sharp,Week 49/1991,1991,,49,Mapper,MBC1B,DMG MBC1-B Nintendo P 1'D1,Panasonic,December/1991,1991,December,,,,,,,,,,,,,,,,,,,,,,,,,,,,,,,,,,,,,,,,,,,,,,,,,,,,,,,,,90f87d57,e10f788da29e18934c3e9161b25b96c7,7a50fdf0b8ad15556c933df0657fae0a2cd8bc92,2ed249eb86d4fd01e10efd1787a545f4921c19dc0e00b5c516b8bbdfe4c4aedc
DMG-NEX-0,Entry #1,3615retro-1,https://gbhwdb.gekkio.fi/cartridges/DMG-NEX-0/3615retro-1.html,3615Retro,Nemesis II - The Return of the Hero (Europe),DMG-NE-FAH,23,DMG-BEAN-02,I,6,February/1993,1993,February,,ROM,,JAPAN DMG-NEX-0 D1 2N9 AK 9307 R13,Fujitsu,Week 7/1993,1993,,7,Mapper,MBC1B,DMG MBC1B Nintendo J9239BR,Motorola,Week 39/1992,1992,,39,,,,,,,,,,,,,,,,,,,,,,,,,,,,,,,,,,,,,,,,,,,,,,,,,,,,,,,,c3e62a35,ba760b6d4b96baf0fa2e7ad6e4498a95,ee59da08c23102ab99a28c5da9ceaf222e7fb461,89fe8f0c84f938abc996e160e4820a9958c01191fd0868aacd439b3c93f51849
DMG-NME-0,Entry #1,mattcurrie-1,https://gbhwdb.gekkio.fi/cartridges/DMG-NME-0/mattcurrie-1.html,mattcurrie,Nemesis (USA),DMG-NM-USA,23,DMG-BEAN-01,I,5,March/1990,1990,March,,ROM,,DMG-NME-0 SHARP JAPAN C1 9009 E,Sharp,Week 9/1990,1990,,9,Mapper,MBC1B,DMG MBC1-B Nintendo P 0'21,Panasonic,February/1990,1990,February,,,,,,,,,,,,,,,,,,,,,,,,,,,,,,,,,,,,,,,,,,,,,,,,,,,,,,,,,,,,
DMG-NMX-0,Entry #1,3615retro-1,https://gbhwdb.gekkio.fi/cartridges/DMG-NMX-0/3615retro-1.html,3615Retro,Nemesis (Europe),DMG-NM-FAH,22,DMG-BEAN-02,T,1,October/1991,1991,October,,ROM,TC531001CF,TOSHIBA 9140EAI TC531001CF DMG-NMX-0 C1 J597 JAPAN,Toshiba,Week 40/1991,1991,,40,Mapper,MBC1B,DMG MBC1B Nintendo S 9146 5 AA,Sharp,Week 46/1991,1991,,46,,,,,,,,,,,,,,,,,,,,,,,,,,,,,,,,,,,,,,,,,,,,,,,,,,,,,,,,19930ea5,4d4eae6560062b9a12d9770653f1a53f,e95e7a476a160bc0a685112d80239a5d669fd192,e807eef2018cb12c73a5395a47936ce0b24b1e8876c10e3dff6b2d30873e52f3
DMG-NMX-0,Entry #1,gekkio-1,https://gbhwdb.gekkio.fi/cartridges/DMG-NMX-0/gekkio-1.html,gekkio,Nemesis (Europe),DMG-NM-NOE,23,DMG-BEAN-02,T,5,August/1991,1991,August,,ROM,TC531001CF,TOSHIBA 9136EAI TC531001CF DMG-NMX-0 C1 J597 JAPAN,Toshiba,Week 36/1991,1991,,36,Mapper,MBC1B,DMG MBC1B Nintendo J9130BR,Motorola,Week 30/1991,1991,,30,,,,,,,,,,,,,,,,,,,,,,,,,,,,,,,,,,,,,,,,,,,,,,,,,,,,,,,,,,,e807eef2018cb12c73a5395a47936ce0b24b1e8876c10e3dff6b2d30873e52f3
DMG-NTE-0,Entry #1,granmastro-1,https://gbhwdb.gekkio.fi/cartridges/DMG-NTE-0/granmastro-1.html,Granmastro,Teenage Mutant Ninja Turtles - Fall of the Foot Clan (USA),DMG-NT-USA,,DMG-BEAN-01,I,4,August/1990,1990,August,,ROM,LH530800,DMG-NTE-0 S LH5308NS JAPAN C1 9034 E,Sharp,Week 34/1990,1990,,34,Mapper,MBC1A,DMG MBC1A Nintendo S 9031 3 A,Sharp,Week 31/1990,1990,,31,,,,,,,,,,,,,,,,,,,,,,,,,,,,,,,,,,,,,,,,,,,,,,,,,,,,,,,,,,,
DMG-NWJ-0,Entry #1,mattcurrie-1,https://gbhwdb.gekkio.fi/cartridges/DMG-NWJ-0/mattcurrie-1.html,mattcurrie,Noobow (Japan),DMG-NWJ,22,DMG-BEAN-02,I,3,October/1992,1992,October,,ROM,LH532100,DMG-NWJ-0 S LH5321F3 JAPAN D1 9244 D,Sharp,Week 44/1992,1992,,44,Mapper,MBC1B1,DMG MBC1B1 Nintendo S 9222 5 A,Sharp,Week 22/1992,1992,,22,,,,,,,,,,,,,,,,,,,,,,,,,,,,,,,,,,,,,,,,,,,,,,,,,,,,,,,,,,,
DMG-NYJ-0,Entry #1,marcao-cfh-1,https://gbhwdb.gekkio.fi/cartridges/DMG-NYJ-0/marcao-cfh-1.html,marcao_cfh,Nobunaga no Yabou - Game Boy Ban (Japan),DMG-NYJ,,DMG-DECN-01,I,4,October/1990,1990,October,,ROM,LH530800,DMG-NYJ-0 S LH5308P9 JAPAN C1 9046 E,Sharp,Week 46/1990,1990,,46,Mapper,MBC1B,Nintendo DMG MBC1B N 9026BA005,NEC,Week 26/1990,1990,,26,RAM,LH5168NF-10L,LH5168NF-10L SHARP JAPAN 9039 5 S,Sharp,Week 39/1990,1990,,39,Supervisor & Reset,MM1026A,0J5 26A,Mitsumi,1990,1990,,,,,,,,,,,,,,,,,,,,,,,,,,,,,,,,,,,CR1616,90-10,,October/1990,1990,October,,,,,
DMG-OFX-0,Entry #1,ikk5-1,https://gbhwdb.gekkio.fi/cartridges/DMG-OFX-0/ikk5-1.html,ikk5,Tip Off (Europe),DMG-OF-UKV,23,DMG-BEAN-02,I,6,February/1993,1993,February,,ROM,μPD23C1001EAGW,STANDARD MICRO DMG-OFX-0 C1 23C1001EAGW-K03 9306E9020,Standard Microsystems Corporation,Week 6/1993,1993,,6,Mapper,MBC1B,DMG MBC1B Nintendo J9243BR,Motorola,Week 43/1992,1992,,43,,,,,,,,,,,,,,,,,,,,,,,,,,,,,,,,,,,,,,,,,,,,,,,,,,,,,,,,,,,
DMG-OPX-0,Entry #1,issotm-1,https://gbhwdb.gekkio.fi/cartridges/DMG-OPX-0/issotm-1.html,ISSOtm,Pop Up (Europe),DMG-OP-FAH,22,DMG-AAA-10,I,1,May/1997,1997,May,,ROM,LH53259,DMG-OPX-0 S LH5359UZ JAPAN A0 9722 D,Sharp,Week 22/1997,1997,,22,,,,,,,,,,,,,,,,,,,,,,,,,,,,,,,,,,,,,,,,,,,,,,,,,,,,,,,,,,,,,,,,,,,
DMG-OTX-0,Entry #1,ikk5-1,https://gbhwdb.gekkio.fi/cartridges/DMG-OTX-0/ikk5-1.html,ikk5,Othello (Europe),DMG-OT-FAH,28,DMG-AAA-03,Y,3,October/1991,1991,October,,ROM,LH53259,DMG-OTX-0 S LH5359UD JAPAN A0 9148 D,Sharp,Week 48/1991,1991,,48,,,,,,,,,,,,,,,,,,,,,,,,,,,,,,,,,,,,,,,,,,,,,,,,,,,,,,,,,,,,,,,,,,,
DMG-OTX-0,Entry #1,issotm-1,https://gbhwdb.gekkio.fi/cartridges/DMG-OTX-0/issotm-1.html,ISSOtm,Othello (Europe),DMG-OT-FAH,22,DMG-AAA-03,Y,1,August/1991,1991,August,,ROM,LH53259,DMG-OTX-0 S LH5359UD JAPAN A0 9139 D,Sharp,Week 39/1991,1991,,39,,,,,,,,,,,,,,,,,,,,,,,,,,,,,,,,,,,,,,,,,,,,,,,,,,,,,,,,,,,,,,,,,,,
DMG-OTX-0,Entry #2,issotm-2,https://gbhwdb.gekkio.fi/cartridges/DMG-OTX-0/issotm-2.html,ISSOtm,Othello (Europe),DMG-OT-FAH,22,DMG-AAA-03,Y,4,August/1991,1991,August,,ROM,LH53259,DMG-OTX-0 S LH5359UD JAPAN A0 9139 D,Sharp,Week 39/1991,1991,,39,,,,,,,,,,,,,,,,,,,,,,,,,,,,,,,,,,,,,,,,,,,,,,,,,,,,,,,,,,,,,,,,,,,
DMG-P3E-0,Entry #1,ikk5-1,https://gbhwdb.gekkio.fi/cartridges/DMG-P3E-0/ikk5-1.html,ikk5,A-mazing Tater (USA),DMG-P3-USA,23,DMG-BEAN-02,I,3,November/1991,1991,November,,ROM,LH53514,DMG-P3E-0 S LH5314D8 JAPAN B1 9151 E,Sharp,Week 51/1991,1991,,51,Mapper,MBC1B,DMG MBC1B Nintendo S 9151 1 AB,Sharp,Week 51/1991,1991,,51,,,,,,,,,,,,,,,,,,,,,,,,,,,,,,,,,,,,,,,,,,,,,,,,,,,,,,,,,,,
DMG-PBE-0,Entry #1,beckybecky125-1,https://gbhwdb.gekkio.fi/cartridges/DMG-PBE-0/beckybecky125-1.html,beckybecky125,"Pinball - Revenge of the 'Gator (USA, Europe)",DMG-PB-USA-1,22,DMG-BEAN-10,I,2,January/1998,1998,January,,ROM,LH53517,DMG-PBE-0 S LH5317VG JAPAN B1 9808 D,Sharp,Week 8/1998,1998,,8,Mapper,MBC1B,DMG MBC1-B Nintendo P 7'D9,Panasonic,December/1997,1997,December,,,,,,,,,,,,,,,,,,,,,,,,,,,,,,,,,,,,,,,,,,,,,,,,,,,,,,,,,79804305,113d8f894df6b8c3641b2ba1fe60c250,493834db1c3c7859086a1c570a4bf5e5f6dd332b,d84a2382b358d83a0891d40b2de65494f060d8be1a048d5aa8721282218b04b6
DMG-PBJ-0,Entry #1,gekkio-1,https://gbhwdb.gekkio.fi/cartridges/DMG-PBJ-0/gekkio-1.html,gekkio,Pinball - 66hiki no Wani Daikoushin! (Japan),DMG-PBJ,23,DMG-BBA-02,I,1,September/1989,1989,September,,ROM,LH53515,DMG-PBJ-0 SHARP JAPAN B0 8939 D,Sharp,Week 39/1989,1989,,39,Mapper,MBC1A,DMG MBC1A Nintendo S 8934 5 A,Sharp,Week 34/1989,1989,,34,,,,,,,,,,,,,,,,,,,,,,,,,,,,,,,,,,,,,,,,,,,,,,,,,,,,,,,,,,,6d86dcf9c8529ebfcbdcfcfbbdc4d28ab662599674b7232b8733c5fe1badb1ab
DMG-PBJ-0,Entry #2,gekkio-2,https://gbhwdb.gekkio.fi/cartridges/DMG-PBJ-0/gekkio-2.html,gekkio,Pinball - 66hiki no Wani Daikoushin! (Japan),DMG-PBJ,23,DMG-BBA-02,I,1,September/1989,1989,September,,ROM,LH53515,DMG-PBJ-0 SHARP JAPAN B0 8939 D,Sharp,Week 39/1989,1989,,39,Mapper,MBC1A,DMG MBC1A Nintendo S 8938 5 A,Sharp,Week 38/1989,1989,,38,,,,,,,,,,,,,,,,,,,,,,,,,,,,,,,,,,,,,,,,,,,,,,,,,,,,,,,,,,,6d86dcf9c8529ebfcbdcfcfbbdc4d28ab662599674b7232b8733c5fe1badb1ab
DMG-PCE-0,Entry #1,beckybecky125-1,https://gbhwdb.gekkio.fi/cartridges/DMG-PCE-0/beckybecky125-1.html,beckybecky125,Pac-Man (USA),DMG-PC-USA,22,DMG-BEAN-02,I,3,August/1991,1991,August,,ROM,LH53514,DMG-PCE-0 S LH5314G2 JAPAN B1 9134 E,Sharp,Week 34/1991,1991,,34,Mapper,MBC1B,Nintendo DMG MBC1B N 9131BA030,NEC,Week 31/1991,1991,,31,,,,,,,,,,,,,,,,,,,,,,,,,,,,,,,,,,,,,,,,,,,,,,,,,,,,,,,,,,,
DMG-PCE-0,Entry #1,gekkio-1,https://gbhwdb.gekkio.fi/cartridges/DMG-PCE-0/gekkio-1.html,gekkio,Pac-Man (USA),DMG-PC-USA,12,DMG-BEAN-10,I,2,September/1998,1998,September,,ROM,LH53517,DMG-PCE-0 S LH531723 JAPAN B1 9842 D,Sharp,Week 42/1998,1998,,42,Mapper,MBC1B1,DMG MBC1B1 Nintendo S 9838 5 A,Sharp,Week 38/1998,1998,,38,,,,,,,,,,,,,,,,,,,,,,,,,,,,,,,,,,,,,,,,,,,,,,,,,,,,,,,,,,,d07986785d76db33e96ccbbe840ac962542f1c359e5b896e6478afd5cf9586b3
DMG-PCX-0,Entry #1,ikk5-1,https://gbhwdb.gekkio.fi/cartridges/DMG-PCX-0/ikk5-1.html,ikk5,Pac-Man (Europe),DMG-PC-FAH,23,DMG-BEAN-02,I,4,January/1993,1993,January,,ROM,LH53514,DMG-PCX-0 S LH5314EY JAPAN B1 9308 E,Sharp,Week 8/1993,1993,,8,Mapper,MBC1B,DMG MBC1B Nintendo J9239BR,Motorola,Week 39/1992,1992,,39,,,,,,,,,,,,,,,,,,,,,,,,,,,,,,,,,,,,,,,,,,,,,,,,,,,,,,,,,,,
DMG-PDE-0,Entry #1,ben-black-1,https://gbhwdb.gekkio.fi/cartridges/DMG-PDE-0/ben-black-1.html,Ben Black,Pipe Dream (USA),DMG-PD-USA,22,DMG-AAA-03,B,6,July/1990,1990,July,,ROM,LH53259,DMG-PDE-0 SHARP JAPAN A0 9033 D,Sharp,Week 33/1990,1990,,33,,,,,,,,,,,,,,,,,,,,,,,,,,,,,,,,,,,,,,,,,,,,,,,,,,,,,,,,,,,,,,,,,,,
DMG-PME-0,Entry #1,tobiasvl-1,https://gbhwdb.gekkio.fi/cartridges/DMG-PME-0/tobiasvl-1.html,tobiasvl,Catrap (USA),DMG-PM-USA,22,DMG-AAA-03,B,5,August/1990,1990,August,,ROM,LH53259,DMG-PME-0 SHARP JAPAN A0 9034 D,Sharp,Week 34/1990,1990,,34,,,,,,,,,,,,,,,,,,,,,,,,,,,,,,,,,,,,,,,,,,,,,,,,,,,,,,,,,,,,,,,,,,,
DMG-PTJ-0,Entry #1,granmastro-1,https://gbhwdb.gekkio.fi/cartridges/DMG-PTJ-0/granmastro-1.html,Granmastro,Pachinko Time (Japan),DMG-PTJ,,DMG-BBA-02,I,4,October/1989,1989,October,,ROM,LH53515,DMG-PTJ-0 SHARP JAPAN B0 8944 D,Sharp,Week 44/1989,1989,,44,Mapper,MBC1B,Nintendo DMG MBC1B 8941AE,NEC,Week 41/1989,1989,,41,,,,,,,,,,,,,,,,,,,,,,,,,,,,,,,,,,,,,,,,,,,,,,,,,,,,,,,,,,,
DMG-PVX-0,Entry #1,3615retro-1,https://gbhwdb.gekkio.fi/cartridges/DMG-PVX-0/3615retro-1.html,3615Retro,Parodius (Europe),DMG-PV-FAH,22,DMG-BEAN-02,I,3,October/1992,1992,October,,ROM,LH532100,DMG-PVX-0 S LH5321ED JAPAN D1 9248 D,Sharp,Week 48/1992,1992,,48,Mapper,MBC1B1,DMG MBC1B1 Nintendo S 9246 1 A,Sharp,Week 46/1992,1992,,46,,,,,,,,,,,,,,,,,,,,,,,,,,,,,,,,,,,,,,,,,,,,,,,,,,,,,,,,85748525,c94afb46cada0118aa8ff08cc07749a4,a00a1adc326d368e9198c006d43c0fd1ab290219,3bcf1b2fe43907d96e58b9aca893a9124bfb3c35774926279f9368a975665086
DMG-Q6E-0,Entry #1,gekkio-1,https://gbhwdb.gekkio.fi/cartridges/DMG-Q6E-0/gekkio-1.html,gekkio,"NFL Quarterback Club (USA, Europe)",DMG-Q6-NOE,23,DMG-BEAN-02,Y,2,November/1993,1993,November,,ROM,μPD23C1001EAGW,Ⓜ AT&T JAPAN DMG-Q6E-0 C1 23C1001EAGW-K37 9351E9005,AT&T Technologies,Week 51/1993,1993,,51,Mapper,MBC1B1,DMG MBC1B1 Nintendo S 9348 3 A,Sharp,Week 48/1993,1993,,48,,,,,,,,,,,,,,,,,,,,,,,,,,,,,,,,,,,,,,,,,,,,,,,,,,,,,,,,,,,d50625512f089c7a8c6ce3a44de7357466d61a2ef91ae0a0b87afce2a2e9621c
DMG-Q6E-0,Entry #2,gekkio-2,https://gbhwdb.gekkio.fi/cartridges/DMG-Q6E-0/gekkio-2.html,gekkio,"NFL Quarterback Club (USA, Europe)",DMG-Q6-NOE,23,DMG-BEAN-02,I,6,November/1993,1993,November,,ROM,μPD23C1001EAGW,Ⓜ AT&T JAPAN DMG-Q6E-0 C1 23C1001EAGW-K37 9349E9004,AT&T Technologies,Week 49/1993,1993,,49,Mapper,MBC1B1,DMG MBC1B1 Nintendo S 9341 3 A,Sharp,Week 41/1993,1993,,41,,,,,,,,,,,,,,,,,,,,,,,,,,,,,,,,,,,,,,,,,,,,,,,,,,,,,,,,,,,d50625512f089c7a8c6ce3a44de7357466d61a2ef91ae0a0b87afce2a2e9621c
DMG-QDA-1,Entry #1,beckybecky125-1,https://gbhwdb.gekkio.fi/cartridges/DMG-QDA-1/beckybecky125-1.html,beckybecky125,Donkey Kong (World) (Rev 1) (SGB Enhanced),DMG-QD-USA,22A,DMG-DECN(K)-02,Hs,5,June/1995,1995,June,,ROM,,DMG-QDA-1 S LH534M09 JAPAN E1 9535 D,Sharp,Week 35/1995,1995,,35,Mapper,MBC1B1,DMG MBC1B1 Nintendo S 9535 3 A,Sharp,Week 35/1995,1995,,35,RAM,HY6264ALLJ-10,HY6264A LLJ-10 9525B KOREA,Hyundai,Week 25/1995,1995,,25,Supervisor & Reset,MM1026A,524 26A,Mitsumi,1995,1995,,,,,,,,,,,,,,,,,,,,,,,,,,,,,,,,,,,CR1616,,,,,,,,,,
DMG-QDA-1,Entry #2,beckybecky125-2,https://gbhwdb.gekkio.fi/cartridges/DMG-QDA-1/beckybecky125-2.html,beckybecky125,Donkey Kong (World) (Rev 1) (SGB Enhanced),DMG-QD-USA-1,12A,DMG-DECN-10,I,4,October/1997,1997,October,,ROM,,DMG-QDA-1 S LH5S4MN4 JAPAN E1 9747 D,Sharp,Week 47/1997,1997,,47,Mapper,MBC1B1,DMG MBC1B1 Nintendo S 9743 1 A,Sharp,Week 43/1997,1997,,43,RAM,LH5168N-10PL,LH5168N-10PL MOSEL-VITELIC JAPAN N745 0Z BH,Mosel-Vitelic,Week 45/1997,1997,,45,Supervisor & Reset,BA6129A,6129A 7A29,ROHM,October/1997,1997,October,,,,,,,,,,,,,,,,,,,,,,,,,,,,,,,,,,CR1616,97-11,,November/1997,1997,November,,f777a5d8,4859ec2b18c4fabf489eb570c1d7d326,397ad2ff25627b83e02c71b54c72bb4deb39e0c0,b490c89efe718633b07381def66ce0ed58a5075aabe40c6e644baf2b408a76f4
DMG-QDA-1,Entry #1,ikk5-1,https://gbhwdb.gekkio.fi/cartridges/DMG-QDA-1/ikk5-1.html,ikk5,Donkey Kong (World) (Rev 1) (SGB Enhanced),DMG-QD-NOE,22A,DMG-DECN-02,I,4,June/1994,1994,June,,ROM,,DMG-QDA-1 S LH534M09 JAPAN E1 9427 E,Sharp,Week 27/1994,1994,,27,Mapper,MBC1B,DMG MBC1-B Nintendo P 4'50,Panasonic,May/1994,1994,May,,RAM,HY6264ALLJ-10,HYUNDAI HY6264ALLJ-10 9413B KOREA,Hyundai,Week 13/1994,1994,,13,Supervisor & Reset,BA6129,6129 4328,ROHM,March/1994,1994,March,,,,,,,,,,,,,,,,,,,,,,,,,,,,,,,,,,CR1616,94-04,,April/1994,1994,April,,,,,
DMG-QDA-1,Entry #1,mattcurrie-1,https://gbhwdb.gekkio.fi/cartridges/DMG-QDA-1/mattcurrie-1.html,mattcurrie,Donkey Kong (World) (Rev 1) (SGB Enhanced),DMG-QD-USA,23A,DMG-DECN-02,I,4,December/1994,1994,December,,ROM,,DMG-QDA-1 S LH534M09 JAPAN E1 9501 E,Sharp,Week 1/1995,1995,,1,Mapper,MBC1B1,DMG MBC1B1 Nintendo S 9451 1 A,Sharp,Week 51/1994,1994,,51,RAM,XLJ6265AF-10SL,XLJ6265AF-10SL 437 159,ROHM,Week 37/1994,1994,,37,Supervisor & Reset,MM1026A,422 26A,Mitsumi,1994,1994,,,,,,,,,,,,,,,,,,,,,,,,,,,,,,,,,,,CR1616,,,,,,,,,,
DMG-QHX-0,Entry #1,ikk5-1,https://gbhwdb.gekkio.fi/cartridges/DMG-QHX-0/ikk5-1.html,ikk5,Castle Quest (Europe),DMG-QH-UKV,22,DMG-BEAN-02,B,5,July/1993,1993,July,,ROM,LH530800,DMG-QHX-0 S LH53080K JAPAN C1 9341 E,Sharp,Week 41/1993,1993,,41,Mapper,MBC1B1,DMG MBC1B1 Nintendo S 9338 1 A,Sharp,Week 38/1993,1993,,38,,,,,,,,,,,,,,,,,,,,,,,,,,,,,,,,,,,,,,,,,,,,,,,,,,,,,,,,,,,
DMG-QQJ-1,Entry #1,kai-1,https://gbhwdb.gekkio.fi/cartridges/DMG-QQJ-1/kai-1.html,Kai,Puyo Puyo (Japan) (Rev 1) (SGB Enhanced),DMG-QQJ,22A,DMG-BEAN-02,Y,2,August/1996,1996,August,,ROM,,DMG-QQJ-1 S LH532MY7 JAPAN D1 9638 E,Sharp,Week 38/1996,1996,,38,Mapper,MBC1B1,DMG MBC1B1 Nintendo S 9636 5 A,Sharp,Week 36/1996,1996,,36,,,,,,,,,,,,,,,,,,,,,,,,,,,,,,,,,,,,,,,,,,,,,,,,,,,,,,,,,,,
DMG-QXA-0,Entry #1,beckybecky125-1,https://gbhwdb.gekkio.fi/cartridges/DMG-QXA-0/beckybecky125-1.html,beckybecky125,QIX (World),DMG-QX-USA,05,DMG-BBA-02,B,3,March/1990,1990,March,,ROM,,DMG-QXA-0 OKI JAPAN B0 03 X0 02,OKI,,,,,Mapper,MBC1B,Nintendo DMG MBC1B N 9008BA026,NEC,Week 8/1990,1990,,8,,,,,,,,,,,,,,,,,,,,,,,,,,,,,,,,,,,,,,,,,,,,,,,,,,,,,,,,9185e89e,1c94dccdfaaa0c3e1d6bda5969704885,fb9935ca821562966eafa8f60ec2f489ad33940a,ed110933b5a41ed89d2b980e6e984733833fa6b2c15e5235eff1f5df54175df4
DMG-QXA-0,Entry #1,gekkio-1,https://gbhwdb.gekkio.fi/cartridges/DMG-QXA-0/gekkio-1.html,gekkio,QIX (World),DMG-QXA,23,DMG-BBA-02,B,4,February/1990,1990,February,,ROM,LH53515,DMG-QXA-0 SHARP JAPAN B0 9011 E,Sharp,Week 11/1990,1990,,11,Mapper,MBC1B,Nintendo DMG MBC1B N 9008BA047,NEC,Week 8/1990,1990,,8,,,,,,,,,,,,,,,,,,,,,,,,,,,,,,,,,,,,,,,,,,,,,,,,,,,,,,,,,,,ed110933b5a41ed89d2b980e6e984733833fa6b2c15e5235eff1f5df54175df4
DMG-QXA-0,Entry #1,tobiasvl-1,https://gbhwdb.gekkio.fi/cartridges/DMG-QXA-0/tobiasvl-1.html,tobiasvl,QIX (World),DMG-QX-SCN,22,DMG-BEAN-01,B,6,July/1990,1990,July,,ROM,LH53514,DMG-QXA-0 S LH5314HJ JAPAN B1 9028 E,Sharp,Week 28/1990,1990,,28,Mapper,MBC1B,DMG MBC1-B Nintendo P 0'58,Panasonic,May/1990,1990,May,,,,,,,,,,,,,,,,,,,,,,,,,,,,,,,,,,,,,,,,,,,,,,,,,,,,,,,,,,,,
DMG-R4X-0,Entry #1,tobiasvl-1,https://gbhwdb.gekkio.fi/cartridges/DMG-R4X-0/tobiasvl-1.html,tobiasvl,Mega Man IV (Europe),DMG-R4-EUR,00,DMG-BEAN-02,I,5,October/1995,1995,October,,ROM,,DMG-R4X-0 S LH534MYZ JAPAN E1 9542 D,Sharp,Week 42/1995,1995,,42,Mapper,MBC1B1,DMG MBC1B1 Nintendo S 9542 7 A,Sharp,Week 42/1995,1995,,42,,,,,,,,,,,,,,,,,,,,,,,,,,,,,,,,,,,,,,,,,,,,,,,,,,,,,,,,,,,
DMG-RAE-0,Entry #1,granmastro-1,https://gbhwdb.gekkio.fi/cartridges/DMG-RAE-0/granmastro-1.html,Granmastro,"Gargoyle's Quest (USA, Europe)",DMG-RA-NOE,23,DMG-BEAN-02,I,4,November/1991,1991,November,,ROM,μPD23C1001EAGW,DMG-RAE-0 C1 N-1001EAGW-J09 9145K9027,NEC,Week 45/1991,1991,,45,Mapper,MBC1B,DMG MBC1B Nintendo J9142BR,Motorola,Week 42/1991,1991,,42,,,,,,,,,,,,,,,,,,,,,,,,,,,,,,,,,,,,,,,,,,,,,,,,,,,,,,,,,,,
DMG-RAE-0,Entry #1,louhike-1,https://gbhwdb.gekkio.fi/cartridges/DMG-RAE-0/louhike-1.html,Louhike,"Gargoyle's Quest (USA, Europe)",DMG-RA-FAH,22,DMG-BEAN-02,B,6,June/1991,1991,June,,ROM,μPD23C1001EGW,NEC JAPAN DMG-RAE-0 C1 UPD23C1001EGW-J09 9126E9016,NEC,Week 26/1991,1991,,26,Mapper,MBC1B,DMG MBC1-B Nintendo P 1'65,Panasonic,June/1991,1991,June,,,,,,,,,,,,,,,,,,,,,,,,,,,,,,,,,,,,,,,,,,,,,,,,,,,,,,,,,,,,
DMG-RAE-0,Entry #1,mattcurrie-1,https://gbhwdb.gekkio.fi/cartridges/DMG-RAE-0/mattcurrie-1.html,mattcurrie,"Gargoyle's Quest (USA, Europe)",DMG-RA-NOE,05,DMG-BEAN-01,B,3,October/1990,1990,October,,ROM,μPD23C1001EGW,NEC JAPAN DMG-RAE-0 C1 UPD23C1001EGW-J09 9046E9014,NEC,Week 46/1990,1990,,46,Mapper,MBC1B,Nintendo DMG MBC1B N 9034BA076,NEC,Week 34/1990,1990,,34,,,,,,,,,,,,,,,,,,,,,,,,,,,,,,,,,,,,,,,,,,,,,,,,,,,,,,,,,,,
DMG-RAE-1,Entry #1,ikk5-1,https://gbhwdb.gekkio.fi/cartridges/DMG-RAE-1/ikk5-1.html,ikk5,Gargoyle's Quest (Europe) (Rev 1),DMG-RA-NOE-1,00A,DMG-BEAN-10,I,5,June/1998,1998,June,,ROM,LH530800A,DMG-RAE-1 S LH531HHA JAPAN C1 9826 E,Sharp,Week 26/1998,1998,,26,Mapper,MBC1B1,DMG MBC1B1 Nintendo S 9823 1 A,Sharp,Week 23/1998,1998,,23,,,,,,,,,,,,,,,,,,,,,,,,,,,,,,,,,,,,,,,,,,,,,,,,,,,,,,,,,,,
DMG-RAJ-0,Entry #1,mattcurrie-1,https://gbhwdb.gekkio.fi/cartridges/DMG-RAJ-0/mattcurrie-1.html,mattcurrie,Red Arremer - Makaimura Gaiden (Japan),DMG-RAJ,05,DMG-BEAN-01,I,2,March/1990,1990,March,,ROM,LH530800,DMG-RAJ-0 S LH5308N4 JAPAN C1 9011 E,Sharp,Week 11/1990,1990,,11,Mapper,MBC1A,DMG MBC1A Nintendo S 9010 7 A,Sharp,Week 10/1990,1990,,10,,,,,,,,,,,,,,,,,,,,,,,,,,,,,,,,,,,,,,,,,,,,,,,,,,,,,,,,,,,
DMG-RCE-0,Entry #1,beckybecky125-1,https://gbhwdb.gekkio.fi/cartridges/DMG-RCE-0/beckybecky125-1.html,beckybecky125,"Super R.C. Pro-Am (USA, Europe)",DMG-RC-USA-1,00,DMG-BEAN-10,K,1,March/1998,1998,March,,ROM,LH530800A,DMG-RCE-0 S LH531HHT JAPAN C1 9816 D,Sharp,Week 16/1998,1998,,16,Mapper,MBC1B1,DMG MBC1B1 Nintendo S 9747 5 A,Sharp,Week 47/1997,1997,,47,,,,,,,,,,,,,,,,,,,,,,,,,,,,,,,,,,,,,,,,,,,,,,,,,,,,,,,,7960f33f,9ba2999ef3ecf9e27ac6c88e995c9d7a,37c0a74532ed283f56e940bb5c38e757a0eee6e0,e1517cc2d44bbcde58ea547cc4a777b475b1ddd0770fe231e2c3c5331cf0d19e
DMG-RCE-0,Entry #1,davidslv-1,https://gbhwdb.gekkio.fi/cartridges/DMG-RCE-0/davidslv-1.html,davidslv,"Super R.C. Pro-Am (USA, Europe)",DMG-RC-EUR,00,DMG-BEAN-10,K,2,August/1998,1998,August,,ROM,LH530800A,DMG-RCE-0 S LH531HHT JAPAN C1 9838 D,Sharp,Week 38/1998,1998,,38,Mapper,MBC1B1,DMG MBC1B1 Nintendo S 9837 3 A,Sharp,Week 37/1998,1998,,37,,,,,,,,,,,,,,,,,,,,,,,,,,,,,,,,,,,,,,,,,,,,,,,,,,,,,,,,,,,
DMG-RCE-0,Entry #1,ikk5-1,https://gbhwdb.gekkio.fi/cartridges/DMG-RCE-0/ikk5-1.html,ikk5,"Super R.C. Pro-Am (USA, Europe)",DMG-RC-EUR,22,DMG-BEAN-10,I,3,November/1998,1998,November,,ROM,LH530800A,DMG-RCE-0 S LH531HHT JAPAN C1 9902 D,Sharp,Week 2/1999,1999,,2,Mapper,MBC1B1,DMG MBC1B1 Nintendo S 9844 7 A,Sharp,Week 44/1998,1998,,44,,,,,,,,,,,,,,,,,,,,,,,,,,,,,,,,,,,,,,,,,,,,,,,,,,,,,,,,,,,
DMG-REA-0,Entry #1,gekkio-1,https://gbhwdb.gekkio.fi/cartridges/DMG-REA-0/gekkio-1.html,gekkio,R-Type (Japan) (En),DMG-REA,23,DMG-BEAN-02,I,3,January/1991,1991,January,,ROM,μPD23C1001EGW,DMG-REA-0 C1 N-1001EGW-J28 9106E9026,NEC,Week 6/1991,1991,,6,Mapper,MBC1B,Nintendo DMG MBC1B N 9035BA070,NEC,Week 35/1990,1990,,35,,,,,,,,,,,,,,,,,,,,,,,,,,,,,,,,,,,,,,,,,,,,,,,,,,,,,,,,,,,13ebd7375c8cfb16cdcecd3fe396d2a34e164ca73238f7cd06b49c8baded3bf4
DMG-REE-0,Entry #1,3615retro-1,https://gbhwdb.gekkio.fi/cartridges/DMG-REE-0/3615retro-1.html,3615Retro,"R-Type (USA, Europe)",DMG-RE-FAH,22,DMG-BEAN-02,I,2,July/1991,1991,July,,ROM,μPD23C1001EGW,DMG-REE-0 C1 N-1001EGW-J36 9128E9006,NEC,Week 28/1991,1991,,28,Mapper,MBC1B,DMG MBC1B Nintendo S 9129 3 A,Sharp,Week 29/1991,1991,,29,,,,,,,,,,,,,,,,,,,,,,,,,,,,,,,,,,,,,,,,,,,,,,,,,,,,,,,,e0f23fc0,972dc35b3b2bd0762999b1ae48da94f6,28531a4eb668477df98caf0e87cedc0e5fdfe53b,8cebc4b128b79dd1b53a5b5a99450bb2783b86840ec61b22e70245dd6df8c39b
DMG-RJX-0,Entry #1,mattcurrie-1,https://gbhwdb.gekkio.fi/cartridges/DMG-RJX-0/mattcurrie-1.html,mattcurrie,B.C. Kid 2 (Europe) (SGB Enhanced),DMG-RJ-EUR,22,DMG-BEAN-02,I,2,April/1995,1995,April,,ROM,,DMG-RJX-0 S LH532MW7 JAPAN D1 9518 D,Sharp,Week 18/1995,1995,,18,Mapper,MBC1B,DMG MBC1-B Nintendo P 5'34,Panasonic,March/1995,1995,March,,,,,,,,,,,,,,,,,,,,,,,,,,,,,,,,,,,,,,,,,,,,,,,,,,,,,,,,,,,,
DMG-RME-0,Entry #1,ikk5-1,https://gbhwdb.gekkio.fi/cartridges/DMG-RME-0/ikk5-1.html,ikk5,"Radar Mission (USA, Europe)",DMG-RM-FAH,22,DMG-BEAN-02,T,4,September/1991,1991,September,,ROM,TC531001CF,TOSHIBA 9131EAI TC531001CF DMG-RME-0 C1 J529 JAPAN,Toshiba,Week 31/1991,1991,,31,Mapper,MBC1B,DMG MBC1-B Nintendo P 1'03,Panasonic,October/1991,1991,October,,,,,,,,,,,,,,,,,,,,,,,,,,,,,,,,,,,,,,,,,,,,,,,,,,,,,,,,,,,,
DMG-RWE-0,Entry #1,beckybecky125-1,https://gbhwdb.gekkio.fi/cartridges/DMG-RWE-0/beckybecky125-1.html,beckybecky125,Mega Man - Dr. Wily's Revenge (USA),DMG-RW-USA-1,00,DMG-BEAN-02,I,6,July/1996,1996,July,,ROM,,DMG-RWE-0 S LH532MVP JAPAN D1 9630 E,Sharp,Week 30/1996,1996,,30,Mapper,MBC1B,DMG MBC1-B Nintendo P 6'69,Panasonic,June/1996,1996,June,,,,,,,,,,,,,,,,,,,,,,,,,,,,,,,,,,,,,,,,,,,,,,,,,,,,,,,,,47e70e08,4ba4398181d98958fa7434ba7716f11a,277edb3c844e812ba4b3eb9a96c9c30414541858,33d16365318411f063edd9100c79458aabb7ea71bb1873e30f38b93814f0ec6e
DMG-RWE-0,Entry #1,gekkio-1,https://gbhwdb.gekkio.fi/cartridges/DMG-RWE-0/gekkio-1.html,gekkio,Mega Man - Dr. Wily's Revenge (USA),DMG-RW-USA,22,DMG-BEAN-02,I,2,August/1991,1991,August,,ROM,μPD23C2001EGW,DMG-RWE-0 D1 N-2001EGW-J09 9136E9008,NEC,Week 36/1991,1991,,36,Mapper,MBC1B,DMG MBC1B Nintendo S 9130 1 A,Sharp,Week 30/1991,1991,,30,,,,,,,,,,,,,,,,,,,,,,,,,,,,,,,,,,,,,,,,,,,,,,,,,,,,,,,,,,,33d16365318411f063edd9100c79458aabb7ea71bb1873e30f38b93814f0ec6e
DMG-RWX-0,Entry #1,3615retro-1,https://gbhwdb.gekkio.fi/cartridges/DMG-RWX-0/3615retro-1.html,3615Retro,Mega Man - Dr. Wily's Revenge (Europe),DMG-RW-FAH,22,DMG-BEAN-02,Ca,3,February/1992,1992,February,,ROM,,JAPAN DMG-RWX-0 D1 1N5 AK 9204 R17,Fujitsu,Week 4/1992,1992,,4,Mapper,MBC1B,Nintendo DMG MBC1B N 9207BA011,NEC,Week 7/1992,1992,,7,,,,,,,,,,,,,,,,,,,,,,,,,,,,,,,,,,,,,,,,,,,,,,,,,,,,,,,,2ea4b976,2c1358474573c9dd38d6a128f4714a86,11255a24344e9fed53b8f1f6f894d21e161a0d5e,e3c7aed05cd7b3f16c46a0747e2ce2c80a6f21340e4451a46c53128f7a9675c8
DMG-RWX-0,Entry #1,mattcurrie-1,https://gbhwdb.gekkio.fi/cartridges/DMG-RWX-0/mattcurrie-1.html,mattcurrie,Mega Man - Dr. Wily's Revenge (Europe),DMG-RW-AUS,00,DMG-BEAN(K)-02,Hs,1,May/1996,1996,May,,ROM,,DMG-RWX-0 S LH532MYN JAPAN D1 9625 D,Sharp,Week 25/1996,1996,,25,Mapper,MBC1B,DMG MBC1-B Nintendo P 6'54,Panasonic,May/1996,1996,May,,,,,,,,,,,,,,,,,,,,,,,,,,,,,,,,,,,,,,,,,,,,,,,,,,,,,,,,,,,,
DMG-RWX-0,Entry #1,tobiasvl-1,https://gbhwdb.gekkio.fi/cartridges/DMG-RWX-0/tobiasvl-1.html,tobiasvl,Mega Man - Dr. Wily's Revenge (Europe),DMG-RW-EUR,22,DMG-BEAN-10,I,1,June/1997,1997,June,,ROM,,DMG-RWX-0 S LH532MYN JAPAN D1 9725 D,Sharp,Week 25/1997,1997,,25,Mapper,MBC1B,DMG MBC1-B Nintendo P 7'61,Panasonic,June/1997,1997,June,,,,,,,,,,,,,,,,,,,,,,,,,,,,,,,,,,,,,,,,,,,,,,,,,,,,,,,,,,,,
DMG-RZX-0,Entry #1,3615retro-1,https://gbhwdb.gekkio.fi/cartridges/DMG-RZX-0/3615retro-1.html,3615Retro,R-Type II (Europe),DMG-RZ-FAH,22,DMG-BEAN-02,I,3,October/1992,1992,October,,ROM,LH530800,DMG-RZX-0 S LH5308VT JAPAN C1 9249 E,Sharp,Week 49/1992,1992,,49,Mapper,MBC1B,DMG MBC1B Nintendo J9242BR,Motorola,Week 42/1992,1992,,42,,,,,,,,,,,,,,,,,,,,,,,,,,,,,,,,,,,,,,,,,,,,,,,,,,,,,,,,2fe2a72d,967030223fa85f7ba4ac71f26837f831,f19436dfed41b9c2e94e070a76c5bdbcc7f993c3,2b059983d79efc5a4f77b41a4efbad68c65ae259715dc008f20a3c11226a943b
DMG-S3E-0,Entry #1,jan-spakula-1,https://gbhwdb.gekkio.fi/cartridges/DMG-S3E-0/jan-spakula-1.html,Jan Spakula,Spot - The Video Game (USA),DMG-S3-USA,28,DMG-AAA-03,I,1,July/1991,1991,July,,ROM,LH53259,DMG-S3E-0 S LH5359UB JAPAN A0 9134 D,Sharp,Week 34/1991,1991,,34,,,,,,,,,,,,,,,,,,,,,,,,,,,,,,,,,,,,,,,,,,,,,,,,,,,,,,,,,,,,,,,,,,,
DMG-S3X-0,Entry #1,ikk5-1,https://gbhwdb.gekkio.fi/cartridges/DMG-S3X-0/ikk5-1.html,ikk5,Spot - The Video Game (Europe),DMG-S3-NOE,22,DMG-AAA-03,I,6,October/1992,1992,October,,ROM,LH53259,DMG-S3X-0 S LH5359V6 JAPAN A0 9244 D,Sharp,Week 44/1992,1992,,44,,,,,,,,,,,,,,,,,,,,,,,,,,,,,,,,,,,,,,,,,,,,,,,,,,,,,,,,,,,,,,,,,,,
DMG-SAJ-0,Entry #1,gekkio-1,https://gbhwdb.gekkio.fi/cartridges/DMG-SAJ-0/gekkio-1.html,gekkio,Makai Toushi Sa-Ga (Japan),DMG-SAJ,23,DMG-GDAN-01,I,1,March/1989,1989,March,,ROM,μPD23C1001EGW,NEC JAPAN DMG-SAJ-0 C1 UPD23C1001EGW-J01 9010E9702,NEC,Week 10/1990,1990,,10,Mapper,MBC2A,DMG MBC2A Nintendo S 9008 5 A,Sharp,Week 8/1990,1990,,8,Supervisor & Reset,MM1026A,015 26A,Mitsumi,1990,1990,,,,,,,,,,,,,,,,,,,,,,,,,,,,,,,,,,,,,,,,,,,CR1616,90-02,Maxell,February/1990,1990,February,,,,,c2f40e3ed1dcd4b6682dd19537d93ac4145ad754d1c6fd77581d09826f06f45c
DMG-SAJ-0,Entry #1,granmastro-1,https://gbhwdb.gekkio.fi/cartridges/DMG-SAJ-0/granmastro-1.html,Granmastro,Makai Toushi Sa-Ga (Japan),DMG-SAJ,,DMG-GCA-01,I,1,November/1989,1989,November,,ROM,LH530800,DMG-SAJ-0 SHARP JAPAN C0 8947 E,Sharp,Week 47/1989,1989,,47,Mapper,MBC2A,Nintendo DMG MBC2A N8946BA,NEC,Week 46/1989,1989,,46,Supervisor & Reset,MM1026A,9J5 26A,Mitsumi,1989,1989,,,,,,,,,,,,,,,,,,,,,,,,,,,,,,,,,,,,,,,,,,,CR1616,,,,,,,,,,
DMG-SLE-0,Entry #1,gekkio-1,https://gbhwdb.gekkio.fi/cartridges/DMG-SLE-0/gekkio-1.html,gekkio,InfoGenius Productivity Pak - Spell Checker and Calculator (USA),,23,DMG-BEAN-02,I,4,July/1991,1991,July,,ROM,LH530800,DMG-SLE-0 S LH5308GB JAPAN C1 9129 E,Sharp,Week 29/1991,1991,,29,Mapper,MBC1B,Nintendo DMG MBC1B N 9109BA085,NEC,Week 9/1991,1991,,9,,,,,,,,,,,,,,,,,,,,,,,,,,,,,,,,,,,,,,,,,,,,,,,,,,,,,,,,,,,5fe63ff3d4abbf4631947e1bc1b208c6ca4eb2a381a68dd0f761323da3f27984
DMG-SNE-0,Entry #1,granmastro-1,https://gbhwdb.gekkio.fi/cartridges/DMG-SNE-0/granmastro-1.html,Granmastro,"Snoopy's Magic Show (USA, Europe)",DMG-SN-ITA,,DMG-BEAN-02,B,4,April/1993,1993,April,,ROM,LH53514,DMG-SNE-0 S LH5314B8 JAPAN B1 9323 E,Sharp,Week 23/1993,1993,,23,Mapper,MBC1B,Nintendo DMG MBC1B N 9317BA004,NEC,Week 17/1993,1993,,17,,,,,,,,,,,,,,,,,,,,,,,,,,,,,,,,,,,,,,,,,,,,,,,,,,,,,,,,,,,
DMG-SOE-1,Entry #1,tobiasvl-1,https://gbhwdb.gekkio.fi/cartridges/DMG-SOE-1/tobiasvl-1.html,tobiasvl,"Boxxle (USA, Europe) (Rev 1)",DMG-SO-USA,22A,DMG-AAA-03,I,5,May/1990,1990,May,,ROM,LH53259,DMG-SOE-1 SHARP JAPAN A0 9023 D,Sharp,Week 23/1990,1990,,23,,,,,,,,,,,,,,,,,,,,,,,,,,,,,,,,,,,,,,,,,,,,,,,,,,,,,,,,,,,,,,,,,,,
DMG-SPE-0,Entry #1,beckybecky125-1,https://gbhwdb.gekkio.fi/cartridges/DMG-SPE-0/beckybecky125-1.html,beckybecky125,Space Invaders (USA) (SGB Enhanced),DMG-SP-USA-1,22,DMG-BEAN-02,I,1,August/1994,1994,August,,ROM,,DMG-SPE-0 S LH534MNG JAPAN E1 9437 D,Sharp,Week 37/1994,1994,,37,Mapper,MBC1B1,DMG MBC1B1 Nintendo S 9431 7 A,Sharp,Week 31/1994,1994,,31,,,,,,,,,,,,,,,,,,,,,,,,,,,,,,,,,,,,,,,,,,,,,,,,,,,,,,,,7f0f5762,d32b9da8028d357e20c791b07ded4f86,da48687f3a5ee547510a0ea9eb05859b4ea9531d,1d272eb5ea816c24a6dc8a6c09e3068f1948a636bd9a7e4b7f9cb23aab609d79
DMG-SSA-0,Entry #1,beckybecky125-1,https://gbhwdb.gekkio.fi/cartridges/DMG-SSA-0/beckybecky125-1.html,beckybecky125,SolarStriker (World),DMG-SS-USA,23,DMG-BBA-02,B,5,December/1989,1989,December,,ROM,LH53515,DMG-SSA-0 SHARP JAPAN B0 9001 D,Sharp,Week 1/1990,1990,,1,Mapper,MBC1B,Nintendo DMG MBC1B N9002AB,NEC,Week 2/1990,1990,,2,,,,,,,,,,,,,,,,,,,,,,,,,,,,,,,,,,,,,,,,,,,,,,,,,,,,,,,,11817103,83bed4ebefeece45748258fd2ef105b3,a8d6acb026b0d0a8a2bcaea094951e915a3deb80,fece5b09e599c1f8116602fcabd558cc8dbbfe1c6c253853c5e871b0d732c11c
DMG-SSA-0,Entry #1,ben-black-1,https://gbhwdb.gekkio.fi/cartridges/DMG-SSA-0/ben-black-1.html,Ben Black,SolarStriker (World),DMG-SS-USA,23,DMG-BBA-03,I,5,May/1990,1990,May,,ROM,LH53515,DMG-SSA-0 SHARP JAPAN B0 9023 D,Sharp,Week 23/1990,1990,,23,Mapper,MBC1B,Nintendo DMG MBC1B N 9016BA059,NEC,Week 16/1990,1990,,16,,,,,,,,,,,,,,,,,,,,,,,,,,,,,,,,,,,,,,,,,,,,,,,,,,,,,,,,,,,
DMG-SSA-0,Entry #1,louhike-1,https://gbhwdb.gekkio.fi/cartridges/DMG-SSA-0/louhike-1.html,Louhike,SolarStriker (World),DMG-SSA,05,DMG-BBA-02,B,2,January/1990,1990,January,,ROM,LH53515,DMG-SSA-0 SHARP JAPAN B0 9004 D,Sharp,Week 4/1990,1990,,4,Mapper,MBC1B,DMG MBC1-B Nintendo P 9'01,Panasonic,October/1989,1989,October,,,,,,,,,,,,,,,,,,,,,,,,,,,,,,,,,,,,,,,,,,,,,,,,,,,,,,,,,,,,
DMG-SVE-0,Entry #1,ben-black-1,https://gbhwdb.gekkio.fi/cartridges/DMG-SVE-0/ben-black-1.html,Ben Black,Malibu Beach Volleyball (USA),DMG-SV-USA,23,DMG-BEAN-01,B,5,June/1990,1990,June,,ROM,LH53514,DMG-SVE-0 S LH5314HS JAPAN B1 9026 E,Sharp,Week 26/1990,1990,,26,Mapper,MBC1B,Nintendo DMG MBC1B N 9015BA040,NEC,Week 15/1990,1990,,15,,,,,,,,,,,,,,,,,,,,,,,,,,,,,,,,,,,,,,,,,,,,,,,,,,,,,,,,,,,
DMG-SVJ-0,Entry #1,gekkio-1,https://gbhwdb.gekkio.fi/cartridges/DMG-SVJ-0/gekkio-1.html,gekkio,Seaside Volley (Japan),DMG-SVJ,22,DMG-BBA-02,I,1,September/1989,1989,September,,ROM,LH53515,DMG-SVJ-0 SHARP JAPAN B0 8939 D,Sharp,Week 39/1989,1989,,39,Mapper,MBC1A,DMG MBC1A Nintendo S 8939 3 A,Sharp,Week 39/1989,1989,,39,,,,,,,,,,,,,,,,,,,,,,,,,,,,,,,,,,,,,,,,,,,,,,,,,,,,,,,,,,,77599ff6a546460dc3bb696c1b9b33974ffb8c8416eccd8f91ea36347dd94875
DMG-T4X-0,Entry #1,3615retro-1,https://gbhwdb.gekkio.fi/cartridges/DMG-T4X-0/3615retro-1.html,3615Retro,Trip World (Europe),DMG-T4-FRG,23,DMG-BEAN-02,B,3,January/1993,1993,January,,ROM,μPD23C2001EGW,DMG-T4X-0 D1 N-2001EGW-J26 9307X9001,NEC,Week 7/1993,1993,,7,Mapper,MBC1B,Nintendo DMG MBC1B N 9302BA065,NEC,Week 2/1993,1993,,2,,,,,,,,,,,,,,,,,,,,,,,,,,,,,,,,,,,,,,,,,,,,,,,,,,,,,,,,85d910b9,c46e059a69d9b3b4b0b9d8d303c559b3,adc10a23dd33d40740f5c8c086dfcb97b8389286,1edb7f324fa5fd5d3a677e5aa4a7a64d702669fabe0c96a62f34322eda953ad6
DMG-T8E-0,Entry #1,granmastro-1,https://gbhwdb.gekkio.fi/cartridges/DMG-T8E-0/granmastro-1.html,Granmastro,"Tiny Toon Adventures 2 - Montana's Movie Madness (USA, Europe)",DMG-T8-USA,,DMG-BEAN-02,B,6,September/1993,1993,September,,ROM,LH530800,DMG-T8E-0 S LH53080R JAPAN C1 9343 D,Sharp,Week 43/1993,1993,,43,Mapper,MBC1B1,DMG MBC1B1 Nintendo S 9211 7 A,Sharp,Week 11/1992,1992,,11,,,,,,,,,,,,,,,,,,,,,,,,,,,,,,,,,,,,,,,,,,,,,,,,,,,,,,,,,,,
DMG-TGE-0,Entry #1,ikk5-1,https://gbhwdb.gekkio.fi/cartridges/DMG-TGE-0/ikk5-1.html,ikk5,"Tail 'Gator (USA, Europe)",DMG-TG-NOE,23,DMG-BEAN-02,I,3,October/1992,1992,October,,ROM,LH53514,DMG-TGE-0 S LH5314GJ JAPAN B1 9239 E,Sharp,Week 39/1992,1992,,39,Mapper,MBC1B1,DMG MBC1B1 Nintendo S 9219 3 A,Sharp,Week 19/1992,1992,,19,,,,,,,,,,,,,,,,,,,,,,,,,,,,,,,,,,,,,,,,,,,,,,,,,,,,,,,,,,,
DMG-TME-0,Entry #1,ikk5-1,https://gbhwdb.gekkio.fi/cartridges/DMG-TME-0/ikk5-1.html,ikk5,"Track Meet (USA, Europe)",DMG-TM-FAH,23,DMG-BEAN-02,I,3,April/1992,1992,April,,ROM,TC531001CF,TOSHIBA 9223EAI TC531001CF DMG-TME-0 C1 J694 JAPAN,Toshiba,Week 23/1992,1992,,23,Mapper,MBC1B,Nintendo DMG MBC1B N 9220BA053,NEC,Week 20/1992,1992,,20,,,,,,,,,,,,,,,,,,,,,,,,,,,,,,,,,,,,,,,,,,,,,,,,,,,,,,,,,,,
DMG-TNA-0,Entry #1,beckybecky125-1,https://gbhwdb.gekkio.fi/cartridges/DMG-TNA-0/beckybecky125-1.html,beckybecky125,Tennis (World),DMG-TN-USA-1,22,DMG-AAA-10,I,1,February/1998,1998,February,,ROM,LH53259,DMG-TNA-0 SHARP JAPAN A0 9814 D,Sharp,Week 14/1998,1998,,14,,,,,,,,,,,,,,,,,,,,,,,,,,,,,,,,,,,,,,,,,,,,,,,,,,,,,,,,,,,,,,,,5009215f,7d621dcbbce12b73574c42f40deec275,ec45a932fb3fc21394fef5e27e7fe9eccd0c7f70,cdcb6ba23ea2c32a2af47abb267d8bd065a8bc10777b435de6a9be421e5bf919
DMG-TNA-0,Entry #1,granmastro-1,https://gbhwdb.gekkio.fi/cartridges/DMG-TNA-0/granmastro-1.html,Granmastro,Tennis (World),DMG-TN-EUR,00,DMG-AAA-10,Y,5,February/1997,1997,February,,ROM,LH53259,DMG-TNA-0 SHARP JAPAN A0 9709 D,Sharp,Week 9/1997,1997,,9,,,,,,,,,,,,,,,,,,,,,,,,,,,,,,,,,,,,,,,,,,,,,,,,,,,,,,,,,,,,,,,,,,,
DMG-TNA-0,Entry #1,ikk5-1,https://gbhwdb.gekkio.fi/cartridges/DMG-TNA-0/ikk5-1.html,ikk5,Tennis (World),DMG-TN-FAH,05,DMG-AAA-03,I,5,November/1990,1990,November,,ROM,LH53259,DMG-TNA-0 SHARP JAPAN A0 9049 E,Sharp,Week 49/1990,1990,,49,,,,,,,,,,,,,,,,,,,,,,,,,,,,,,,,,,,,,,,,,,,,,,,,,,,,,,,,,,,,,,,,,,,
DMG-TRA-1,Entry #1,3615retro-1,https://gbhwdb.gekkio.fi/cartridges/DMG-TRA-1/3615retro-1.html,3615Retro,Tetris (World) (Rev 1),DMG-TR-FAH,23A,AAAC S,,2,,,,,ROM,,LR0G150 DMG-TRA-1 91344,Sharp,Week 34/1991,1991,,34,,,,,,,,,,,,,,,,,,,,,,,,,,,,,,,,,,,,,,,,,,,,,,,,,,,,,,,,,,,,,,,,46df91ad,982ed5d2b12a0377eb14bcdc4123744e,74591cc9501af93873f9a5d3eb12da12c0723bbc,0d6535aef23969c7e5af2b077acaddb4a445b3d0df7bf34c8acef07b51b015c3
DMG-TRA-1,Entry #1,beckybecky125-1,https://gbhwdb.gekkio.fi/cartridges/DMG-TRA-1/beckybecky125-1.html,beckybecky125,Tetris (World) (Rev 1),DMG-TR-USA-2,22A,AAAC S,,4,,,,,ROM,,LR0G150 DMG-TRA-1 97326,Sharp,Week 32/1997,1997,,32,,,,,,,,,,,,,,,,,,,,,,,,,,,,,,,,,,,,,,,,,,,,,,,,,,,,,,,,,,,,,,,,46df91ad,982ed5d2b12a0377eb14bcdc4123744e,74591cc9501af93873f9a5d3eb12da12c0723bbc,0d6535aef23969c7e5af2b077acaddb4a445b3d0df7bf34c8acef07b51b015c3
DMG-TRA-1,Entry #1,davidslv-1,https://gbhwdb.gekkio.fi/cartridges/DMG-TRA-1/davidslv-1.html,davidslv,Tetris (World) (Rev 1),DMG-TR-UKV,22A,AAAC S,,2,,,,,ROM,,LR0G150 DMG-TRA-1 92022,Sharp,Week 2/1992,1992,,2,,,,,,,,,,,,,,,,,,,,,,,,,,,,,,,,,,,,,,,,,,,,,,,,,,,,,,,,,,,,,,,,,,,
DMG-TRA-1,Entry #1,elemental-code-1,https://gbhwdb.gekkio.fi/cartridges/DMG-TRA-1/elemental-code-1.html,Elemental Code,Tetris (World) (Rev 1),DMG-TR-USA,,DMG-AAA-02,I,1,January/1990,1990,January,,ROM,LH53259,DMG-TRA-1 SHARP JAPAN A0 9004 D,Sharp,Week 4/1990,1990,,4,,,,,,,,,,,,,,,,,,,,,,,,,,,,,,,,,,,,,,,,,,,,,,,,,,,,,,,,,,,,,,,,,,,
DMG-TRA-1,Entry #1,gdsn-1,https://gbhwdb.gekkio.fi/cartridges/DMG-TRA-1/gdsn-1.html,gdsn,Tetris (World) (Rev 1),DMG-TR-FAH,23A,AAAC S,,2,,,,,ROM,,LR0G150 DMG-TRA-1 91461,Sharp,Week 46/1991,1991,,46,,,,,,,,,,,,,,,,,,,,,,,,,,,,,,,,,,,,,,,,,,,,,,,,,,,,,,,,,,,,,,,,,,,
DMG-TRA-1,Entry #1,gekkio-1,https://gbhwdb.gekkio.fi/cartridges/DMG-TRA-1/gekkio-1.html,gekkio,Tetris (World) (Rev 1),DMG-TR-USA,23A,DMG-AAA-03,B,3,May/1990,1990,May,,ROM,LH53259,DMG-TRA-1 SHARP JAPAN A0 9018 D,Sharp,Week 18/1990,1990,,18,,,,,,,,,,,,,,,,,,,,,,,,,,,,,,,,,,,,,,,,,,,,,,,,,,,,,,,,,,,,,,,,,,,0d6535aef23969c7e5af2b077acaddb4a445b3d0df7bf34c8acef07b51b015c3
DMG-TRA-1,Entry #2,gekkio-2,https://gbhwdb.gekkio.fi/cartridges/DMG-TRA-1/gekkio-2.html,gekkio,Tetris (World) (Rev 1),DMG-TR-EUR,22A,AAAC S,,4,,,,,ROM,,LR0G150 DMG-TRA-1 97516,Sharp,Week 51/1997,1997,,51,,,,,,,,,,,,,,,,,,,,,,,,,,,,,,,,,,,,,,,,,,,,,,,,,,,,,,,,,,,,,,,,,,,0d6535aef23969c7e5af2b077acaddb4a445b3d0df7bf34c8acef07b51b015c3
DMG-TRA-1,Entry #3,gekkio-3,https://gbhwdb.gekkio.fi/cartridges/DMG-TRA-1/gekkio-3.html,gekkio,Tetris (World) (Rev 1),DMG-TR-SCN-1,22A,AAAC S,,4,,,,,ROM,,LR0G150 DMG-TRA-1 97141,Sharp,Week 14/1997,1997,,14,,,,,,,,,,,,,,,,,,,,,,,,,,,,,,,,,,,,,,,,,,,,,,,,,,,,,,,,,,,,,,,,,,,0d6535aef23969c7e5af2b077acaddb4a445b3d0df7bf34c8acef07b51b015c3
DMG-TRA-1,Entry #4,gekkio-4,https://gbhwdb.gekkio.fi/cartridges/DMG-TRA-1/gekkio-4.html,gekkio,Tetris (World) (Rev 1),DMG-TRA,22A,DMG-AAA-03,Y,3,May/1991,1991,May,,ROM,LH53259,DMG-TRA-1 SHARP JAPAN A0 9116 D,Sharp,Week 16/1991,1991,,16,,,,,,,,,,,,,,,,,,,,,,,,,,,,,,,,,,,,,,,,,,,,,,,,,,,,,,,,,,,,,,,,,,,0d6535aef23969c7e5af2b077acaddb4a445b3d0df7bf34c8acef07b51b015c3
DMG-TRA-1,Entry #1,ikk5-1,https://gbhwdb.gekkio.fi/cartridges/DMG-TRA-1/ikk5-1.html,ikk5,Tetris (World) (Rev 1),DMG-TR-FAH,23A,DMG-AAA-03,B,2,April/1991,1991,April,,ROM,LH53259,DMG-TRA-1 SHARP JAPAN A0 9112 D,Sharp,Week 12/1991,1991,,12,,,,,,,,,,,,,,,,,,,,,,,,,,,,,,,,,,,,,,,,,,,,,,,,,,,,,,,,,,,,,,,,,,,
DMG-TRA-1,Entry #2,ikk5-2,https://gbhwdb.gekkio.fi/cartridges/DMG-TRA-1/ikk5-2.html,ikk5,Tetris (World) (Rev 1),DMG-TR-FAH,23A,DMG-AAA-03,Y,3,November/1990,1990,November,,ROM,LH53259,DMG-TRA-1 SHARP JAPAN A0 9048 D,Sharp,Week 48/1990,1990,,48,,,,,,,,,,,,,,,,,,,,,,,,,,,,,,,,,,,,,,,,,,,,,,,,,,,,,,,,,,,,,,,,,,,
DMG-TRA-1,Entry #1,kay-kidoutai-1,https://gbhwdb.gekkio.fi/cartridges/DMG-TRA-1/kay-kidoutai-1.html,kay_kidoutai,Tetris (World) (Rev 1),DMG-TRA,23A,DMG-AAA-01,I,6,June/1989,1989,June,,ROM,LH53259,DMG-TRA-1 SHARP JAPAN A0 8938 D,Sharp,Week 38/1989,1989,,38,,,,,,,,,,,,,,,,,,,,,,,,,,,,,,,,,,,,,,,,,,,,,,,,,,,,,,,,,,,,,,,,,,,
DMG-TRA-1,Entry #1,kurodo-1,https://gbhwdb.gekkio.fi/cartridges/DMG-TRA-1/kurodo-1.html,Kurodo,Tetris (World) (Rev 1),DMG-TR-ASI,23A,AAAC S,,2,,,,,ROM,,LR0G150 DMG-TRA-1 91523,Sharp,Week 52/1991,1991,,52,,,,,,,,,,,,,,,,,,,,,,,,,,,,,,,,,,,,,,,,,,,,,,,,,,,,,,,,,,,,,,,,,,,
DMG-TRA-1,Entry #1,max-m-1,https://gbhwdb.gekkio.fi/cartridges/DMG-TRA-1/max-m-1.html,max-m,Tetris (World) (Rev 1),DMG-TR-NOE,23A,DMG-AAA-03,B,3,March/1991,1991,March,,ROM,LH53259,DMG-TRA-1 SHARP JAPAN A0 9112 D,Sharp,Week 12/1991,1991,,12,,,,,,,,,,,,,,,,,,,,,,,,,,,,,,,,,,,,,,,,,,,,,,,,,,,,,,,,,,,,,,,,,,,
DMG-TRA-1,Entry #1,missingno-force-1,https://gbhwdb.gekkio.fi/cartridges/DMG-TRA-1/missingno-force-1.html,Missingno_force,Tetris (World) (Rev 1),DMG-TR-NOE,23A,AAAC S,,2,,,,,ROM,,LR0G150 DMG-TRA-1 91397,Sharp,Week 39/1991,1991,,39,,,,,,,,,,,,,,,,,,,,,,,,,,,,,,,,,,,,,,,,,,,,,,,,,,,,,,,,,,,,,,,,,,,
DMG-TRA-1,Entry #1,tobiasvl-1,https://gbhwdb.gekkio.fi/cartridges/DMG-TRA-1/tobiasvl-1.html,tobiasvl,Tetris (World) (Rev 1),DMG-TRA,05A,DMG-AAA-03,I,3,June/1990,1990,June,,ROM,LH53259,DMG-TRA-1 SHARP JAPAN A0 9019 D,Sharp,Week 19/1990,1990,,19,,,,,,,,,,,,,,,,,,,,,,,,,,,,,,,,,,,,,,,,,,,,,,,,,,,,,,,,,,,,,,,,,,,
DMG-TSE-0,Entry #1,ikk5-1,https://gbhwdb.gekkio.fi/cartridges/DMG-TSE-0/ikk5-1.html,ikk5,"Bart Simpson's Escape from Camp Deadly (USA, Europe)",DMG-TS-FAH,23,DMG-BEAN-02,I,5,December/1991,1991,December,,ROM,LH530800,DMG-TSE-0 S LH5308HH JAPAN C1 9151 D,Sharp,Week 51/1991,1991,,51,Mapper,MBC1B,Nintendo DMG MBC1B N 9150BA012,NEC,Week 50/1991,1991,,50,,,,,,,,,,,,,,,,,,,,,,,,,,,,,,,,,,,,,,,,,,,,,,,,,,,,,,,,,,,
DMG-TSE-0,Entry #1,mattcurrie-1,https://gbhwdb.gekkio.fi/cartridges/DMG-TSE-0/mattcurrie-1.html,mattcurrie,"Bart Simpson's Escape from Camp Deadly (USA, Europe)",DMG-TS-NOE,22,DMG-BEAN-02,Y,4,October/1991,1991,October,,ROM,LH530800,DMG-TSE-0 S LH5308HH JAPAN C1 9143 D,Sharp,Week 43/1991,1991,,43,Mapper,MBC1B,DMG MBC1B Nintendo S 9144 5 AA,Sharp,Week 44/1991,1991,,44,,,,,,,,,,,,,,,,,,,,,,,,,,,,,,,,,,,,,,,,,,,,,,,,,,,,,,,,,,,
DMG-TXE-0,Entry #1,alex-g-1,https://gbhwdb.gekkio.fi/cartridges/DMG-TXE-0/alex-g-1.html,Alex G,"Tiny Toon Adventures - Babs' Big Break (USA, Europe)",DMG-TX-FAH,23,DMG-BEAN-02,I,5,July/1992,1992,July,,ROM,LH530800,DMG-TXE-0 S LH5308BH JAPAN C1 9229 E,Sharp,Week 29/1992,1992,,29,Mapper,MBC1B,Nintendo DMG MBC1B N 9218BA005,NEC,Week 18/1992,1992,,18,,,,,,,,,,,,,,,,,,,,,,,,,,,,,,,,,,,,,,,,,,,,,,,,,,,,,,,,,,,
DMG-TXE-0,Entry #1,ikk5-1,https://gbhwdb.gekkio.fi/cartridges/DMG-TXE-0/ikk5-1.html,ikk5,"Tiny Toon Adventures - Babs' Big Break (USA, Europe)",DMG-TX-USA,23,DMG-BEAN-02,B,6,January/1993,1993,January,,ROM,LH530800,DMG-TXE-0 S LH5308BH JAPAN C1 9307 E,Sharp,Week 7/1993,1993,,7,Mapper,MBC1B,Nintendo DMG MBC1B N 9302BA072,NEC,Week 2/1993,1993,,2,,,,,,,,,,,,,,,,,,,,,,,,,,,,,,,,,,,,,,,,,,,,,,,,,,,,,,,,,,,
DMG-TZE-0,Entry #1,alex-g-1,https://gbhwdb.gekkio.fi/cartridges/DMG-TZE-0/alex-g-1.html,Alex G,"Terminator 2 - Judgment Day (USA, Europe)",DMG-TZ-FAH,22,DMG-BEAN-10,I,2,July/1998,1998,July,,ROM,μPD23C1001EUGW,DMG-TZE-0 C1 N-1001EUGW-J40 9833E7003,NEC,Week 33/1998,1998,,33,Mapper,MBC1B,DMG MBC1-B Nintendo P 8'43,Panasonic,April/1998,1998,April,,,,,,,,,,,,,,,,,,,,,,,,,,,,,,,,,,,,,,,,,,,,,,,,,,,,,,,,,21848101,,d2b94304971900dc2ff4945ad5cb445bfe434a5c,
DMG-UFX-0,Entry #1,ikk5-1,https://gbhwdb.gekkio.fi/cartridges/DMG-UFX-0/ikk5-1.html,ikk5,"Smurfs, The (Europe) (En,Fr,De,Es)",DMG-UF-FAH,23,DMG-BEAN-02,I,1,February/1994,1994,February,,ROM,LH530800A,DMG-UFX-0 S LH531H3D JAPAN C1 9409 E,Sharp,Week 9/1994,1994,,9,Mapper,MBC1B,DMG MBC1-B Nintendo P 4'17,Panasonic,January/1994,1994,January,,,,,,,,,,,,,,,,,,,,,,,,,,,,,,,,,,,,,,,,,,,,,,,,,,,,,,,,,,,,
DMG-UFX-1,Entry #1,beckybecky125-1,https://gbhwdb.gekkio.fi/cartridges/DMG-UFX-1/beckybecky125-1.html,beckybecky125,"Smurfs, The (USA, Europe) (En,Fr,De) (Rev 1) (SGB Enhanced)",DMG-UF-USA,22A,DMG-BEAN-10,Y,5,October/1997,1997,October,,ROM,LH530800A,DMG-UFX-1 S LH531HYZ JAPAN C1 9835 E,Sharp,Week 35/1998,1998,,35,Mapper,MBC1B,DMG MBC1-B Nintendo P 8'52,Panasonic,May/1998,1998,May,,,,,,,,,,,,,,,,,,,,,,,,,,,,,,,,,,,,,,,,,,,,,,,,,,,,,,,,,8b5bcde7,a574e5f7119b31e5112221c3a0ada813,a0d6a85331fb034f68f05629a5ff85e13adab205,5d9c9ce079923b92034c7c2d172b5abfad9ec37332102cb247ea849393db9a99
DMG-UFX-1,Entry #1,ikk5-1,https://gbhwdb.gekkio.fi/cartridges/DMG-UFX-1/ikk5-1.html,ikk5,"Smurfs, The (USA, Europe) (En,Fr,De) (Rev 1) (SGB Enhanced)",DMG-UF-FAH-1,22A,DMG-BEAN-10,I,4,April/1998,1998,April,,ROM,LH530800A,DMG-UFX-1 S LH531HYZ JAPAN C1 9818 E,Sharp,Week 18/1998,1998,,18,Mapper,MBC1B,DMG MBC1-B Nintendo P 8'10,Panasonic,January/1998,1998,January,,,,,,,,,,,,,,,,,,,,,,,,,,,,,,,,,,,,,,,,,,,,,,,,,,,,,,,,,,,,
DMG-UHE-0,Entry #1,gekkio-1,https://gbhwdb.gekkio.fi/cartridges/DMG-UHE-0/gekkio-1.html,gekkio,"Prehistorik Man (USA, Europe)",DMG-UH-EUR,22,DMG-BEAN-02,I,1,October/1994,1994,October,,ROM,LH530800A,DMG-UHE-0 S LH531HW7 JAPAN C1 9443 E,Sharp,Week 43/1994,1994,,43,Mapper,MBC1B,DMG MBC1-B Nintendo P 4'80,Panasonic,August/1994,1994,August,,,,,,,,,,,,,,,,,,,,,,,,,,,,,,,,,,,,,,,,,,,,,,,,,,,,,,,,,,,,b81ff42ea4168aed1f8da3b36a61d1c6d6d6a646268aebee0a7c75dc1c26814e
DMG-UUJ-0,Entry #1,marcao-cfh-1,https://gbhwdb.gekkio.fi/cartridges/DMG-UUJ-0/marcao-cfh-1.html,marcao_cfh,Yu Yu Hakusho (Japan),DMG-UUJ,,DMG-BEAN-02,B,6,May/1993,1993,May,,ROM,TC532000BF,TOSHIBA 9322EAI TC532000BF DMG-UUJ-0 D1 N596 JAPAN,Toshiba,Week 22/1993,1993,,22,Mapper,MBC1B,DMG MBC1B Nintendo J9319BR,Motorola,Week 19/1993,1993,,19,,,,,,,,,,,,,,,,,,,,,,,,,,,,,,,,,,,,,,,,,,,,,,,,,,,,,,,,,,,
DMG-V2A-0,Entry #1,tobiasvl-1,https://gbhwdb.gekkio.fi/cartridges/DMG-V2A-0/tobiasvl-1.html,tobiasvl,Flappy Special (Japan) (En),DMG-V2A,05,DMG-AAA-02,I,5,February/1990,1990,February,,ROM,LH53259,DMG-V2A-0 SHARP JAPAN A0 9007 E,Sharp,Week 7/1990,1990,,7,,,,,,,,,,,,,,,,,,,,,,,,,,,,,,,,,,,,,,,,,,,,,,,,,,,,,,,,,,,,,,,,,,,
DMG-VPHE-0,Entry #1,gekkio-1,https://gbhwdb.gekkio.fi/cartridges/DMG-VPHE-0/gekkio-1.html,gekkio,"Pokemon Pinball (USA, Australia) (Rumble Version) (SGB Enhanced) (GB Compatible)",DMG-VPHE-USA,22,DMG-A04-01,I,6,July/1999,1999,July,,ROM,MX23C8006-12,T992949-M MX23C8006-12 DMG-VPHE-0 F 1A9225A1,Macronix,Week 29/1999,1999,,29,Mapper,MBC5,MBC5 P-1 923U3L,Panasonic,Week 23/1999,1999,,23,RAM,LH5164AN-10L,LH5164AN-10L SHARP A9846 7 CB,Sharp,Week 46/1998,1998,,46,Supervisor & Reset,MM1134A,926 134A,Mitsumi,Week 26/1999,1999,,26,,,,,,,,,,,,,,,,,,,,,,,,,,,,,,,,,CR1616,99-04,Maxell,April/1999,1999,April,,,,,7672001d4710272009df6a41e3cbada65decd56e0eb2f185cb3d59c08d33ea0e
DMG-VPHE-0,Entry #1,irfon-jones-1,https://gbhwdb.gekkio.fi/cartridges/DMG-VPHE-0/irfon-jones-1.html,Irfon Jones,"Pokemon Pinball (USA, Australia) (Rumble Version) (SGB Enhanced) (GB Compatible)",DMG-VPHE-USA-1,34,DMG-A04-01,I,2,December/1999,1999,December,,ROM,MX23C8006-12,J011449-M MX23C8006-12 DMG-VPHE-0 F 1D0430A1,Macronix,Week 14/2001,2001,,14,Mapper,MBC5,11D9NYT MBC5 2417,Texas Instruments,January/2001,2001,January,,RAM,BR6265BF-10SL,BR6265BF-10SL 111 120N,ROHM,Week 11/2001,2001,,11,Supervisor & Reset,MM1134A,102 134A,Mitsumi,Week 2/2001,2001,,2,,,,,,,,,,,,,,,,,,,,,,,,,,,,,,,,,CR1616,,,,,,,,,,
DMG-VPHJ-0,Entry #1,pyroesp-1,https://gbhwdb.gekkio.fi/cartridges/DMG-VPHJ-0/pyroesp-1.html,pyroesp,Pokemon Pinball (Japan) (Rumble Version) (SGB Enhanced) (GB Compatible),DMG-VPHJ-JPN,20,DMG-A04-01,I,1,March/1999,1999,March,,ROM,MX23C8006-12,T991349-M MX23C8006-12 DMG-VPHJ-0 F 1A4891A2,Macronix,Week 13/1999,1999,,13,Mapper,MBC5,MBC5 P-1 905U2L,Panasonic,Week 5/1999,1999,,5,RAM,HY6264ALJ-10,HY6264A LJ-10 9814B KOREA,Hyundai,Week 14/1998,1998,,14,Supervisor & Reset,BA6735,6735 8C28,ROHM,December/1998,1998,December,,,,,,,,,,,,,,,,,,,,,,,,,,,,,,,,,,CR1616,,,,,,,,,,
DMG-VPHP-0,Entry #1,gekkio-1,https://gbhwdb.gekkio.fi/cartridges/DMG-VPHP-0/gekkio-1.html,gekkio,"Pokemon Pinball (Europe) (En,Fr,De,Es,It) (Rumble Version) (SGB Enhanced) (GB Compatible)",DMG-VPHP-EUR,12,DMG-Z04-01,MB,2,August/2000,2000,August,,ROM,MX23C1603-12A,M003119-M MX23C1603-12A DMG-VPHP-0 G2 2C882503,Macronix,Week 31/2000,2000,,31,Mapper,MBC5,MBC5 P-1 032U4M,Panasonic,Week 32/2000,2000,,32,RAM,LH52256CN-10LL,LH52256CN-10LL SHARP JAPAN 0036 5 SO,Sharp,Week 36/2000,2000,,36,Supervisor & Reset,BA6735,6735 0775,ROHM,July/2000,2000,July,,,,,,,,,,,,,,,,,,,,,,,,,,,,,,,,,,CR1616,00-07,Panasonic,July/2000,2000,July,,,,,6c98bfb838beb284be3665b3bc60db33fdce8fbd60544f6ee203ef0ba06d571e
DMG-VPHP-0,Entry #1,granmastro-1,https://gbhwdb.gekkio.fi/cartridges/DMG-VPHP-0/granmastro-1.html,Granmastro,"Pokemon Pinball (Europe) (En,Fr,De,Es,It) (Rumble Version) (SGB Enhanced) (GB Compatible)",DMG-VPHP-EUR,00,DMG-Z04-01,I,6,August/2000,2000,August,,ROM,MX23C1603-12A,E003719-M MX23C1603-12A DMG-VPHP-0 G2 2D047900,Macronix,Week 37/2000,2000,,37,Mapper,MBC5,0BAJK6T MBC5 2417,Texas Instruments,November/2000,2000,November,,RAM,GM76C256CLLFW70,HYUNDAI GM76C256CLLFW70 0032 KOREA,Hyundai,Week 32/2000,2000,,32,Supervisor & Reset,BA6735,6735 0895,ROHM,August/2000,2000,August,,,,,,,,,,,,,,,,,,,,,,,,,,,,,,,,,,CR1616,00-03,,March/2000,2000,March,,,,,
DMG-VPHP-0,Entry #1,kai-1,https://gbhwdb.gekkio.fi/cartridges/DMG-VPHP-0/kai-1.html,Kai,"Pokemon Pinball (Europe) (En,Fr,De,Es,It) (Rumble Version) (SGB Enhanced) (GB Compatible)",DMG-VPHP-EUR,22,DMG-A11-01,K,3,July/2000,2000,July,,ROM,μPD23C16019WG5,DMG-VPHP-0 G2 N-16019WG5-M51 0029K7039,NEC,Week 29/2000,2000,,29,Mapper,MBC5,MBC5 P-1 024U6M,Panasonic,Week 24/2000,2000,,24,RAM,LH5164AN-10L,LH5164AN-10L SHARP A0013 5 CB,Sharp,Week 13/2000,2000,,13,Supervisor & Reset,BA6735,6735 0543,ROHM,May/2000,2000,May,,,,,,,,,,,,,,,,,,,,,,,,,,,,,,,,,,CR1616,,,,,,,,,,
DMG-VPHP-0,Entry #1,max-m-1,https://gbhwdb.gekkio.fi/cartridges/DMG-VPHP-0/max-m-1.html,max-m,"Pokemon Pinball (Europe) (En,Fr,De,Es,It) (Rumble Version) (SGB Enhanced) (GB Compatible)",DMG-VPHP-EUR,00,DMG-A11-01,I,3,July/2000,2000,July,,ROM,MX23C1603-12A,S010119-M MX23C1603-12A DMG-VPHP-0 G2 2D513400,Macronix,Week 1/2001,2001,,1,Mapper,,,,,,,,RAM,,,,,,,,Supervisor & Reset,BA6735,6735 0C14,ROHM,December/2000,2000,December,,,,,,,,,,,,,,,,,,,,,,,,,,,,,,,,,,CR1616,,,,,,,,,,
DMG-VUA-0,Entry #1,gekkio-1,https://gbhwdb.gekkio.fi/cartridges/DMG-VUA-0/gekkio-1.html,gekkio,Dr. Mario (World),DMG-VUA,27,DMG-AAA-03,Y,1,April/1991,1991,April,,ROM,LH53259,DMG-VUA-0 SHARP JAPAN A0 9011 D,Sharp,Week 11/1990,1990,,11,,,,,,,,,,,,,,,,,,,,,,,,,,,,,,,,,,,,,,,,,,,,,,,,,,,,,,,,,,,,,,,,,,,3296ce126e2ebf61f99e39d82e20e0f7d7ade84539ddd48f7c0e21fef5f46932
DMG-VUA-0,Entry #1,kurodo-1,https://gbhwdb.gekkio.fi/cartridges/DMG-VUA-0/kurodo-1.html,Kurodo,Dr. Mario (World),DMG-VU-FAH,22,DMG-AAA-03,Y,1,September/1991,1991,September,,ROM,LH53259,DMG-VUA-0 SHARP JAPAN A0 9144 D,Sharp,Week 44/1991,1991,,44,,,,,,,,,,,,,,,,,,,,,,,,,,,,,,,,,,,,,,,,,,,,,,,,,,,,,,,,,,,,,,,,,,,
DMG-VUA-0,Entry #1,mark-earl-1,https://gbhwdb.gekkio.fi/cartridges/DMG-VUA-0/mark-earl-1.html,Mark Earl,Dr. Mario (World),DMG-VU-USA,22,DMG-AAA-03,I,4,March/1991,1991,March,,ROM,LH53259,DMG-VUA-0 SHARP JAPAN A0 9114 D,Sharp,Week 14/1991,1991,,14,,,,,,,,,,,,,,,,,,,,,,,,,,,,,,,,,,,,,,,,,,,,,,,,,,,,,,,,,,,,,,,,,,,
DMG-VUA-0,Entry #1,mattcurrie-1,https://gbhwdb.gekkio.fi/cartridges/DMG-VUA-0/mattcurrie-1.html,mattcurrie,Dr. Mario (World),DMG-VU-NOE,22,DMG-AAA-03,B,1,April/1991,1991,April,,ROM,LH53259,DMG-VUA-0 SHARP JAPAN A0 9119 D,Sharp,Week 19/1991,1991,,19,,,,,,,,,,,,,,,,,,,,,,,,,,,,,,,,,,,,,,,,,,,,,,,,,,,,,,,,,,,,,,,,,,,
DMG-VUA-1,Entry #1,beckybecky125-1,https://gbhwdb.gekkio.fi/cartridges/DMG-VUA-1/beckybecky125-1.html,beckybecky125,Dr. Mario (World) (Rev 1),DMG-VU-USA-2,20A,DMG-AAA-10,I,3,August/1998,1998,August,,ROM,LH53259,DMG-VUA-1 S LH5359RF JAPAN A0 9835 D,Sharp,Week 35/1998,1998,,35,,,,,,,,,,,,,,,,,,,,,,,,,,,,,,,,,,,,,,,,,,,,,,,,,,,,,,,,,,,,,,,,f0225dd0,921bdff008475aa2c5344e1a0d110910,d31d67d0682515c7c85deaa1752b02231150e5bf,507939ba5a53506d0ee52abb0eb6749f497c492e8be79eb106010020b50065bd
DMG-VUA-1,Entry #1,davidslv-1,https://gbhwdb.gekkio.fi/cartridges/DMG-VUA-1/davidslv-1.html,davidslv,Dr. Mario (World) (Rev 1),DMG-VU-UKV,00A,DMG-AAA-03,I,5,June/1996,1996,June,,ROM,LH53259,DMG-VUA-1 S LH5359RF JAPAN A0 9625 D,Sharp,Week 25/1996,1996,,25,,,,,,,,,,,,,,,,,,,,,,,,,,,,,,,,,,,,,,,,,,,,,,,,,,,,,,,,,,,,,,,,,,,
DMG-VUA-1,Entry #1,gekkio-1,https://gbhwdb.gekkio.fi/cartridges/DMG-VUA-1/gekkio-1.html,gekkio,Dr. Mario (World) (Rev 1),DMG-VU-ITA,00A,DMG-AAA-03,I,1,November/1996,1996,November,,ROM,LH53259,DMG-VUA-1 S LH5359RF JAPAN A0 9646 D,Sharp,Week 46/1996,1996,,46,,,,,,,,,,,,,,,,,,,,,,,,,,,,,,,,,,,,,,,,,,,,,,,,,,,,,,,,,,,,,,,,,,,507939ba5a53506d0ee52abb0eb6749f497c492e8be79eb106010020b50065bd
DMG-VUA-1,Entry #1,granmastro-1,https://gbhwdb.gekkio.fi/cartridges/DMG-VUA-1/granmastro-1.html,Granmastro,Dr. Mario (World) (Rev 1),DMG-VU-ITA,,DMG-AAA-03,I,5,March/1996,1996,March,,ROM,LH53259,DMG-VUA-1 S LH5359RF JAPAN A0 9610 D,Sharp,Week 10/1996,1996,,10,,,,,,,,,,,,,,,,,,,,,,,,,,,,,,,,,,,,,,,,,,,,,,,,,,,,,,,,,,,,,,,,,,,
DMG-VUA-1,Entry #1,tobiasvl-1,https://gbhwdb.gekkio.fi/cartridges/DMG-VUA-1/tobiasvl-1.html,tobiasvl,Dr. Mario (World) (Rev 1),DMG-VU-UKV,20A,DMG-AAA-10,I,6,August/1997,1997,August,,ROM,LH53259,DMG-VUA-1 S LH5359RF JAPAN A0 9736 D,Sharp,Week 36/1997,1997,,36,,,,,,,,,,,,,,,,,,,,,,,,,,,,,,,,,,,,,,,,,,,,,,,,,,,,,,,,,,,,,,,,,,,
DMG-W2E-0,Entry #1,beckybecky125-1,https://gbhwdb.gekkio.fi/cartridges/DMG-W2E-0/beckybecky125-1.html,beckybecky125,Mega Man II (USA),DMG-W2-USA-1,22,DMG-BEAN-10,K,6,November/1997,1997,November,,ROM,,DMG-W2E-0 S LH532MN7 JAPAN D1 9750 D,Sharp,Week 50/1997,1997,,50,Mapper,MBC1B,DMG MBC1-B Nintendo P 7'N5,Panasonic,November/1997,1997,November,,,,,,,,,,,,,,,,,,,,,,,,,,,,,,,,,,,,,,,,,,,,,,,,,,,,,,,,,e496f686,7fe07271d04ed9e0bc0663dde55a2ae4,334f1a93346d55e1be2967f0af952e37aa52fca7,be3fc7ab2d7eb79a9e2538b090bdecc2694740f3beda933f34cb1e4059b10a11
DMG-W2X-0,Entry #1,3615retro-1,https://gbhwdb.gekkio.fi/cartridges/DMG-W2X-0/3615retro-1.html,3615Retro,Mega Man II (Europe),DMG-W2-FAH,23,DMG-BEAN-02,I,4,October/1993,1993,October,,ROM,,DMG-W2X-0 S LH532MNL JAPAN D1 9347 D,Sharp,Week 47/1993,1993,,47,Mapper,MBC1B1,DMG MBC1B1 Nintendo S 9339 5 A,Sharp,Week 39/1993,1993,,39,,,,,,,,,,,,,,,,,,,,,,,,,,,,,,,,,,,,,,,,,,,,,,,,,,,,,,,,5e90cb48,b9cfee05797beb8ff7e259ee77eaf2fb,d19993a4630e7f9450ff6469115f4095f6f29667,6f0e9ddb449e170dab920fef98aa4a1b3d73ce00ebf6e74ca1bf331068384f5b
DMG-W2X-0,Entry #1,tobiasvl-1,https://gbhwdb.gekkio.fi/cartridges/DMG-W2X-0/tobiasvl-1.html,tobiasvl,Mega Man II (Europe),DMG-W2-EUR,22,DMG-BEAN-20,I,1,February/1999,1999,February,,ROM,,DMG-W2X-0 S LH532MNL JAPAN D1 9909 D,Sharp,Week 9/1999,1999,,9,Mapper,MBC1B,DMG MBC1-B Nintendo P 8'N0,Panasonic,November/1998,1998,November,,,,,,,,,,,,,,,,,,,,,,,,,,,,,,,,,,,,,,,,,,,,,,,,,,,,,,,,,,,,
DMG-W3X-0,Entry #1,3615retro-1,https://gbhwdb.gekkio.fi/cartridges/DMG-W3X-0/3615retro-1.html,3615Retro,Mega Man III (Europe),DMG-W3-FAH,23,DMG-BEAN-02,Ca,4,December/1993,1993,December,,ROM,μPD23C2001EGW,DMG-W3X-0 D1 N-2001EGW-J43 9408X9007,NEC,Week 8/1994,1994,,8,Mapper,MBC1B,Nintendo DMG MBC1B N 9344BA011,NEC,Week 44/1993,1993,,44,,,,,,,,,,,,,,,,,,,,,,,,,,,,,,,,,,,,,,,,,,,,,,,,,,,,,,,,03b0d4ec,f155c9c04ef01a99b26478c1121c8069,ecadbc9e273e4d99ccd87f98bbbd912aec43c077,719f2b1d0cf345430cfb85ec27452f842726318fa5c16012c8ea163059e1c606
DMG-W3X-0,Entry #1,tobiasvl-1,https://gbhwdb.gekkio.fi/cartridges/DMG-W3X-0/tobiasvl-1.html,tobiasvl,Mega Man III (Europe),DMG-W3-SCN,23,DMG-BEAN-02,B,5,August/1993,1993,August,,ROM,μPD23C2001EGW,DMG-W3X-0 D1 N-2001EGW-J43 9337X9001,NEC,Week 37/1993,1993,,37,Mapper,MBC1B1,DMG MBC1B1 Nintendo S 9226 5 A,Sharp,Week 26/1992,1992,,26,,,,,,,,,,,,,,,,,,,,,,,,,,,,,,,,,,,,,,,,,,,,,,,,,,,,,,,,,,,
DMG-W6J-0,Entry #1,gekkio-1,https://gbhwdb.gekkio.fi/cartridges/DMG-W6J-0/gekkio-1.html,gekkio,Wizardry Gaiden III - Yami no Seiten (Japan),DMG-W6J,23,DMG-DEDN-01,I,6,February/1994,1994,February,,ROM,,DMG-W6J-0 S LH534MN8 JAPAN E1 9407 D,Sharp,Week 7/1994,1994,,7,Mapper,MBC1B,DMG MBC1-B Nintendo P 4'11,Panasonic,January/1994,1994,January,,RAM,LH52B256NA-10TLL,LH52B256NA-10TLL LSI LOGIC JAPAN D344 03 B,LSI Logic,Week 44/1993,1993,,44,Supervisor & Reset,BA6129,6129 3C86,ROHM,December/1993,1993,December,,,,,,,,,,,,,,,,,,,,,,,,,,,,,,,,,,CR1616,93-12,Panasonic,December/1993,1993,December,,,,,aeb5380f81a8b4e05b9eca3f5d0178923a5460c2632be4b1173269b6bd043612
DMG-WCY-0,Entry #1,ikk5-1,https://gbhwdb.gekkio.fi/cartridges/DMG-WCY-0/ikk5-1.html,ikk5,Nigel Mansell's World Championship Racing (Europe),DMG-WC-FAH,22,DMG-BEAN-02,I,2,July/1994,1994,July,,ROM,LH530800A,DMG-WCY-0 S LH531HF2 JAPAN C1 9429 E,Sharp,Week 29/1994,1994,,29,Mapper,MBC1B,Nintendo DMG MBC1B N 9410BA006,NEC,Week 10/1994,1994,,10,,,,,,,,,,,,,,,,,,,,,,,,,,,,,,,,,,,,,,,,,,,,,,,,,,,,,,,,,,,
DMG-WFD-0,Entry #1,ikk5-1,https://gbhwdb.gekkio.fi/cartridges/DMG-WFD-0/ikk5-1.html,ikk5,Gluecksrad (Germany),DMG-WF-NOE,22,DMG-BEAN-02,B,4,January/1993,1993,January,,ROM,LH530800,DMG-WFD-0 S LH5308VK JAPAN C1 9306 E,Sharp,Week 6/1993,1993,,6,Mapper,MBC1B,DMG MBC1B Nintendo J9252BR,Motorola,Week 52/1992,1992,,52,,,,,,,,,,,,,,,,,,,,,,,,,,,,,,,,,,,,,,,,,,,,,,,,,,,,,,,,,,,
DMG-WJA-0,Entry #1,beckybecky125-1,https://gbhwdb.gekkio.fi/cartridges/DMG-WJA-0/beckybecky125-1.html,beckybecky125,Wario Land - Super Mario Land 3 (World),DMG-WJ-USA-1,22,DMG-DECN-10,Y,5,April/1997,1997,April,,ROM,MX23C4002-20,J9719-M MX23C4002-20 DMG-WJA-0 E1 42820A,Macronix,Week 19/1997,1997,,19,Mapper,MBC1B1,DMG MBC1B1 Nintendo S 9717 9 A,Sharp,Week 17/1997,1997,,17,RAM,LH5268ANA-10PLL,LH5268ANA-10PLL MOSEL-VITELIC JAPAN N527 02 BC,Mosel-Vitelic,Week 27/1995,1995,,27,Supervisor & Reset,BA6129A,6129A 7472,ROHM,April/1997,1997,April,,,,,,,,,,,,,,,,,,,,,,,,,,,,,,,,,,CR1616,97-04,,April/1997,1997,April,,40be3889,d9d957771484ef846d4e8d241f6f2815,ae65800302438e37a99e623a71d1c954d73c843e,ac1682f17abcf590311a233289ee325214c2d71ab3a5aa175004002d85075e56
DMG-WJA-0,Entry #1,davidslv-1,https://gbhwdb.gekkio.fi/cartridges/DMG-WJA-0/davidslv-1.html,davidslv,Wario Land - Super Mario Land 3 (World),DMG-WJ-UKV,20,DMG-DECN(K)-02,Hs,1,March/1996,1996,March,,ROM,TC534000DF,TOSHIBA 9614EAI TC534000DF DMG-WJA-0 E1 N750 JAPAN,Toshiba,Week 14/1996,1996,,14,Mapper,MBC1B,DMG MBC1-B Nintendo P 6'28,Panasonic,February/1996,1996,February,,RAM,HY6264ALLJ-10,HY6264A LLJ-10 9544B KOREA,Hyundai,Week 44/1995,1995,,44,Supervisor & Reset,BA6129A,6129A 6350,ROHM,March/1996,1996,March,,,,,,,,,,,,,,,,,,,,,,,,,,,,,,,,,,CR1616,,,,,,,,,,
DMG-WJA-0,Entry #1,gekkio-1,https://gbhwdb.gekkio.fi/cartridges/DMG-WJA-0/gekkio-1.html,gekkio,Wario Land - Super Mario Land 3 (World),DMG-WJ-UKV,22,DMG-DECN(K)-02,Hs,3,April/1996,1996,April,,ROM,μPD23C4001EJGW,DMG-WJA-0 E1 N-4001EJGW-J14 9619K7030,NEC,Week 19/1996,1996,,19,Mapper,MBC1B,DMG MBC1-B Nintendo P 6'39,Panasonic,March/1996,1996,March,,RAM,HY6264ALLJ-10,HY6264A LLJ-10 9548B KOREA,Hyundai,Week 48/1995,1995,,48,Supervisor & Reset,BA6129A,6129A 6381,ROHM,March/1996,1996,March,,,,,,,,,,,,,,,,,,,,,,,,,,,,,,,,,,CR1616,95-09,Panasonic,September/1995,1995,September,,,,,ac1682f17abcf590311a233289ee325214c2d71ab3a5aa175004002d85075e56
DMG-WJA-0,Entry #1,granmastro-1,https://gbhwdb.gekkio.fi/cartridges/DMG-WJA-0/granmastro-1.html,Granmastro,Wario Land - Super Mario Land 3 (World),DMG-WJ-USA,,DMG-DECN-02,I,6,October/1995,1995,October,,ROM,,DMG-WJA-0 S LH534M05 JAPAN E1 9542 E,Sharp,Week 42/1995,1995,,42,Mapper,MBC1B1,DMG MBC1B1 Nintendo S 9541 3 A,Sharp,Week 41/1995,1995,,41,RAM,XLJ6265BF-10SL,XLJ6265BF-10SL 534 111N,ROHM,Week 34/1995,1995,,34,Supervisor & Reset,BA6129A,6129A 5A19,ROHM,October/1995,1995,October,,,,,,,,,,,,,,,,,,,,,,,,,,,,,,,,,,CR1616,,,,,,,,,,
DMG-WJA-0,Entry #2,granmastro-2,https://gbhwdb.gekkio.fi/cartridges/DMG-WJA-0/granmastro-2.html,Granmastro,Wario Land - Super Mario Land 3 (World),DMG-WJ-EUR,,DMG-DECN(K)-02,Hs,6,August/1996,1996,August,,ROM,,DMG-WJA-0 S LH534M05 JAPAN E1 9640 D,Sharp,Week 40/1996,1996,,40,Mapper,MBC1B1,DMG MBC1B1 Nintendo S 9639 1 A,Sharp,Week 39/1996,1996,,39,RAM,XLJ6265BF-10SL,XLJ6265BF-10SL 634 103N,ROHM,Week 34/1996,1996,,34,Supervisor & Reset,MM1026A,635 26A,Mitsumi,1996,1996,,,,,,,,,,,,,,,,,,,,,,,,,,,,,,,,,,,CR1616,96-09,,September/1996,1996,September,,,,,
DMG-WJA-0,Entry #1,smileynator-1,https://gbhwdb.gekkio.fi/cartridges/DMG-WJA-0/smileynator-1.html,Smileynator,Wario Land - Super Mario Land 3 (World),DMG-WJ-USA,,DMG-DECN-02,I,3,December/1993,1993,December,,ROM,,JAPAN DMG-WJA-0 E1 3NH AK 9401 R17,Fujitsu,Week 1/1994,1994,,1,Mapper,MBC1B1,DMG MBC1B1 Nintendo S 9353 1 A,Sharp,Week 53/1993,1993,,53,RAM,HY6264ALLJ-10,HYUNDAI HY6264ALLJ-10 9349B KOREA,Hyundai,Week 49/1993,1993,,49,Supervisor & Reset,MM1026A,338 26A,Mitsumi,1993,1993,,,,,,,,,,,,,,,,,,,,,,,,,,,,,,,,,,,CR1616,,,,,,,,,,
DMG-WJA-0,Entry #2,smileynator-2,https://gbhwdb.gekkio.fi/cartridges/DMG-WJA-0/smileynator-2.html,Smileynator,Wario Land - Super Mario Land 3 (World),DMG-WJ-EUR,22,DMG-DECN-10,K,2,September/1997,1997,September,,ROM,MX23C4002-20,C9737-M MX23C4002-20 DMG-WJA-0 E1 43470P,Macronix,Week 37/1997,1997,,37,Mapper,MBC1B,DMG MBC1-B Nintendo P 7'98,Panasonic,September/1997,1997,September,,RAM,BR6265BF-10SL,BR6265BF-10SL 738 187N,ROHM,Week 38/1997,1997,,38,Supervisor & Reset,,,,,,,,,,,,,,,,,,,,,,,,,,,,,,,,,,,,,,,,CR1616,,,,,,,,,,
DMG-WJA-0,Entry #1,tobiasvl-1,https://gbhwdb.gekkio.fi/cartridges/DMG-WJA-0/tobiasvl-1.html,tobiasvl,Wario Land - Super Mario Land 3 (World),DMG-WJ-SCN,00,DMG-DECN(K)-02,Hs,3,January/1996,1996,January,,ROM,,DMG-WJA-0 S LH534M05 JAPAN E1 9606 D,Sharp,Week 6/1996,1996,,6,Mapper,MBC1B,DMG MBC1-B Nintendo P 5'D5,Panasonic,December/1995,1995,December,,RAM,XLJ6265BF-10SL,XLJ6265BF-10SL 604 195N,ROHM,Week 4/1996,1996,,4,Supervisor & Reset,BA6129A,6129A 5B68,ROHM,November/1995,1995,November,,,,,,,,,,,,,,,,,,,,,,,,,,,,,,,,,,CR1616,,,,,,,,,,
DMG-WKE-0,Entry #1,ikk5-1,https://gbhwdb.gekkio.fi/cartridges/DMG-WKE-0/ikk5-1.html,ikk5,StarHawk (Europe),DMG-WK-UKV,23,DMG-BEAN-02,I,6,December/1992,1992,December,,ROM,μPD23C1001EAGW,DMG-WKE-0 C1 N-1001EAGW-K08 9301E9701,NEC,Week 1/1993,1993,,1,Mapper,MBC1B1,DMG MBC1B1 Nintendo S 9253 3 A,Sharp,Week 53/1992,1992,,53,,,,,,,,,,,,,,,,,,,,,,,,,,,,,,,,,,,,,,,,,,,,,,,,,,,,,,,,,,,
DMG-WMX-0,Entry #1,tobiasvl-1,https://gbhwdb.gekkio.fi/cartridges/DMG-WMX-0/tobiasvl-1.html,tobiasvl,Mega Man V (Europe) (SGB Enhanced),DMG-WM-EUR,22,DMG-BEAN(K)-02,Hs,1,November/1995,1995,November,,ROM,,DMG-WMX-0 S LH534MWF JAPAN E1 9611 D,Sharp,Week 11/1996,1996,,11,Mapper,MBC1B1,DMG MBC1B1 Nintendo S 9546 3 A,Sharp,Week 46/1995,1995,,46,,,,,,,,,,,,,,,,,,,,,,,,,,,,,,,,,,,,,,,,,,,,,,,,,,,,,,,,,,,
DMG-WSE-1,Entry #1,beckybecky125-1,https://gbhwdb.gekkio.fi/cartridges/DMG-WSE-1/beckybecky125-1.html,beckybecky125,"Star Wars (USA, Europe) (Rev 1)",DMG-WS-USA-1,20A,DMG-BEAN-10,I,2,February/1997,1997,February,,ROM,LH530800A,DMG-WSE-1 S LH531HFE JAPAN C1 9707 E,Sharp,Week 7/1997,1997,,7,Mapper,MBC1B1,DMG MBC1B1 Nintendo S 9652 3 A,Sharp,Week 52/1996,1996,,52,,,,,,,,,,,,,,,,,,,,,,,,,,,,,,,,,,,,,,,,,,,,,,,,,,,,,,,,5d8deb5b,cb1dce08c78c509a876c494d6333f45c,f6563f526fc786c8666d75dfba9e6d42d787ea89,748207e8ee61d86eba84a3ff49b618a1e11c0c3f8ad64dff2f12f3a00f5dd69a
DMG-WSX-1,Entry #1,granmastro-1,https://gbhwdb.gekkio.fi/cartridges/DMG-WSX-1/granmastro-1.html,Granmastro,"Star Wars (USA, Europe) (Rev 1)",DMG-WS-EUR,22A,DMG-BEAN-10,Y,5,January/1997,1997,January,,ROM,LH530800A,DMG-WSX-1 S LH531HFJ JAPAN C1 9704 D,Sharp,Week 4/1997,1997,,4,Mapper,MBC1B1,DMG MBC1B1 Nintendo S 9652 5 A,Sharp,Week 52/1996,1996,,52,,,,,,,,,,,,,,,,,,,,,,,,,,,,,,,,,,,,,,,,,,,,,,,,,,,,,,,,,,,
DMG-WWE-0,Entry #1,gekkio-1,https://gbhwdb.gekkio.fi/cartridges/DMG-WWE-0/gekkio-1.html,gekkio,"Wizards & Warriors X - The Fortress of Fear (USA, Europe)",DMG-WW-UKV,23,DMG-BEAN-01,B,5,November/1990,1990,November,,ROM,LH53514,DMG-WWE-0 S LH5314B4 JAPAN B1 9044 D,Sharp,Week 44/1990,1990,,44,Mapper,MBC1B,DMG MBC1-B Nintendo P 0'09,Panasonic,October/1990,1990,October,,,,,,,,,,,,,,,,,,,,,,,,,,,,,,,,,,,,,,,,,,,,,,,,,,,,,,,,,,,,d671e54e6de85e5a5259ed4167dd46d382aee94a6ea10c849071c86bd070f824
DMG-WWE-0,Entry #1,mattcurrie-1,https://gbhwdb.gekkio.fi/cartridges/DMG-WWE-0/mattcurrie-1.html,mattcurrie,"Wizards & Warriors X - The Fortress of Fear (USA, Europe)",DMG-WW-AUS,05,DMG-BEAN-02,T,2,November/1991,1991,November,,ROM,LH53514,DMG-WWE-0 S LH5314B4 JAPAN B1 9148 D,Sharp,Week 48/1991,1991,,48,Mapper,MBC1B,Nintendo DMG MBC1B N 9147BA076,NEC,Week 47/1991,1991,,47,,,,,,,,,,,,,,,,,,,,,,,,,,,,,,,,,,,,,,,,,,,,,,,,,,,,,,,,,,,
DMG-XAX-0,Entry #1,granmastro-1,https://gbhwdb.gekkio.fi/cartridges/DMG-XAX-0/granmastro-1.html,Granmastro,"Asterix (Europe) (En,Fr,De,Es,It)",DMG-XA-FAH,,DMG-BEAN-02,B,6,August/1993,1993,August,,ROM,μPD23C1001EAGW,STANDARD MICRO DMG-XAX-0 C1 23C1001EAGW-K17 9337E9008,Standard Microsystems Corporation,Week 37/1993,1993,,37,Mapper,MBC1B,DMG MBC1B Nintendo J9328BR,Motorola,Week 28/1993,1993,,28,,,,,,,,,,,,,,,,,,,,,,,,,,,,,,,,,,,,,,,,,,,,,,,,,,,,,,,,,,,
DMG-XCA-0,Entry #1,gekkio-1,https://gbhwdb.gekkio.fi/cartridges/DMG-XCA-0/gekkio-1.html,gekkio,Power Mission (Japan) (En),DMG-XCA,22,DMG-BEAN-01,B,6,June/1990,1990,June,,ROM,LH530800,DMG-XCA-0 S LH5308NJ JAPAN C1 9029 E,Sharp,Week 29/1990,1990,,29,Mapper,MBC1A,DMG MBC1A Nintendo S 9025 1 A,Sharp,Week 25/1990,1990,,25,,,,,,,,,,,,,,,,,,,,,,,,,,,,,,,,,,,,,,,,,,,,,,,,,,,,,,,,,,,31822a8b36bbc6d47c2daa90236ad6c9b1382e8f918336950626f599e2a6425f
DMG-XGE-0,Entry #1,alex-g-1,https://gbhwdb.gekkio.fi/cartridges/DMG-XGE-0/alex-g-1.html,Alex G,"Spider-Man - X-Men - Arcade's Revenge (USA, Europe)",DMG-XG-FAH,22,DMG-BEAN-10,Y,4,December/1996,1996,December,,ROM,LH530800A,DMG-XGE-0 S LH531HPD JAPAN C1 9702 E,Sharp,Week 2/1997,1997,,2,Mapper,MBC1B,DMG MBC1-B Nintendo P 6'D8,Panasonic,December/1996,1996,December,,,,,,,,,,,,,,,,,,,,,,,,,,,,,,,,,,,,,,,,,,,,,,,,,,,,,,,,,1009c6c0,,fb3770e2da5c668d23e5f96a4806a6d3db24eaeb,
DMG-XTX-0,Entry #1,gekkio-1,https://gbhwdb.gekkio.fi/cartridges/DMG-XTX-0/gekkio-1.html,gekkio,Top Ranking Tennis (Europe),DMG-XT-UKV,22,DMG-GDAN-03,I,3,February/1993,1993,February,,ROM,,DMG-XTX-0 S LH532MAI JAPAN D1 9319 D,Sharp,Week 19/1993,1993,,19,Mapper,MBC2A,Nintendo DMG MBC2A N 9126CA032,NEC,Week 26/1991,1991,,26,Supervisor & Reset,BA6129,6129 3443,ROHM,April/1993,1993,April,,,,,,,,,,,,,,,,,,,,,,,,,,,,,,,,,,,,,,,,,,CR1616,93-01,Panasonic,January/1993,1993,January,,,,,f35451551384f5a72037e39b838c65559fa82014569f1f3cc107c2f58043f609
DMG-XTX-0,Entry #1,ikk5-1,https://gbhwdb.gekkio.fi/cartridges/DMG-XTX-0/ikk5-1.html,ikk5,Top Ranking Tennis (Europe),DMG-XT-UKV,22,DMG-GDAN-03,I,3,September/1995,1995,September,,ROM,,DMG-XTX-0 S LH532MA1 JAPAN D1 9537 D,Sharp,Week 37/1995,1995,,37,Mapper,MBC2A,DMG MBC2-A Nintendo P 4'70,Panasonic,July/1994,1994,July,,Supervisor & Reset,MM1026A,528 26A,Mitsumi,1995,1995,,,,,,,,,,,,,,,,,,,,,,,,,,,,,,,,,,,,,,,,,,,CR1616,95-07,,July/1995,1995,July,,,,,
DMG-YKY-0,Entry #1,granmastro-1,https://gbhwdb.gekkio.fi/cartridges/DMG-YKY-0/granmastro-1.html,Granmastro,"Soccer (Europe, Australia) (En,Fr,De) (SGB Enhanced)",DMG-YK-EUR,,DMG-BEAN-10,K,5,November/1997,1997,November,,ROM,LH530800A,DMG-YKY-0 S LH531HW2 JAPAN C1 9746 E,Sharp,Week 46/1997,1997,,46,Mapper,MBC1B1,DMG MBC1B1 Nintendo S 9746 5 A,Sharp,Week 46/1997,1997,,46,,,,,,,,,,,,,,,,,,,,,,,,,,,,,,,,,,,,,,,,,,,,,,,,,,,,,,,,,,,
DMG-YKY-0,Entry #1,issotm-1,https://gbhwdb.gekkio.fi/cartridges/DMG-YKY-0/issotm-1.html,ISSOtm,"Soccer (Europe, Australia) (En,Fr,De) (SGB Enhanced)",DMG-YK-EUR,22,DMG-BEAN-10,I,2,January/1998,1998,January,,ROM,LH530800A,DMG-YKY-0 S LH531HW2 JAPAN C1 9810 E,Sharp,Week 10/1998,1998,,10,Mapper,MBC1B1,DMG MBC1B1 Nintendo S 9752 7 A,Sharp,Week 52/1997,1997,,52,,,,,,,,,,,,,,,,,,,,,,,,,,,,,,,,,,,,,,,,,,,,,,,,,,,,,,,,,,,
DMG-YKY-0,Entry #2,issotm-2,https://gbhwdb.gekkio.fi/cartridges/DMG-YKY-0/issotm-2.html,ISSOtm,"Soccer (Europe, Australia) (En,Fr,De) (SGB Enhanced)",DMG-YK-EUR,,DMG-BEAN-10,I,5,October/1997,1997,October,,ROM,LH530800A,DMG-YKY-0 S LH531HW2 JAPAN C1 9744 E,Sharp,Week 44/1997,1997,,44,Mapper,MBC1B1,DMG MBC1B1 Nintendo S 9743 1 A,Sharp,Week 43/1997,1997,,43,,,,,,,,,,,,,,,,,,,,,,,,,,,,,,,,,,,,,,,,,,,,,,,,,,,,,,,,,,,
DMG-YKY-0,Entry #1,tobiasvl-1,https://gbhwdb.gekkio.fi/cartridges/DMG-YKY-0/tobiasvl-1.html,tobiasvl,"Soccer (Europe, Australia) (En,Fr,De) (SGB Enhanced)",DMG-YK-UKV-1,20,DMG-BEAN(K)-02,Hs,4,March/1996,1996,March,,ROM,LH530800A,DMG-YKY-0 S LH531HW2 JAPAN C1 9615 D,Sharp,Week 15/1996,1996,,15,Mapper,MBC1B,DMG MBC1-B Nintendo P 6'28,Panasonic,February/1996,1996,February,,,,,,,,,,,,,,,,,,,,,,,,,,,,,,,,,,,,,,,,,,,,,,,,,,,,,,,,,,,,
DMG-YOE-0,Entry #1,beckybecky125-1,https://gbhwdb.gekkio.fi/cartridges/DMG-YOE-0/beckybecky125-1.html,beckybecky125,Yoshi (USA),DMG-YO-USA,23,DMG-BEAN-02,I,2,October/1992,1992,October,,ROM,LH53514,DMG-YOE-0 S LH5314DS JAPAN B1 9242 E,Sharp,Week 42/1992,1992,,42,Mapper,MBC1B,DMG MBC1B Nintendo J9234BR,Motorola,Week 34/1992,1992,,34,,,,,,,,,,,,,,,,,,,,,,,,,,,,,,,,,,,,,,,,,,,,,,,,,,,,,,,,f2f4bcca,a8804c8514619cc918960c2008ed65d1,1b6e41c2270ce67e6fe15cc4977ef2debdd6e6ce,a41d3ab34e91fccdf6b4e3a203dbf606d1097b702039fdf2f252cb18c4c9f925
DMG-YOJ-0,Entry #1,marcao-cfh-1,https://gbhwdb.gekkio.fi/cartridges/DMG-YOJ-0/marcao-cfh-1.html,marcao_cfh,Yoshi no Tamago (Japan),DMG-YOJ,23,BBAC S,,,,,,,ROM,,LR0G1701 DMG-YOJ-0 92051,Sharp,Week 5/1992,1992,,5,Mapper,,,,,,,,,,,,,,,,,,,,,,,,,,,,,,,,,,,,,,,,,,,,,,,,,,,,,,,,,,,,,,,,,,
DMG-YOX-0,Entry #1,granmastro-1,https://gbhwdb.gekkio.fi/cartridges/DMG-YOX-0/granmastro-1.html,Granmastro,Mario & Yoshi (Europe),DMG-YO-ITA,,DMG-BEAN(K)-10,Cs,2,November/1996,1996,November,,ROM,LH53517,DMG-YOX-0 S LH5317NK JAPAN B1 9717 D,Sharp,Week 17/1997,1997,,17,Mapper,MBC1B1,DMG MBC1B1 Nintendo S 9714 1 A,Sharp,Week 14/1997,1997,,14,,,,,,,,,,,,,,,,,,,,,,,,,,,,,,,,,,,,,,,,,,,,,,,,,,,,,,,,,,,
DMG-YOX-0,Entry #1,irfon-jones-1,https://gbhwdb.gekkio.fi/cartridges/DMG-YOX-0/irfon-jones-1.html,Irfon Jones,Mario & Yoshi (Europe),DMG-YO-AUS,22,DMG-BEAN-10,K,4,October/1998,1998,October,,ROM,LH53517,DMG-YOX-0 S LH5317NK JAPAN B1 9844 D,Sharp,Week 44/1998,1998,,44,Mapper,MBC1B1,DMG MBC1B1 Nintendo S 9842 1 A,Sharp,Week 42/1998,1998,,42,,,,,,,,,,,,,,,,,,,,,,,,,,,,,,,,,,,,,,,,,,,,,,,,,,,,,,,,,,,
DMG-YTE-0,Entry #1,beckybecky125-1,https://gbhwdb.gekkio.fi/cartridges/DMG-YTE-0/beckybecky125-1.html,beckybecky125,"Donkey Kong Land (USA, Europe) (SGB Enhanced)",DMG-YT-USA-1,00,DMG-DECN-10,I,5,October/1997,1997,October,,ROM,,DMG-YTE-0 S LH5S4MNE JAPAN E1 9747 D,Sharp,Week 47/1997,1997,,47,Mapper,MBC1B1,DMG MBC1B1 Nintendo S 9746 5 A,Sharp,Week 46/1997,1997,,46,RAM,LH5168N-10PL,LH5168N-10PL MOSEL-VITELIC JAPAN N745 04 BH,Mosel-Vitelic,Week 45/1997,1997,,45,Supervisor & Reset,BA6129A,6129A 7B30,ROHM,November/1997,1997,November,,,,,,,,,,,,,,,,,,,,,,,,,,,,,,,,,,CR1616,97-11,,November/1997,1997,November,,49dc0d37,89bb0d67d5af35c2ebf09d9aef2e34ad,4e6d8f085ca197479d59912c1d58e4f3b40c28ac,eaf831ddd75e7cbc9990e478a139ac162034c03377670fdb79615a9aa2cc570d
DMG-YTE-0,Entry #1,gekkio-1,https://gbhwdb.gekkio.fi/cartridges/DMG-YTE-0/gekkio-1.html,gekkio,"Donkey Kong Land (USA, Europe) (SGB Enhanced)",DMG-YT-EUR,22,DMG-DECN-10,K,3,August/1998,1998,August,,ROM,,DMG-YTE-0 S LH5S4MNE JAPAN E1 9841 D,Sharp,Week 41/1998,1998,,41,Mapper,MBC1B,DMG MBC1-B Nintendo P 8'91,Panasonic,September/1998,1998,September,,RAM,LH5164AN-10L,LH5164AN-10L SHARP JAPAN 9811 3 DB,Sharp,Week 11/1998,1998,,11,Supervisor & Reset,BA6129A,6129A 8912,ROHM,September/1998,1998,September,,,,,,,,,,,,,,,,,,,,,,,,,,,,,,,,,,CR1616,,,,,,,,,,eaf831ddd75e7cbc9990e478a139ac162034c03377670fdb79615a9aa2cc570d
DMG-YTE-0,Entry #1,granmastro-1,https://gbhwdb.gekkio.fi/cartridges/DMG-YTE-0/granmastro-1.html,Granmastro,"Donkey Kong Land (USA, Europe) (SGB Enhanced)",DMG-YT-NOE,,DMG-DECN-02,Y,1,November/1995,1995,November,,ROM,μPD23C4001EJGW,DMG-YTE-0 E1 N-4001EJGW-J16 9616K7050,NEC,Week 16/1996,1996,,16,Mapper,MBC1B,DMG MBC1-B Nintendo P 6'32,Panasonic,March/1996,1996,March,,RAM,HY6264ALLJ-10,HY6264A LLJ-10 9548B KOREA,Hyundai,Week 48/1995,1995,,48,Supervisor & Reset,MM1026A,609 26A,Mitsumi,1996,1996,,,,,,,,,,,,,,,,,,,,,,,,,,,,,,,,,,,CR1616,,,,,,,,,,
DMG-YTE-0,Entry #1,ikk5-1,https://gbhwdb.gekkio.fi/cartridges/DMG-YTE-0/ikk5-1.html,ikk5,"Donkey Kong Land (USA, Europe) (SGB Enhanced)",DMG-YT-FAH,22,DMG-DECN-02,I,6,July/1995,1995,July,,ROM,,DMG-YTE-0 S LH534MY9 JAPAN E1 9534 D,Sharp,Week 34/1995,1995,,34,Mapper,MBC1B1,DMG MBC1B1 Nintendo S 9532 1 A,Sharp,Week 32/1995,1995,,32,RAM,XLJ6265BF-10SL,XLJ6265BF-10SL 531 103N,ROHM,Week 31/1995,1995,,31,Supervisor & Reset,BA6129A,6129A 5777,ROHM,July/1995,1995,July,,,,,,,,,,,,,,,,,,,,,,,,,,,,,,,,,,CR1616,95-06,,June/1995,1995,June,,,,,
DMG-YTE-0,Entry #1,irfon-jones-1,https://gbhwdb.gekkio.fi/cartridges/DMG-YTE-0/irfon-jones-1.html,Irfon Jones,"Donkey Kong Land (USA, Europe) (SGB Enhanced)",DMG-YT-AUS,22,DMG-DECN(K)-02,Hs,2,January/1996,1996,January,,ROM,μPD23C4001EJGW,DMG-YTE-0 E1 N-4001EJGW-J16 9604K7007,NEC,Week 4/1996,1996,,4,Mapper,MBC1B1,DMG MBC1B1 Nintendo S 9549 3 A,Sharp,Week 49/1995,1995,,49,RAM,HY6264ALLJ-10,HY6264A LLJ-10 9540B KOREA,Hyundai,Week 40/1995,1995,,40,Supervisor & Reset,BA6129A,6129A 6194,ROHM,January/1996,1996,January,,,,,,,,,,,,,,,,,,,,,,,,,,,,,,,,,,CR1616,,,,,,,,,,
DMG-YTE-0,Entry #1,mattcurrie-1,https://gbhwdb.gekkio.fi/cartridges/DMG-YTE-0/mattcurrie-1.html,mattcurrie,"Donkey Kong Land (USA, Europe) (SGB Enhanced)",DMG-YT-AUS,22,DMG-DECN-10,I,1,October/1997,1997,October,,ROM,,DMG-YTE-0 S LH5S4MNE JAPAN E1 9749 D,Sharp,Week 49/1997,1997,,49,Mapper,MBC1B1,DMG MBC1B1 Nintendo S 9743 1 A,Sharp,Week 43/1997,1997,,43,RAM,LH5168N-10PL,LH5168N-10PL MOSEL-VITELIC JAPAN N745 1D BH,Mosel-Vitelic,Week 45/1997,1997,,45,Supervisor & Reset,BA6129A,6129A 7B23,ROHM,November/1997,1997,November,,,,,,,,,,,,,,,,,,,,,,,,,,,,,,,,,,CR1616,,,,,,,,,,
DMG-YTJ-0,Entry #1,gekkio-1,https://gbhwdb.gekkio.fi/cartridges/DMG-YTJ-0/gekkio-1.html,gekkio,Super Donkey Kong GB (Japan) (SGB Enhanced),DMG-YTJ-JPN,00,DMG-DECN-10,Y,2,July/1997,1997,July,,ROM,,DMG-YTJ-0 S LH534MYE JAPAN E1 9730 E,Sharp,Week 30/1997,1997,,30,Mapper,MBC1B1,DMG MBC1B1 Nintendo S 9729 3 A,Sharp,Week 29/1997,1997,,29,RAM,HY6264ALLJ-10,HY6264A LLJ-10 9702B KOREA,Hyundai,Week 2/1997,1997,,2,Supervisor & Reset,BA6129A,6129A 7727,ROHM,July/1997,1997,July,,,,,,,,,,,,,,,,,,,,,,,,,,,,,,,,,,CR1616,97-07,Panasonic,July/1997,1997,July,,,,,2aa98088f22cf9affc314bf526558f1f458471d9323c8d4f9830188627f555b9
DMG-ZAA-0,Entry #1,smelly-ghost-1,https://gbhwdb.gekkio.fi/cartridges/DMG-ZAA-0/smelly-ghost-1.html,Smelly-Ghost,Chikyuu Kaihou Gun ZAS (Japan) (En),DMG-ZAA,23,DMG-BEAN-02,B,3,November/1992,1992,November,,ROM,μPD23C1001EAGW,STANDARD MICRO DMG-ZAA-0 C1 23C1001EAGW-J86 9244E9003,Standard Microsystems Corporation,Week 44/1992,1992,,44,Mapper,MBC1B,Nintendo DMG MBC1B N 9245BA001,NEC,Week 45/1992,1992,,45,,,,,,,,,,,,,,,,,,,,,,,,,,,,,,,,,,,,,,,,,,,,,,,,,,,,,,,,,,,8b5f5f3f615136b83a5f8b60ba5cf1ba32048dd0a6ddfa127c1ad3a024c7de5b
DMG-ZKE-0,Entry #1,3615retro-1,https://gbhwdb.gekkio.fi/cartridges/DMG-ZKE-0/3615retro-1.html,3615Retro,"Tarzan - Lord of the Jungle (USA, Europe)",DMG-ZK-EUR,22,DMG-BEAN(K)-10,Cs,1,November/1996,1996,November,,ROM,LH530800A,DMG-ZKE-0 S LH531HWA JAPAN C1 9716 E,Sharp,Week 16/1997,1997,,16,Mapper,MBC1B,DMG MBC1-B Nintendo P 7'17,Panasonic,January/1997,1997,January,,,,,,,,,,,,,,,,,,,,,,,,,,,,,,,,,,,,,,,,,,,,,,,,,,,,,,,,,c2f50fb3,3485e210e798df389e4ffc1270f86382,eaff826c9256358d7920de3956a8ab563d004d51,731385527be39125a2044edbc46da9f5d9bc48cff7e320b213c45d77c5069067
DMG-ZLE-0,Entry #1,gekkio-1,https://gbhwdb.gekkio.fi/cartridges/DMG-ZLE-0/gekkio-1.html,gekkio,"Legend of Zelda, The - Link's Awakening (USA, Europe)",DMG-ZL-UKV,23,DMG-DECN-02,I,3,June/1993,1993,June,,ROM,μPD23C4001EAGW,DMG-ZLE-0 E1 N-4001EAGW-J14 9329X7007,NEC,Week 29/1993,1993,,29,Mapper,MBC1B,Nintendo DMG MBC1B N 9247BA025,NEC,Week 47/1992,1992,,47,RAM,HY6264ALLJ-10,HYUNDAI HY6264ALLJ-10 9327B KOREA,Hyundai,Week 27/1993,1993,,27,Supervisor & Reset,BA6129,6129 3748,ROHM,July/1993,1993,July,,,,,,,,,,,,,,,,,,,,,,,,,,,,,,,,,,CR1616,,,,,,,,,,21f712e213f43f9efb93ca039a5190fc09325d5d932af1fb2f8e90b4f9fd169f
DMG-ZLE-0,Entry #1,granmastro-1,https://gbhwdb.gekkio.fi/cartridges/DMG-ZLE-0/granmastro-1.html,Granmastro,"Legend of Zelda, The - Link's Awakening (USA, Europe)",DMG-ZL-USA,22,DMG-DECN-02,I,1,June/1993,1993,June,,ROM,,JAPAN DMG-ZLE-0 E1 38M BK 9325 R26,Fujitsu,Week 25/1993,1993,,25,Mapper,MBC1B1,DMG MBC1B1 Nintendo S 9217 5 A,Sharp,Week 17/1992,1992,,17,RAM,LH5168NFB-10TL,LH5168NFB-10TL LSI LOGIC JAPAN D307 3 BD,LSI Logic,Week 7/1993,1993,,7,Supervisor & Reset,MM1026A,365 26A,Mitsumi,1993,1993,,,,,,,,,,,,,,,,,,,,,,,,,,,,,,,,,,,CR1616,,,,,,,,,,
DMG-ZLE-0,Entry #1,max-m-1,https://gbhwdb.gekkio.fi/cartridges/DMG-ZLE-0/max-m-1.html,max-m,"Legend of Zelda, The - Link's Awakening (USA, Europe)",DMG-ZL-USA,22,DMG-DECN-02,B,3,June/1993,1993,June,,ROM,μPD23C4001EAGW,DMG-ZLE-0 E1 N-4001EAGW-J14 9325X9700,NEC,Week 25/1993,1993,,25,Mapper,MBC1B,DMG MBC1-B Nintendo P 3'33,Panasonic,March/1993,1993,March,,RAM,HY6264ALLJ-10,HYUNDAI HY6264ALLJ-10 9314B KOREA,Hyundai,Week 14/1993,1993,,14,Supervisor & Reset,MM1026A,346 26A,Mitsumi,1993,1993,,,,,,,,,,,,,,,,,,,,,,,,,,,,,,,,,,,CR1616,,,,,,,,,,
DMG-ZLE-2,Entry #1,beckybecky125-1,https://gbhwdb.gekkio.fi/cartridges/DMG-ZLE-2/beckybecky125-1.html,beckybecky125,"Legend of Zelda, The - Link's Awakening (USA, Europe) (Rev 2)",DMG-ZL-USA-3,00B,DMG-DECN-10,Y,6,October/1997,1997,October,,ROM,μPD23C4001EJGW,DMG-ZLE-2 E1 N-4001EJGW-J59 9834E7013,NEC,Week 34/1998,1998,,34,Mapper,MBC1B1,DMG MBC1B1 Nintendo S 9831 1 A,Sharp,Week 31/1998,1998,,31,RAM,HY6264ALLJ-10,HY6264A LLJ-10 9824B KOREA,Hyundai,Week 24/1998,1998,,24,Supervisor & Reset,BA6129A,6129A 8R42,ROHM,1998,1998,,,,,,,,,,,,,,,,,,,,,,,,,,,,,,,,,,,CR1616,98-05,Sony,May/1998,1998,May,,,,,
DMG-ZLF-0,Entry #1,3615retro-1,https://gbhwdb.gekkio.fi/cartridges/DMG-ZLF-0/3615retro-1.html,3615Retro,"Legend of Zelda, The - Link's Awakening (France)",DMG-ZL-FRA,23,DMG-DECN-02,I,3,October/1993,1993,October,,ROM,,DMG-ZLF-0 S LH534MNC JAPAN E1 9346 E,Sharp,Week 46/1993,1993,,46,Mapper,MBC1B,DMG MBC1-B Nintendo P 3'85,Panasonic,August/1993,1993,August,,RAM,HY6264ALLJ-10,HYUNDAI HY6264ALLJ-10 9336B KOREA,Hyundai,Week 36/1993,1993,,36,Supervisor & Reset,BA6129,6129 3A96,ROHM,October/1993,1993,October,,,,,,,,,,,,,,,,,,,,,,,,,,,,,,,,,,CR1616,,,,,,,bf2ab18b,5bc0913d533000522c7c9cac1ef6f97f,af93e1b3140f61fcd614f1ef9266d6892224767f,b0f366203a3a5622f0948e294703c4cdbe716589d0ba505b59b78112c90cc5fa
DMG-ZLF-0,Entry #1,kurodo-1,https://gbhwdb.gekkio.fi/cartridges/DMG-ZLF-0/kurodo-1.html,Kurodo,"Legend of Zelda, The - Link's Awakening (France)",DMG-ZL-FRA,22,DMG-DECN-10,K,1,September/1997,1997,September,,ROM,,DMG-ZLF-0 S LH5S4MNF JAPAN E1 9739 E,Sharp,Week 39/1997,1997,,39,Mapper,MBC1B,DMG MBC1-B Nintendo P 7'98,Panasonic,September/1997,1997,September,,RAM,BR6265BF-10SL,BR6265BF-10SL 737 189N,ROHM,Week 37/1997,1997,,37,Supervisor & Reset,MM1026A,736 26A,Mitsumi,1997,1997,,,,,,,,,,,,,,,,,,,,,,,,,,,,,,,,,,,CR1616,,,,,,,,,,
DMG-ZLJ-0,Entry #1,gdsn-1,https://gbhwdb.gekkio.fi/cartridges/DMG-ZLJ-0/gdsn-1.html,gdsn,Zelda no Densetsu - Yume o Miru Shima (Japan),DMG-ZLJ,23,DMG-DECN-02,I,1,May/1993,1993,May,,ROM,,JAPAN DMG-ZLJ-0 E1 58T AK 9321 R32,Fujitsu,Week 21/1993,1993,,21,Mapper,MBC1B1,DMG MBC1B1 Nintendo S 9212 3 A,Sharp,Week 12/1992,1992,,12,RAM,LH5168NFB-10TL,LH5168NFB-10TL LSI LOGIC JAPAN D306 5 BD,LSI Logic,Week 6/1993,1993,,6,Supervisor & Reset,BA6129,6129 3197,ROHM,January/1993,1993,January,,,,,,,,,,,,,,,,,,,,,,,,,,,,,,,,,,CR1616,,,,,,,,,,
DMG-ZLJ-0,Entry #1,louhike-1,https://gbhwdb.gekkio.fi/cartridges/DMG-ZLJ-0/louhike-1.html,Louhike,Zelda no Densetsu - Yume o Miru Shima (Japan),DMG-ZLJ,22,DMG-DECN-02,B,2,March/1993,1993,March,,ROM,,DMG-ZLJ-0 S LH534MN6 JAPAN E1 9321 E,Sharp,Week 21/1993,1993,,21,Mapper,MBC1B,DMG MBC1-B Nintendo P 3'18,Panasonic,January/1993,1993,January,,RAM,HY6264ALLJ-10,HYUNDAI HY6264ALLJ-10 9310A KOREA,Hyundai,Week 10/1993,1993,,10,Supervisor & Reset,MM1026A,325 26A,Mitsumi,1993,1993,,,,,,,,,,,,,,,,,,,,,,,,,,,,,,,,,,,CR1616,,,,,,,,,,
DMG-ZLJ-0,Entry #1,marcao-cfh-1,https://gbhwdb.gekkio.fi/cartridges/DMG-ZLJ-0/marcao-cfh-1.html,marcao_cfh,Zelda no Densetsu - Yume o Miru Shima (Japan),DMG-ZLJ,,DMG-DECN-02,I,3,May/1993,1993,May,,ROM,,JAPAN DMG-ZLJ-0 E1 58T AK 9321 R25,Fujitsu,Week 21/1993,1993,,21,Mapper,MBC1B,DMG MBC1B Nintendo J9316BR,Motorola,Week 16/1993,1993,,16,RAM,HY6264ALLJ-10,HYUNDAI HY6264ALLJ-10 9314B KOREA,Hyundai,Week 14/1993,1993,,14,Supervisor & Reset,MM1026A,325 26A,Mitsumi,1993,1993,,,,,,,,,,,,,,,,,,,,,,,,,,,,,,,,,,,CR1616,93-02,,February/1993,1993,February,,,,,
DMG-ZZJ-0,Entry #1,marcao-cfh-1,https://gbhwdb.gekkio.fi/cartridges/DMG-ZZJ-0/marcao-cfh-1.html,marcao_cfh,Shanghai (Japan) (Activision),DMG-ZZJ-1,,DMG-AAA-03,I,6,August/1996,1996,August,,ROM,LH53259,DMG-ZZJ-0 S LH5359RE JAPAN A0 9635 D,Sharp,Week 35/1996,1996,,35,,,,,,,,,,,,,,,,,,,,,,,,,,,,,,,,,,,,,,,,,,,,,,,,,,,,,,,,,,,,,,,,,,,
